run_dir,checkpoint_path,teammate_embed_dim,objective_hidden_dim,set_hidden_dim,fusion_hidden_dim,objective_num_layers,ff_expansion,num_set_blocks,dropout,learning_rate,weight_decay,batch_size,label_mapping_enabled,best_epoch,stop_reason,val_accuracy,val_macro_f1,val_weighted_f1,test_accuracy,test_macro_f1,test_weighted_f1,best_val_loss,best_val_macro_f1_during_training
/home/cmantill/narrador-futbol/experiments/positions/grid_search_outputs/20260426_195856/runs/run_120_h128_objh128_te64_fu128_obj2_ff4_blocks5_drop0p3_lr0p0005_wd0p001,/home/cmantill/narrador-futbol/experiments/positions/grid_search_outputs/20260426_195856/runs/run_120_h128_objh128_te64_fu128_obj2_ff4_blocks5_drop0p3_lr0p0005_wd0p001/best_model.pt,64,128,128,128,2,4,5,0.3,0.0005,0.001,512,True,4,early_stopping_val_loss_overfit_patience_3,0.6168492244357863,0.5930728352024786,0.6207047585636917,0.5170363926344788,0.4892726490974541,0.5095543773790245,1.5744598927321258,0.5930728352024786
/home/cmantill/narrador-futbol/experiments/positions/grid_search_outputs/20260426_195856/runs/run_342_h256_objh256_te128_fu256_obj1_ff2_blocks5_drop0p3_lr0p0005_wd0p001,/home/cmantill/narrador-futbol/experiments/positions/grid_search_outputs/20260426_195856/runs/run_342_h256_objh256_te128_fu256_obj1_ff2_blocks5_drop0p3_lr0p0005_wd0p001/best_model.pt,128,256,256,256,1,2,5,0.3,0.0005,0.001,512,True,2,early_stopping_val_loss_overfit_patience_3,0.6250091891494524,0.5929220039168303,0.6280206423814944,0.5616209946353486,0.5202094335249539,0.5371395724431749,2.04174738018601,0.5929220039168303
/home/cmantill/narrador-futbol/experiments/positions/grid_search_outputs/20260426_195856/runs/run_290_h256_objh256_te128_fu256_obj1_ff2_blocks3_drop0p2_lr0p0005_wd0p0005,/home/cmantill/narrador-futbol/experiments/positions/grid_search_outputs/20260426_195856/runs/run_290_h256_objh256_te128_fu256_obj1_ff2_blocks3_drop0p2_lr0p0005_wd0p0005/best_model.pt,128,256,256,256,1,2,3,0.2,0.0005,0.0005,512,True,1,early_stopping_val_macro_f1_patience_3,0.6172903036094979,0.5927184268022307,0.6209550491137461,0.5758300710453821,0.5461344516487675,0.5586672162702656,1.784124696696246,0.5927184268022307
/home/cmantill/narrador-futbol/experiments/positions/grid_search_outputs/20260426_195856/runs/run_082_h128_objh128_te64_fu128_obj1_ff4_blocks4_drop0p25_lr0p0005_wd0p0005,/home/cmantill/narrador-futbol/experiments/positions/grid_search_outputs/20260426_195856/runs/run_082_h128_objh128_te64_fu128_obj1_ff4_blocks4_drop0p25_lr0p0005_wd0p0005/best_model.pt,64,128,128,128,1,4,4,0.25,0.0005,0.0005,512,True,2,early_stopping_val_loss_overfit_patience_3,0.6157465265015071,0.5868390711276675,0.6178378369075876,0.5342902711323764,0.49469481409115396,0.5091771449720872,1.6449785784438804,0.5868390711276675
/home/cmantill/narrador-futbol/experiments/positions/grid_search_outputs/20260426_195856/runs/run_266_h256_objh256_te128_fu256_obj1_ff2_blocks3_drop0p15_lr0p0005_wd0p0001,/home/cmantill/narrador-futbol/experiments/positions/grid_search_outputs/20260426_195856/runs/run_266_h256_objh256_te128_fu256_obj1_ff2_blocks3_drop0p15_lr0p0005_wd0p0001/best_model.pt,128,256,256,256,1,2,3,0.15,0.0005,0.0001,512,True,1,early_stopping_val_macro_f1_patience_3,0.6147908549584651,0.5862440785887867,0.6134792849800966,0.5732202406843555,0.54657251576348,0.5563528449188698,1.7817620988245364,0.5862440785887867
/home/cmantill/narrador-futbol/experiments/positions/grid_search_outputs/20260426_195856/runs/run_160_h192_objh256_te128_fu256_obj2_ff2_blocks4_drop0p15_lr0p0005_wd0p0001,/home/cmantill/narrador-futbol/experiments/positions/grid_search_outputs/20260426_195856/runs/run_160_h192_objh256_te128_fu256_obj2_ff2_blocks4_drop0p15_lr0p0005_wd0p0001/best_model.pt,128,256,192,256,2,2,4,0.15,0.0005,0.0001,512,True,1,early_stopping_val_macro_f1_patience_3,0.6178048959788282,0.5860681659666089,0.6186585592841817,0.581267217630854,0.5435770739598244,0.5557940343827761,1.928177292700167,0.5860681659666089
/home/cmantill/narrador-futbol/experiments/positions/grid_search_outputs/20260426_195856/runs/run_334_h256_objh256_te128_fu256_obj2_ff4_blocks4_drop0p25_lr0p0005_wd0p0005,/home/cmantill/narrador-futbol/experiments/positions/grid_search_outputs/20260426_195856/runs/run_334_h256_objh256_te128_fu256_obj2_ff4_blocks4_drop0p25_lr0p0005_wd0p0005/best_model.pt,128,256,256,256,2,4,4,0.25,0.0005,0.0005,512,True,2,early_stopping_val_macro_f1_patience_3,0.623171359258987,0.5850541389053197,0.6123643826981651,0.5350152240104393,0.5075936034014981,0.527915509856514,1.894080537336844,0.5850541389053197
/home/cmantill/narrador-futbol/experiments/positions/grid_search_outputs/20260426_195856/runs/run_159_h192_objh256_te128_fu256_obj2_ff2_blocks4_drop0p15_lr0p001_wd0p0001,/home/cmantill/narrador-futbol/experiments/positions/grid_search_outputs/20260426_195856/runs/run_159_h192_objh256_te128_fu256_obj2_ff2_blocks4_drop0p15_lr0p001_wd0p0001/best_model.pt,128,256,192,256,2,2,4,0.15,0.001,0.0001,512,True,1,early_stopping_val_macro_f1_patience_3,0.6177313827832096,0.5846497502539116,0.6169498703865803,0.5503842250253733,0.5105961183247313,0.5176401424515666,2.1439914217701665,0.5846497502539116
/home/cmantill/narrador-futbol/experiments/positions/grid_search_outputs/20260426_195856/runs/run_006_h128_objh128_te64_fu128_obj1_ff2_blocks5_drop0p1_lr0p0005_wd0p0001,/home/cmantill/narrador-futbol/experiments/positions/grid_search_outputs/20260426_195856/runs/run_006_h128_objh128_te64_fu128_obj1_ff2_blocks5_drop0p1_lr0p0005_wd0p0001/best_model.pt,64,128,128,128,1,2,5,0.1,0.0005,0.0001,512,True,1,early_stopping_val_macro_f1_patience_3,0.6200838050430052,0.5844723450434977,0.6187670963614912,0.5735827171233869,0.5432951813750648,0.5503574803268055,1.5093925484904536,0.5844723450434977
/home/cmantill/narrador-futbol/experiments/positions/grid_search_outputs/20260426_195856/runs/run_234_h192_objh256_te128_fu256_obj2_ff2_blocks5_drop0p3_lr0p0005_wd0p001,/home/cmantill/narrador-futbol/experiments/positions/grid_search_outputs/20260426_195856/runs/run_234_h192_objh256_te128_fu256_obj2_ff2_blocks5_drop0p3_lr0p0005_wd0p001/best_model.pt,128,256,192,256,2,2,5,0.3,0.0005,0.001,512,True,2,early_stopping_val_loss_overfit_patience_3,0.6113357347643902,0.5833564012440883,0.6164593548300982,0.5416847904886183,0.522535417743426,0.5296482114732707,1.5346269364710208,0.5833564012440883
/home/cmantill/narrador-futbol/experiments/positions/grid_search_outputs/20260426_195856/runs/run_372_h256_objh384_te256_fu384_obj1_ff4_blocks5_drop0p1_lr0p0005_wd0p0001,/home/cmantill/narrador-futbol/experiments/positions/grid_search_outputs/20260426_195856/runs/run_372_h256_objh384_te256_fu384_obj1_ff4_blocks5_drop0p1_lr0p0005_wd0p0001/best_model.pt,256,384,256,384,1,4,5,0.1,0.0005,0.0001,512,True,1,early_stopping_val_macro_f1_patience_3,0.618025435565684,0.5827945916643353,0.6131259527923467,0.6180223285486444,0.595535997480101,0.6065672460053362,1.767204432575791,0.5827945916643353
/home/cmantill/narrador-futbol/experiments/positions/grid_search_outputs/20260426_195856/runs/run_106_h128_objh128_te64_fu128_obj1_ff4_blocks4_drop0p3_lr0p0005_wd0p001,/home/cmantill/narrador-futbol/experiments/positions/grid_search_outputs/20260426_195856/runs/run_106_h128_objh128_te64_fu128_obj1_ff4_blocks4_drop0p3_lr0p0005_wd0p001/best_model.pt,64,128,128,128,1,4,4,0.3,0.0005,0.001,512,True,3,early_stopping_val_loss_overfit_patience_3,0.6141292361978975,0.581714791334286,0.6106247056923707,0.5529940553863999,0.5158619221689668,0.531773060013913,1.5170815255906847,0.581714791334286
/home/cmantill/narrador-futbol/experiments/positions/grid_search_outputs/20260426_195856/runs/run_184_h192_objh256_te128_fu256_obj2_ff2_blocks4_drop0p2_lr0p0005_wd0p0005,/home/cmantill/narrador-futbol/experiments/positions/grid_search_outputs/20260426_195856/runs/run_184_h192_objh256_te128_fu256_obj2_ff2_blocks4_drop0p2_lr0p0005_wd0p0005/best_model.pt,128,256,192,256,2,2,4,0.2,0.0005,0.0005,512,True,1,early_stopping_val_macro_f1_patience_3,0.6149378813497023,0.581357176878749,0.6162141909513289,0.5571987820791648,0.5199163440042885,0.5335185880061293,1.8977852706555967,0.581357176878749
/home/cmantill/narrador-futbol/experiments/positions/grid_search_outputs/20260426_195856/runs/run_058_h128_objh128_te64_fu128_obj1_ff4_blocks4_drop0p2_lr0p0005_wd0p0005,/home/cmantill/narrador-futbol/experiments/positions/grid_search_outputs/20260426_195856/runs/run_058_h128_objh128_te64_fu128_obj1_ff4_blocks4_drop0p2_lr0p0005_wd0p0005/best_model.pt,64,128,128,128,1,4,4,0.2,0.0005,0.0005,512,True,2,early_stopping_val_loss_overfit_patience_3,0.6097919576563994,0.5788111160816268,0.6091550465917013,0.5444396114252573,0.5011760481060107,0.5183757450354968,1.6083207152507923,0.5788111160816268
/home/cmantill/narrador-futbol/experiments/positions/grid_search_outputs/20260426_195856/runs/run_192_h192_objh256_te128_fu256_obj2_ff4_blocks5_drop0p2_lr0p0005_wd0p0005,/home/cmantill/narrador-futbol/experiments/positions/grid_search_outputs/20260426_195856/runs/run_192_h192_objh256_te128_fu256_obj2_ff4_blocks5_drop0p2_lr0p0005_wd0p0005/best_model.pt,128,256,192,256,2,4,5,0.2,0.0005,0.0005,512,True,1,early_stopping_val_macro_f1_patience_3,0.6117768139381019,0.5779664453228419,0.6118564779576406,0.5882992605480644,0.5588696622599116,0.5656353824120209,1.7742850912941828,0.5779664453228419
/home/cmantill/narrador-futbol/experiments/positions/grid_search_outputs/20260426_195856/runs/run_075_h128_objh128_te64_fu128_obj1_ff2_blocks4_drop0p25_lr0p001_wd0p0005,/home/cmantill/narrador-futbol/experiments/positions/grid_search_outputs/20260426_195856/runs/run_075_h128_objh128_te64_fu128_obj1_ff2_blocks4_drop0p25_lr0p001_wd0p0005/best_model.pt,64,128,128,128,1,2,4,0.25,0.001,0.0005,512,True,1,early_stopping_val_macro_f1_patience_3,0.6068514298316547,0.5766804710939646,0.6060429563967699,0.5724952878062926,0.5368133374792061,0.550302219889355,1.8474502210263852,0.5766804710939646
/home/cmantill/narrador-futbol/experiments/positions/grid_search_outputs/20260426_195856/runs/run_102_h128_objh128_te64_fu128_obj1_ff2_blocks5_drop0p3_lr0p0005_wd0p001,/home/cmantill/narrador-futbol/experiments/positions/grid_search_outputs/20260426_195856/runs/run_102_h128_objh128_te64_fu128_obj1_ff2_blocks5_drop0p3_lr0p0005_wd0p001/best_model.pt,64,128,128,128,1,2,5,0.3,0.0005,0.001,512,True,3,early_stopping_val_loss_overfit_patience_3,0.5936190546203044,0.575894047156838,0.5967377986229855,0.5231984920980136,0.4918447415356232,0.5072318960286851,1.604043717737551,0.575894047156838
/home/cmantill/narrador-futbol/experiments/positions/grid_search_outputs/20260426_195856/runs/run_210_h192_objh256_te128_fu256_obj2_ff2_blocks5_drop0p25_lr0p0005_wd0p0005,/home/cmantill/narrador-futbol/experiments/positions/grid_search_outputs/20260426_195856/runs/run_210_h192_objh256_te128_fu256_obj2_ff2_blocks5_drop0p25_lr0p0005_wd0p0005/best_model.pt,128,256,192,256,2,2,5,0.25,0.0005,0.0005,512,True,2,early_stopping_val_loss_overfit_patience_3,0.6046460339630964,0.5756969094440543,0.6059315056717027,0.5416847904886183,0.5172453295909921,0.5305636841196757,1.5503670595310353,0.5756969094440543
/home/cmantill/narrador-futbol/experiments/positions/grid_search_outputs/20260426_195856/runs/run_034_h128_objh128_te64_fu128_obj1_ff4_blocks4_drop0p15_lr0p0005_wd0p0001,/home/cmantill/narrador-futbol/experiments/positions/grid_search_outputs/20260426_195856/runs/run_034_h128_objh128_te64_fu128_obj1_ff4_blocks4_drop0p15_lr0p0005_wd0p0001/best_model.pt,64,128,128,128,1,4,4,0.15,0.0005,0.0001,512,True,3,early_stopping_val_loss_overfit_patience_3,0.5947217525545836,0.574877846831391,0.5977735802687478,0.5392924459910106,0.512069207590644,0.5318383945192635,1.7636729964503535,0.574877846831391
/home/cmantill/narrador-futbol/experiments/positions/grid_search_outputs/20260426_195856/runs/run_236_h192_objh256_te128_fu256_obj2_ff4_blocks3_drop0p3_lr0p0005_wd0p001,/home/cmantill/narrador-futbol/experiments/positions/grid_search_outputs/20260426_195856/runs/run_236_h192_objh256_te128_fu256_obj2_ff4_blocks3_drop0p3_lr0p0005_wd0p001/best_model.pt,128,256,192,256,2,4,3,0.3,0.0005,0.001,512,True,2,early_stopping_val_loss_overfit_patience_3,0.6175843563919724,0.5741402196300575,0.612912328898445,0.533202841815282,0.49451097644277814,0.5116317236744311,1.8234647534511708,0.5741402196300575
/home/cmantill/narrador-futbol/experiments/positions/grid_search_outputs/20260426_195856/runs/run_101_h128_objh128_te64_fu128_obj1_ff2_blocks5_drop0p3_lr0p001_wd0p001,/home/cmantill/narrador-futbol/experiments/positions/grid_search_outputs/20260426_195856/runs/run_101_h128_objh128_te64_fu128_obj1_ff2_blocks5_drop0p3_lr0p001_wd0p001/best_model.pt,64,128,128,128,1,2,5,0.3,0.001,0.001,512,True,2,early_stopping_val_loss_overfit_patience_3,0.6015584797471146,0.5728356800570349,0.6005290704956058,0.5778599391039583,0.538858150674097,0.5530924587673571,1.6805798786657828,0.5728356800570349
/home/cmantill/narrador-futbol/experiments/positions/grid_search_outputs/20260426_195856/runs/run_168_h192_objh256_te128_fu256_obj2_ff4_blocks5_drop0p15_lr0p0005_wd0p0001,/home/cmantill/narrador-futbol/experiments/positions/grid_search_outputs/20260426_195856/runs/run_168_h192_objh256_te128_fu256_obj2_ff4_blocks5_drop0p15_lr0p0005_wd0p0001/best_model.pt,128,256,192,256,2,4,5,0.15,0.0005,0.0001,512,True,1,early_stopping_val_macro_f1_patience_3,0.6142762625891347,0.5721295401341701,0.6114310881275481,0.5793098448600841,0.5461238110773633,0.5554885172288765,1.662636065924609,0.5721295401341701
/home/cmantill/narrador-futbol/experiments/positions/grid_search_outputs/20260426_195856/runs/run_314_h256_objh256_te128_fu256_obj1_ff2_blocks3_drop0p25_lr0p0005_wd0p0005,/home/cmantill/narrador-futbol/experiments/positions/grid_search_outputs/20260426_195856/runs/run_314_h256_objh256_te128_fu256_obj1_ff2_blocks3_drop0p25_lr0p0005_wd0p0005/best_model.pt,128,256,256,256,1,2,3,0.25,0.0005,0.0005,512,True,1,early_stopping_val_macro_f1_patience_3,0.5996471366610306,0.5712730860394267,0.5999868980172459,0.5933014354066986,0.5622970743053213,0.5742103565759582,1.7671151646861323,0.5712730860394267
/home/cmantill/narrador-futbol/experiments/positions/grid_search_outputs/20260426_195856/runs/run_084_h128_objh128_te64_fu128_obj1_ff4_blocks5_drop0p25_lr0p0005_wd0p0005,/home/cmantill/narrador-futbol/experiments/positions/grid_search_outputs/20260426_195856/runs/run_084_h128_objh128_te64_fu128_obj1_ff4_blocks5_drop0p25_lr0p0005_wd0p0005/best_model.pt,64,128,128,128,1,4,5,0.25,0.0005,0.0005,512,True,1,early_stopping_val_macro_f1_patience_3,0.6040579283981474,0.5704861269648439,0.6044771532977039,0.5897491663041903,0.5676716516358479,0.571301083118416,1.4664092704101845,0.5704861269648439
/home/cmantill/narrador-futbol/experiments/positions/grid_search_outputs/20260426_195856/runs/run_340_h256_objh256_te128_fu256_obj1_ff2_blocks4_drop0p3_lr0p0005_wd0p001,/home/cmantill/narrador-futbol/experiments/positions/grid_search_outputs/20260426_195856/runs/run_340_h256_objh256_te128_fu256_obj1_ff2_blocks4_drop0p3_lr0p0005_wd0p001/best_model.pt,128,256,256,256,1,2,4,0.3,0.0005,0.001,512,True,1,early_stopping_val_macro_f1_patience_3,0.5994265970741748,0.5704725517904902,0.6041883449560609,0.55748876323039,0.5274870020058638,0.5348147874401791,1.768968772005152,0.5704725517904902
/home/cmantill/narrador-futbol/experiments/positions/grid_search_outputs/20260426_195856/runs/run_320_h256_objh256_te128_fu256_obj1_ff4_blocks3_drop0p25_lr0p0005_wd0p0005,/home/cmantill/narrador-futbol/experiments/positions/grid_search_outputs/20260426_195856/runs/run_320_h256_objh256_te128_fu256_obj1_ff4_blocks3_drop0p25_lr0p0005_wd0p0005/best_model.pt,128,256,256,256,1,4,3,0.25,0.0005,0.0005,512,True,2,early_stopping_val_macro_f1_patience_3,0.5953098581195324,0.5701101947089356,0.6018383124569436,0.5593011454255473,0.5251199205673611,0.5406119530393516,1.7770657451064498,0.5701101947089356
/home/cmantill/narrador-futbol/experiments/positions/grid_search_outputs/20260426_195856/runs/run_275_h256_objh256_te128_fu256_obj1_ff4_blocks5_drop0p15_lr0p001_wd0p0001,/home/cmantill/narrador-futbol/experiments/positions/grid_search_outputs/20260426_195856/runs/run_275_h256_objh256_te128_fu256_obj1_ff4_blocks5_drop0p15_lr0p001_wd0p0001/best_model.pt,128,256,256,256,1,4,5,0.15,0.001,0.0001,512,True,1,early_stopping_val_macro_f1_patience_3,0.6015584797471146,0.5699858421734324,0.597770150724026,0.5673481223720458,0.5246703654277755,0.5480536072787772,2.0423908211566784,0.5699858421734324
/home/cmantill/narrador-futbol/experiments/positions/grid_search_outputs/20260426_195856/runs/run_038_h128_objh128_te64_fu128_obj2_ff2_blocks3_drop0p15_lr0p0005_wd0p0001,/home/cmantill/narrador-futbol/experiments/positions/grid_search_outputs/20260426_195856/runs/run_038_h128_objh128_te64_fu128_obj2_ff2_blocks3_drop0p15_lr0p0005_wd0p0001/best_model.pt,64,128,128,128,2,2,3,0.15,0.0005,0.0001,512,True,2,early_stopping_val_macro_f1_patience_3,0.6047930603543336,0.5698641829514982,0.6045648332776355,0.577787443816152,0.5551578445782973,0.5570060509349193,1.6866818423624392,0.5698641829514982
/home/cmantill/narrador-futbol/experiments/positions/grid_search_outputs/20260426_195856/runs/run_136_h192_objh256_te128_fu256_obj2_ff2_blocks4_drop0p1_lr0p0005_wd0p0001,/home/cmantill/narrador-futbol/experiments/positions/grid_search_outputs/20260426_195856/runs/run_136_h192_objh256_te128_fu256_obj2_ff2_blocks4_drop0p1_lr0p0005_wd0p0001/best_model.pt,128,256,192,256,2,2,4,0.1,0.0005,0.0001,512,True,1,early_stopping_val_macro_f1_patience_3,0.6083952069396457,0.5697924172884131,0.6058640748143518,0.5516891402058867,0.5092964392485523,0.5264903082862205,2.104645954238044,0.5697924172884131
/home/cmantill/narrador-futbol/experiments/positions/grid_search_outputs/20260426_195856/runs/run_148_h192_objh256_te128_fu256_obj1_ff2_blocks4_drop0p15_lr0p0005_wd0p0001,/home/cmantill/narrador-futbol/experiments/positions/grid_search_outputs/20260426_195856/runs/run_148_h192_objh256_te128_fu256_obj1_ff2_blocks4_drop0p15_lr0p0005_wd0p0001/best_model.pt,128,256,192,256,1,2,4,0.15,0.0005,0.0001,512,True,2,early_stopping_val_macro_f1_patience_3,0.6008233477909285,0.5695288388279685,0.6126841702835756,0.5235609685370451,0.48793184505424886,0.5093319187979083,2.0241793813528837,0.5695288388279685
/home/cmantill/narrador-futbol/experiments/positions/grid_search_outputs/20260426_195856/runs/run_089_h128_objh128_te64_fu128_obj2_ff2_blocks5_drop0p25_lr0p001_wd0p0005,/home/cmantill/narrador-futbol/experiments/positions/grid_search_outputs/20260426_195856/runs/run_089_h128_objh128_te64_fu128_obj2_ff2_blocks5_drop0p25_lr0p001_wd0p0005/best_model.pt,64,128,128,128,2,2,5,0.25,0.001,0.0005,512,True,2,early_stopping_val_macro_f1_patience_3,0.6044990075718591,0.5694587074647899,0.6028128655465333,0.5713353632013919,0.530299701710141,0.5415373498246361,1.8552970555093553,0.5694587074647899
/home/cmantill/narrador-futbol/experiments/positions/grid_search_outputs/20260426_195856/runs/run_096_h128_objh128_te64_fu128_obj2_ff4_blocks5_drop0p25_lr0p0005_wd0p0005,/home/cmantill/narrador-futbol/experiments/positions/grid_search_outputs/20260426_195856/runs/run_096_h128_objh128_te64_fu128_obj2_ff4_blocks5_drop0p25_lr0p0005_wd0p0005/best_model.pt,64,128,128,128,2,4,5,0.25,0.0005,0.0005,512,True,4,early_stopping_val_loss_overfit_patience_3,0.5947952657502021,0.5687978725400514,0.5979989215919685,0.5400173988690735,0.511376221390939,0.5346023081820073,1.815519392490387,0.5687978725400514
/home/cmantill/narrador-futbol/experiments/positions/grid_search_outputs/20260426_195856/runs/run_078_h128_objh128_te64_fu128_obj1_ff2_blocks5_drop0p25_lr0p0005_wd0p0005,/home/cmantill/narrador-futbol/experiments/positions/grid_search_outputs/20260426_195856/runs/run_078_h128_objh128_te64_fu128_obj1_ff2_blocks5_drop0p25_lr0p0005_wd0p0005/best_model.pt,64,128,128,128,1,2,5,0.25,0.0005,0.0005,512,True,2,early_stopping_val_macro_f1_patience_3,0.5975152539880909,0.5685824509189598,0.5996631631954614,0.5793098448600841,0.5469752409250019,0.5567787365242676,1.5221824844678242,0.5685824509189598
/home/cmantill/narrador-futbol/experiments/positions/grid_search_outputs/20260426_195856/runs/run_153_h192_objh256_te128_fu256_obj1_ff4_blocks4_drop0p15_lr0p001_wd0p0001,/home/cmantill/narrador-futbol/experiments/positions/grid_search_outputs/20260426_195856/runs/run_153_h192_objh256_te128_fu256_obj1_ff4_blocks4_drop0p15_lr0p001_wd0p0001/best_model.pt,128,256,192,256,1,4,4,0.15,0.001,0.0001,512,True,2,early_stopping_val_macro_f1_patience_3,0.6062633242667059,0.568324257819672,0.6105813467488154,0.555748876323039,0.5084291777542186,0.5408141230744095,2.0422754574705055,0.568324257819672
/home/cmantill/narrador-futbol/experiments/positions/grid_search_outputs/20260426_195856/runs/run_122_h192_objh256_te128_fu256_obj1_ff2_blocks3_drop0p1_lr0p0005_wd0p0001,/home/cmantill/narrador-futbol/experiments/positions/grid_search_outputs/20260426_195856/runs/run_122_h192_objh256_te128_fu256_obj1_ff2_blocks3_drop0p1_lr0p0005_wd0p0001/best_model.pt,128,256,192,256,1,2,3,0.1,0.0005,0.0001,512,True,2,early_stopping_val_loss_overfit_patience_3,0.5884731309270014,0.5681432525158591,0.6011375205903352,0.5529215600985936,0.5142317890827561,0.5370626642407202,2.1891137714739197,0.5681432525158591
/home/cmantill/narrador-futbol/experiments/positions/grid_search_outputs/20260426_195856/runs/run_170_h192_objh256_te128_fu256_obj1_ff2_blocks3_drop0p2_lr0p0005_wd0p0005,/home/cmantill/narrador-futbol/experiments/positions/grid_search_outputs/20260426_195856/runs/run_170_h192_objh256_te128_fu256_obj1_ff2_blocks3_drop0p2_lr0p0005_wd0p0005/best_model.pt,128,256,192,256,1,2,3,0.2,0.0005,0.0005,512,True,3,early_stopping_val_loss_overfit_patience_3,0.5875174593839594,0.5675903401841415,0.5972407692971813,0.5065245759025664,0.47253718030755304,0.49589047234959016,2.090874331968802,0.5675903401841415
/home/cmantill/narrador-futbol/experiments/positions/grid_search_outputs/20260426_195856/runs/run_026_h128_objh128_te64_fu128_obj1_ff2_blocks3_drop0p15_lr0p0005_wd0p0001,/home/cmantill/narrador-futbol/experiments/positions/grid_search_outputs/20260426_195856/runs/run_026_h128_objh128_te64_fu128_obj1_ff2_blocks3_drop0p15_lr0p0005_wd0p0001/best_model.pt,64,128,128,128,1,2,3,0.15,0.0005,0.0001,512,True,1,early_stopping_val_macro_f1_patience_3,0.6090568257002131,0.5674955335029669,0.6038335848231514,0.5751051181673191,0.5301718373227927,0.5488484562074756,1.8219841144703053,0.5674955335029669
/home/cmantill/narrador-futbol/experiments/positions/grid_search_outputs/20260426_195856/runs/run_242_h256_objh256_te128_fu256_obj1_ff2_blocks3_drop0p1_lr0p0005_wd0p0001,/home/cmantill/narrador-futbol/experiments/positions/grid_search_outputs/20260426_195856/runs/run_242_h256_objh256_te128_fu256_obj1_ff2_blocks3_drop0p1_lr0p0005_wd0p0001/best_model.pt,128,256,256,256,1,2,3,0.1,0.0005,0.0001,512,True,1,early_stopping_val_macro_f1_patience_3,0.6046460339630964,0.5670913436942218,0.601366317288084,0.574597651152675,0.5379609892581884,0.5502063221655678,1.842400696542528,0.5670913436942218
/home/cmantill/narrador-futbol/experiments/positions/grid_search_outputs/20260426_195856/runs/run_276_h256_objh256_te128_fu256_obj1_ff4_blocks5_drop0p15_lr0p0005_wd0p0001,/home/cmantill/narrador-futbol/experiments/positions/grid_search_outputs/20260426_195856/runs/run_276_h256_objh256_te128_fu256_obj1_ff4_blocks5_drop0p15_lr0p0005_wd0p0001/best_model.pt,128,256,256,256,1,4,5,0.15,0.0005,0.0001,512,True,1,early_stopping_val_macro_f1_patience_3,0.5868558406233919,0.5668413986264025,0.5899704826899473,0.5573437726547774,0.5200589283202054,0.5409869102130931,1.7350588772031996,0.5668413986264025
/home/cmantill/narrador-futbol/experiments/positions/grid_search_outputs/20260426_195856/runs/run_012_h128_objh128_te64_fu128_obj1_ff4_blocks5_drop0p1_lr0p0005_wd0p0001,/home/cmantill/narrador-futbol/experiments/positions/grid_search_outputs/20260426_195856/runs/run_012_h128_objh128_te64_fu128_obj1_ff4_blocks5_drop0p1_lr0p0005_wd0p0001/best_model.pt,64,128,128,128,1,4,5,0.1,0.0005,0.0001,512,True,2,early_stopping_val_loss_overfit_patience_3,0.5953098581195324,0.5663541927626704,0.5956077286720375,0.5384949978251413,0.5034878415345102,0.5151596360946407,1.7654919668480202,0.5663541927626704
/home/cmantill/narrador-futbol/experiments/positions/grid_search_outputs/20260426_195856/runs/run_008_h128_objh128_te64_fu128_obj1_ff4_blocks3_drop0p1_lr0p0005_wd0p0001,/home/cmantill/narrador-futbol/experiments/positions/grid_search_outputs/20260426_195856/runs/run_008_h128_objh128_te64_fu128_obj1_ff4_blocks3_drop0p1_lr0p0005_wd0p0001/best_model.pt,64,128,128,128,1,4,3,0.1,0.0005,0.0001,512,True,2,early_stopping_val_loss_overfit_patience_3,0.5925898698816437,0.566208431588749,0.5953556525084952,0.5654632448890822,0.5361132162306004,0.5477695317117698,1.7484275080539562,0.566208431588749
/home/cmantill/narrador-futbol/experiments/positions/grid_search_outputs/20260426_195856/runs/run_172_h192_objh256_te128_fu256_obj1_ff2_blocks4_drop0p2_lr0p0005_wd0p0005,/home/cmantill/narrador-futbol/experiments/positions/grid_search_outputs/20260426_195856/runs/run_172_h192_objh256_te128_fu256_obj1_ff2_blocks4_drop0p2_lr0p0005_wd0p0005/best_model.pt,128,256,192,256,1,2,4,0.2,0.0005,0.0005,512,True,2,early_stopping_val_macro_f1_patience_3,0.6041314415937661,0.5662001294269264,0.6045606650292102,0.5431346962447441,0.5022804921620848,0.51553317982914,2.1873535248968334,0.5662001294269264
/home/cmantill/narrador-futbol/experiments/positions/grid_search_outputs/20260426_195856/runs/run_188_h192_objh256_te128_fu256_obj2_ff4_blocks3_drop0p2_lr0p0005_wd0p0005,/home/cmantill/narrador-futbol/experiments/positions/grid_search_outputs/20260426_195856/runs/run_188_h192_objh256_te128_fu256_obj2_ff4_blocks3_drop0p2_lr0p0005_wd0p0005/best_model.pt,128,256,192,256,2,4,3,0.2,0.0005,0.0005,512,True,1,early_stopping_val_macro_f1_patience_3,0.6036168492244358,0.5659904812171525,0.6022665572289814,0.5630709003914746,0.5269453472476849,0.5379761296554494,1.9234074464550726,0.5659904812171525
/home/cmantill/narrador-futbol/experiments/positions/grid_search_outputs/20260426_195856/runs/run_054_h128_objh128_te64_fu128_obj1_ff2_blocks5_drop0p2_lr0p0005_wd0p0005,/home/cmantill/narrador-futbol/experiments/positions/grid_search_outputs/20260426_195856/runs/run_054_h128_objh128_te64_fu128_obj1_ff2_blocks5_drop0p2_lr0p0005_wd0p0005/best_model.pt,64,128,128,128,1,2,5,0.2,0.0005,0.0005,512,True,2,early_stopping_val_loss_overfit_patience_3,0.5895758288612806,0.5659503118131728,0.5952201298855653,0.5820646657967232,0.5480652209656545,0.5627048285050438,1.5503952414901168,0.5659503118131728
/home/cmantill/narrador-futbol/experiments/positions/grid_search_outputs/20260426_195856/runs/run_300_h256_objh256_te128_fu256_obj1_ff4_blocks5_drop0p2_lr0p0005_wd0p0005,/home/cmantill/narrador-futbol/experiments/positions/grid_search_outputs/20260426_195856/runs/run_300_h256_objh256_te128_fu256_obj1_ff4_blocks5_drop0p2_lr0p0005_wd0p0005/best_model.pt,128,256,256,256,1,4,5,0.2,0.0005,0.0005,512,True,1,early_stopping_val_macro_f1_patience_3,0.5957509372932441,0.5659286422084722,0.5900475707340542,0.5549514281571698,0.5141315589751618,0.5344480621374937,1.8230031022319086,0.5659286422084722
/home/cmantill/narrador-futbol/experiments/positions/grid_search_outputs/20260426_195856/runs/run_288_h256_objh256_te128_fu256_obj2_ff4_blocks5_drop0p15_lr0p0005_wd0p0001,/home/cmantill/narrador-futbol/experiments/positions/grid_search_outputs/20260426_195856/runs/run_288_h256_objh256_te128_fu256_obj2_ff4_blocks5_drop0p15_lr0p0005_wd0p0001/best_model.pt,128,256,256,256,2,4,5,0.15,0.0005,0.0001,512,True,1,early_stopping_val_macro_f1_patience_3,0.593104462250974,0.5655733704682547,0.5941480314522751,0.5333478323908946,0.5073912128087193,0.5162864371452365,1.8251550881950944,0.5655733704682547
/home/cmantill/narrador-futbol/experiments/positions/grid_search_outputs/20260426_195856/runs/run_110_h128_objh128_te64_fu128_obj2_ff2_blocks3_drop0p3_lr0p0005_wd0p001,/home/cmantill/narrador-futbol/experiments/positions/grid_search_outputs/20260426_195856/runs/run_110_h128_objh128_te64_fu128_obj2_ff2_blocks3_drop0p3_lr0p0005_wd0p001/best_model.pt,64,128,128,128,2,2,3,0.3,0.0005,0.001,512,True,4,early_stopping_val_loss_overfit_patience_3,0.5913401455561274,0.5653593536315503,0.5975999406742797,0.556981296215746,0.5189667726919012,0.5255287859749245,1.5257366939827248,0.5653593536315503
/home/cmantill/narrador-futbol/experiments/positions/grid_search_outputs/20260426_195856/runs/run_158_h192_objh256_te128_fu256_obj2_ff2_blocks3_drop0p15_lr0p0005_wd0p0001,/home/cmantill/narrador-futbol/experiments/positions/grid_search_outputs/20260426_195856/runs/run_158_h192_objh256_te128_fu256_obj2_ff2_blocks3_drop0p15_lr0p0005_wd0p0001/best_model.pt,128,256,192,256,2,2,3,0.15,0.0005,0.0001,512,True,1,early_stopping_val_macro_f1_patience_3,0.600896860986547,0.5652984435526668,0.6032072036142065,0.571625344352617,0.5345842542042825,0.5460125187361686,2.04710320631663,0.5652984435526668
/home/cmantill/narrador-futbol/experiments/positions/grid_search_outputs/20260426_195856/runs/run_462_h256_objh384_te256_fu384_obj1_ff2_blocks5_drop0p3_lr0p0005_wd0p001,/home/cmantill/narrador-futbol/experiments/positions/grid_search_outputs/20260426_195856/runs/run_462_h256_objh384_te256_fu384_obj1_ff2_blocks5_drop0p3_lr0p0005_wd0p001/best_model.pt,256,384,256,384,1,2,5,0.3,0.0005,0.001,512,True,1,early_stopping_val_macro_f1_patience_3,0.6077335881790782,0.5651867013870991,0.6019241028924346,0.5583587066840655,0.5265402436765337,0.5371711877028312,1.8248848760569538,0.5651867013870991
/home/cmantill/narrador-futbol/experiments/positions/grid_search_outputs/20260426_195856/runs/run_036_h128_objh128_te64_fu128_obj1_ff4_blocks5_drop0p15_lr0p0005_wd0p0001,/home/cmantill/narrador-futbol/experiments/positions/grid_search_outputs/20260426_195856/runs/run_036_h128_objh128_te64_fu128_obj1_ff4_blocks5_drop0p15_lr0p0005_wd0p0001/best_model.pt,64,128,128,128,1,4,5,0.15,0.0005,0.0001,512,True,1,early_stopping_val_macro_f1_patience_3,0.6022936117033008,0.5646534983522057,0.5999455527282092,0.5874293170943888,0.5515340203601414,0.5604251278852469,1.6355700514934681,0.5646534983522057
/home/cmantill/narrador-futbol/experiments/positions/grid_search_outputs/20260426_195856/runs/run_108_h128_objh128_te64_fu128_obj1_ff4_blocks5_drop0p3_lr0p0005_wd0p001,/home/cmantill/narrador-futbol/experiments/positions/grid_search_outputs/20260426_195856/runs/run_108_h128_objh128_te64_fu128_obj1_ff4_blocks5_drop0p3_lr0p0005_wd0p001/best_model.pt,64,128,128,128,1,4,5,0.3,0.0005,0.001,512,True,1,early_stopping_val_macro_f1_patience_3,0.5993530838785562,0.5644043061440391,0.5966177720433573,0.6076555023923444,0.5795075190499976,0.5871930144216254,1.5070636338657803,0.5644043061440391
/home/cmantill/narrador-futbol/experiments/positions/grid_search_outputs/20260426_195856/runs/run_164_h192_objh256_te128_fu256_obj2_ff4_blocks3_drop0p15_lr0p0005_wd0p0001,/home/cmantill/narrador-futbol/experiments/positions/grid_search_outputs/20260426_195856/runs/run_164_h192_objh256_te128_fu256_obj2_ff4_blocks3_drop0p15_lr0p0005_wd0p0001/best_model.pt,128,256,192,256,2,4,3,0.15,0.0005,0.0001,512,True,1,early_stopping_val_macro_f1_patience_3,0.609277365287069,0.5634038443710507,0.6047430551073664,0.5656082354646947,0.5235811924072881,0.5390653945929568,1.8004388301460832,0.5634038443710507
/home/cmantill/narrador-futbol/experiments/positions/grid_search_outputs/20260426_195856/runs/run_074_h128_objh128_te64_fu128_obj1_ff2_blocks3_drop0p25_lr0p0005_wd0p0005,/home/cmantill/narrador-futbol/experiments/positions/grid_search_outputs/20260426_195856/runs/run_074_h128_objh128_te64_fu128_obj1_ff2_blocks3_drop0p25_lr0p0005_wd0p0005/best_model.pt,64,128,128,128,1,2,3,0.25,0.0005,0.0005,512,True,1,early_stopping_val_macro_f1_patience_3,0.6014114533558774,0.5630754375212489,0.6001352483667786,0.6107727997680151,0.5695500032245697,0.5867959729999939,1.6299456976078175,0.5630754375212489
/home/cmantill/narrador-futbol/experiments/positions/grid_search_outputs/20260426_195856/runs/run_104_h128_objh128_te64_fu128_obj1_ff4_blocks3_drop0p3_lr0p0005_wd0p001,/home/cmantill/narrador-futbol/experiments/positions/grid_search_outputs/20260426_195856/runs/run_104_h128_objh128_te64_fu128_obj1_ff4_blocks3_drop0p3_lr0p0005_wd0p001/best_model.pt,64,128,128,128,1,4,3,0.3,0.0005,0.001,512,True,2,early_stopping_val_loss_overfit_patience_3,0.6094979048739249,0.5629845383240301,0.6009068807059169,0.5891692040017399,0.5589986270446162,0.5631932626236158,1.6748309930165608,0.5629845383240301
/home/cmantill/narrador-futbol/experiments/positions/grid_search_outputs/20260426_195856/runs/run_050_h128_objh128_te64_fu128_obj1_ff2_blocks3_drop0p2_lr0p0005_wd0p0005,/home/cmantill/narrador-futbol/experiments/positions/grid_search_outputs/20260426_195856/runs/run_050_h128_objh128_te64_fu128_obj1_ff2_blocks3_drop0p2_lr0p0005_wd0p0005/best_model.pt,64,128,128,128,1,2,3,0.2,0.0005,0.0005,512,True,1,early_stopping_val_macro_f1_patience_3,0.6064838638535617,0.5627909340128847,0.6013521300882269,0.6006959547629404,0.5609152937902544,0.5781810614520704,1.801658535445178,0.5627909340128847
/home/cmantill/narrador-futbol/experiments/positions/grid_search_outputs/20260426_195856/runs/run_080_h128_objh128_te64_fu128_obj1_ff4_blocks3_drop0p25_lr0p0005_wd0p0005,/home/cmantill/narrador-futbol/experiments/positions/grid_search_outputs/20260426_195856/runs/run_080_h128_objh128_te64_fu128_obj1_ff4_blocks3_drop0p25_lr0p0005_wd0p0005/best_model.pt,64,128,128,128,1,4,3,0.25,0.0005,0.0005,512,True,2,early_stopping_val_loss_overfit_patience_3,0.6072189958097478,0.562389591846333,0.6000534946198836,0.5843120197187183,0.5476330337256619,0.5557760851837418,1.6796300102163244,0.562389591846333
/home/cmantill/narrador-futbol/experiments/positions/grid_search_outputs/20260426_195856/runs/run_398_h256_objh384_te256_fu384_obj2_ff2_blocks3_drop0p15_lr0p0005_wd0p0001,/home/cmantill/narrador-futbol/experiments/positions/grid_search_outputs/20260426_195856/runs/run_398_h256_objh384_te256_fu384_obj2_ff2_blocks3_drop0p15_lr0p0005_wd0p0001/best_model.pt,256,384,256,384,2,2,3,0.15,0.0005,0.0001,512,True,1,early_stopping_val_macro_f1_patience_3,0.6079541277659339,0.5621073246838534,0.6009044167533268,0.5672031317964332,0.539617719977694,0.5494901006495306,2.221248891618517,0.5621073246838534
/home/cmantill/narrador-futbol/experiments/positions/grid_search_outputs/20260426_195856/runs/run_014_h128_objh128_te64_fu128_obj2_ff2_blocks3_drop0p1_lr0p0005_wd0p0001,/home/cmantill/narrador-futbol/experiments/positions/grid_search_outputs/20260426_195856/runs/run_014_h128_objh128_te64_fu128_obj2_ff2_blocks3_drop0p1_lr0p0005_wd0p0001/best_model.pt,64,128,128,128,2,2,3,0.1,0.0005,0.0001,512,True,2,early_stopping_val_loss_overfit_patience_3,0.593692567815923,0.5617744750272174,0.5954814022988536,0.6011309264897782,0.5664224133098488,0.5713408508329921,1.7282271054055955,0.5617744750272174
/home/cmantill/narrador-futbol/experiments/positions/grid_search_outputs/20260426_195856/runs/run_336_h256_objh256_te128_fu256_obj2_ff4_blocks5_drop0p25_lr0p0005_wd0p0005,/home/cmantill/narrador-futbol/experiments/positions/grid_search_outputs/20260426_195856/runs/run_336_h256_objh256_te128_fu256_obj2_ff4_blocks5_drop0p25_lr0p0005_wd0p0005/best_model.pt,128,256,256,256,2,4,5,0.25,0.0005,0.0005,512,True,1,early_stopping_val_macro_f1_patience_3,0.600529295008454,0.5617424631912553,0.5941804953650487,0.562925909815862,0.5368008470324502,0.5470428581844163,1.6184727152188618,0.5617424631912553
/home/cmantill/narrador-futbol/experiments/positions/grid_search_outputs/20260426_195856/runs/run_312_h256_objh256_te128_fu256_obj2_ff4_blocks5_drop0p2_lr0p0005_wd0p0005,/home/cmantill/narrador-futbol/experiments/positions/grid_search_outputs/20260426_195856/runs/run_312_h256_objh256_te128_fu256_obj2_ff4_blocks5_drop0p2_lr0p0005_wd0p0005/best_model.pt,128,256,256,256,2,4,5,0.2,0.0005,0.0005,512,True,1,early_stopping_val_macro_f1_patience_3,0.5957509372932441,0.5616516070150103,0.597079957819064,0.5511816731912426,0.5244252075939246,0.53482969055155,1.8023794072645682,0.5616516070150103
/home/cmantill/narrador-futbol/experiments/positions/grid_search_outputs/20260426_195856/runs/run_130_h192_objh256_te128_fu256_obj1_ff4_blocks4_drop0p1_lr0p0005_wd0p0001,/home/cmantill/narrador-futbol/experiments/positions/grid_search_outputs/20260426_195856/runs/run_130_h192_objh256_te128_fu256_obj1_ff4_blocks4_drop0p1_lr0p0005_wd0p0001/best_model.pt,128,256,192,256,1,4,4,0.1,0.0005,0.0001,512,True,2,early_stopping_val_macro_f1_patience_3,0.5980298463574212,0.5610517179057286,0.60504490858117,0.5234159779614325,0.49300503984480226,0.5084846758343956,2.133273548550076,0.5610517179057286
/home/cmantill/narrador-futbol/experiments/positions/grid_search_outputs/20260426_195856/runs/run_338_h256_objh256_te128_fu256_obj1_ff2_blocks3_drop0p3_lr0p0005_wd0p001,/home/cmantill/narrador-futbol/experiments/positions/grid_search_outputs/20260426_195856/runs/run_338_h256_objh256_te128_fu256_obj1_ff2_blocks3_drop0p3_lr0p0005_wd0p001/best_model.pt,128,256,256,256,1,2,3,0.3,0.0005,0.001,512,True,1,early_stopping_val_macro_f1_patience_3,0.5955303977063883,0.5609923608805611,0.5936883682350333,0.5738002029868059,0.5416796437002463,0.5530267375454179,1.7395146754052904,0.5609923608805611
/home/cmantill/narrador-futbol/experiments/positions/grid_search_outputs/20260426_195856/runs/run_002_h128_objh128_te64_fu128_obj1_ff2_blocks3_drop0p1_lr0p0005_wd0p0001,/home/cmantill/narrador-futbol/experiments/positions/grid_search_outputs/20260426_195856/runs/run_002_h128_objh128_te64_fu128_obj1_ff2_blocks3_drop0p1_lr0p0005_wd0p0001/best_model.pt,64,128,128,128,1,2,3,0.1,0.0005,0.0001,512,True,1,early_stopping_val_macro_f1_patience_3,0.6021465853120636,0.5608251538400414,0.5957185131817511,0.5699579527330724,0.529316924773087,0.5455100878302842,1.871899057317663,0.5608251538400414
/home/cmantill/narrador-futbol/experiments/positions/grid_search_outputs/20260426_195856/runs/run_088_h128_objh128_te64_fu128_obj2_ff2_blocks4_drop0p25_lr0p0005_wd0p0005,/home/cmantill/narrador-futbol/experiments/positions/grid_search_outputs/20260426_195856/runs/run_088_h128_objh128_te64_fu128_obj2_ff2_blocks4_drop0p25_lr0p0005_wd0p0005/best_model.pt,64,128,128,128,2,2,4,0.25,0.0005,0.0005,512,True,3,early_stopping_val_loss_overfit_patience_3,0.5829596412556054,0.5607548715455841,0.592805198848814,0.5484993475424097,0.5137362458047535,0.5378056273672376,1.6687565247217815,0.5607548715455841
/home/cmantill/narrador-futbol/experiments/positions/grid_search_outputs/20260426_195856/runs/run_111_h128_objh128_te64_fu128_obj2_ff2_blocks4_drop0p3_lr0p001_wd0p001,/home/cmantill/narrador-futbol/experiments/positions/grid_search_outputs/20260426_195856/runs/run_111_h128_objh128_te64_fu128_obj2_ff2_blocks4_drop0p3_lr0p001_wd0p001/best_model.pt,64,128,128,128,2,2,4,0.3,0.001,0.001,512,True,2,early_stopping_val_macro_f1_patience_3,0.5883996177313828,0.5607216765270665,0.5918156888321088,0.5281281716688415,0.4872762840749021,0.5112483106168857,1.7456511281154774,0.5607216765270665
/home/cmantill/narrador-futbol/experiments/positions/grid_search_outputs/20260426_195856/runs/run_230_h192_objh256_te128_fu256_obj2_ff2_blocks3_drop0p3_lr0p0005_wd0p001,/home/cmantill/narrador-futbol/experiments/positions/grid_search_outputs/20260426_195856/runs/run_230_h192_objh256_te128_fu256_obj2_ff2_blocks3_drop0p3_lr0p0005_wd0p001/best_model.pt,128,256,192,256,2,2,3,0.3,0.0005,0.001,512,True,1,early_stopping_val_macro_f1_patience_3,0.5942806733808719,0.5604743765108934,0.5925787829646768,0.5761925474844135,0.5487179735752993,0.5561133844940407,1.6771044377927427,0.5604743765108934
/home/cmantill/narrador-futbol/experiments/positions/grid_search_outputs/20260426_195856/runs/run_132_h192_objh256_te128_fu256_obj1_ff4_blocks5_drop0p1_lr0p0005_wd0p0001,/home/cmantill/narrador-futbol/experiments/positions/grid_search_outputs/20260426_195856/runs/run_132_h192_objh256_te128_fu256_obj1_ff4_blocks5_drop0p1_lr0p0005_wd0p0001/best_model.pt,128,256,192,256,1,4,5,0.1,0.0005,0.0001,512,True,1,early_stopping_val_macro_f1_patience_3,0.5978093067705653,0.5598866729764245,0.6004406033545554,0.5645208061476004,0.5055414788595018,0.5253911178393609,2.050159489666974,0.5598866729764245
/home/cmantill/narrador-futbol/experiments/positions/grid_search_outputs/20260426_195856/runs/run_094_h128_objh128_te64_fu128_obj2_ff4_blocks4_drop0p25_lr0p0005_wd0p0005,/home/cmantill/narrador-futbol/experiments/positions/grid_search_outputs/20260426_195856/runs/run_094_h128_objh128_te64_fu128_obj2_ff4_blocks4_drop0p25_lr0p0005_wd0p0005/best_model.pt,64,128,128,128,2,4,4,0.25,0.0005,0.0005,512,True,3,early_stopping_val_loss_overfit_patience_3,0.5800191134308609,0.5597976723637843,0.5895860768029224,0.5492243004204727,0.5264587257256373,0.5343595026280624,1.7051570547951593,0.5597976723637843
/home/cmantill/narrador-futbol/experiments/positions/grid_search_outputs/20260426_195856/runs/run_086_h128_objh128_te64_fu128_obj2_ff2_blocks3_drop0p25_lr0p0005_wd0p0005,/home/cmantill/narrador-futbol/experiments/positions/grid_search_outputs/20260426_195856/runs/run_086_h128_objh128_te64_fu128_obj2_ff2_blocks3_drop0p25_lr0p0005_wd0p0005/best_model.pt,64,128,128,128,2,2,3,0.25,0.0005,0.0005,512,True,3,early_stopping_val_loss_overfit_patience_3,0.5874439461883408,0.5592757336602167,0.5893999210929374,0.5332753371030883,0.49850430318120015,0.5066343712031083,1.6021591380790428,0.5592757336602167
/home/cmantill/narrador-futbol/experiments/positions/grid_search_outputs/20260426_195856/runs/run_112_h128_objh128_te64_fu128_obj2_ff2_blocks4_drop0p3_lr0p0005_wd0p001,/home/cmantill/narrador-futbol/experiments/positions/grid_search_outputs/20260426_195856/runs/run_112_h128_objh128_te64_fu128_obj2_ff2_blocks4_drop0p3_lr0p0005_wd0p001/best_model.pt,64,128,128,128,2,2,4,0.3,0.0005,0.001,512,True,4,early_stopping_val_loss_overfit_patience_3,0.5941336469896347,0.5592755143471668,0.5944732885412475,0.5488618239814412,0.5131276898738799,0.5329038455842117,1.5246009937039129,0.5592755143471668
/home/cmantill/narrador-futbol/experiments/positions/grid_search_outputs/20260426_195856/runs/run_001_h128_objh128_te64_fu128_obj1_ff2_blocks3_drop0p1_lr0p001_wd0p0001,/home/cmantill/narrador-futbol/experiments/positions/grid_search_outputs/20260426_195856/runs/run_001_h128_objh128_te64_fu128_obj1_ff2_blocks3_drop0p1_lr0p001_wd0p0001/best_model.pt,64,128,128,128,1,2,3,0.1,0.001,0.0001,512,True,1,early_stopping_val_macro_f1_patience_3,0.612511945894288,0.5592478284279363,0.6010248204102688,0.5645933014354066,0.5168568989236313,0.5290581277657542,2.2381169906368963,0.5592478284279363
/home/cmantill/narrador-futbol/experiments/positions/grid_search_outputs/20260426_195856/runs/run_068_h128_objh128_te64_fu128_obj2_ff4_blocks3_drop0p2_lr0p0005_wd0p0005,/home/cmantill/narrador-futbol/experiments/positions/grid_search_outputs/20260426_195856/runs/run_068_h128_objh128_te64_fu128_obj2_ff4_blocks3_drop0p2_lr0p0005_wd0p0005/best_model.pt,64,128,128,128,2,4,3,0.2,0.0005,0.0005,512,True,3,early_stopping_val_loss_overfit_patience_3,0.578842902300963,0.5592321849340842,0.5826984801919962,0.5380600260983036,0.4959714070519476,0.5198647681036453,1.755856469825462,0.5592321849340842
/home/cmantill/narrador-futbol/experiments/positions/grid_search_outputs/20260426_195856/runs/run_194_h192_objh256_te128_fu256_obj1_ff2_blocks3_drop0p25_lr0p0005_wd0p0005,/home/cmantill/narrador-futbol/experiments/positions/grid_search_outputs/20260426_195856/runs/run_194_h192_objh256_te128_fu256_obj1_ff2_blocks3_drop0p25_lr0p0005_wd0p0005/best_model.pt,128,256,192,256,1,2,3,0.25,0.0005,0.0005,512,True,3,early_stopping_val_loss_overfit_patience_3,0.5878850253620524,0.5592161223454135,0.5928995922324775,0.5157314774539655,0.4829675309624571,0.5024558138794055,1.9589282781989485,0.5592161223454135
/home/cmantill/narrador-futbol/experiments/positions/grid_search_outputs/20260426_195856/runs/run_146_h192_objh256_te128_fu256_obj1_ff2_blocks3_drop0p15_lr0p0005_wd0p0001,/home/cmantill/narrador-futbol/experiments/positions/grid_search_outputs/20260426_195856/runs/run_146_h192_objh256_te128_fu256_obj1_ff2_blocks3_drop0p15_lr0p0005_wd0p0001/best_model.pt,128,256,192,256,1,2,3,0.15,0.0005,0.0001,512,True,2,early_stopping_val_loss_overfit_patience_3,0.576931559214879,0.5591604644430472,0.5898022433045075,0.5477743946643469,0.5120458409537485,0.5305967964798725,2.133784163881231,0.5591604644430472
/home/cmantill/narrador-futbol/experiments/positions/grid_search_outputs/20260426_195856/runs/run_358_h256_objh256_te128_fu256_obj2_ff4_blocks4_drop0p3_lr0p0005_wd0p001,/home/cmantill/narrador-futbol/experiments/positions/grid_search_outputs/20260426_195856/runs/run_358_h256_objh256_te128_fu256_obj2_ff4_blocks4_drop0p3_lr0p0005_wd0p001/best_model.pt,128,256,256,256,2,4,4,0.3,0.0005,0.001,512,True,2,early_stopping_val_macro_f1_patience_3,0.5886201573182386,0.55904984204334,0.5911081694077421,0.513121647092939,0.4812968119699992,0.5017190849288897,1.8726515460897375,0.55904984204334
/home/cmantill/narrador-futbol/experiments/positions/grid_search_outputs/20260426_195856/runs/run_060_h128_objh128_te64_fu128_obj1_ff4_blocks5_drop0p2_lr0p0005_wd0p0005,/home/cmantill/narrador-futbol/experiments/positions/grid_search_outputs/20260426_195856/runs/run_060_h128_objh128_te64_fu128_obj1_ff4_blocks5_drop0p2_lr0p0005_wd0p0005/best_model.pt,64,128,128,128,1,4,5,0.2,0.0005,0.0005,512,True,2,early_stopping_val_loss_overfit_patience_3,0.5915606851429832,0.5584035666811767,0.5893738614073603,0.5767725097868639,0.5431815033083445,0.5596435290365581,1.3844833042886522,0.5584035666811767
/home/cmantill/narrador-futbol/experiments/positions/grid_search_outputs/20260426_195856/runs/run_322_h256_objh256_te128_fu256_obj1_ff4_blocks4_drop0p25_lr0p0005_wd0p0005,/home/cmantill/narrador-futbol/experiments/positions/grid_search_outputs/20260426_195856/runs/run_322_h256_objh256_te128_fu256_obj1_ff4_blocks4_drop0p25_lr0p0005_wd0p0005/best_model.pt,128,256,256,256,1,4,4,0.25,0.0005,0.0005,512,True,2,early_stopping_val_macro_f1_patience_3,0.5861942218628243,0.5583408743210844,0.5866805475391624,0.5124691895026823,0.48328407715074223,0.5038045595537883,1.8675838046603732,0.5583408743210844
/home/cmantill/narrador-futbol/experiments/positions/grid_search_outputs/20260426_195856/runs/run_017_h128_objh128_te64_fu128_obj2_ff2_blocks5_drop0p1_lr0p001_wd0p0001,/home/cmantill/narrador-futbol/experiments/positions/grid_search_outputs/20260426_195856/runs/run_017_h128_objh128_te64_fu128_obj2_ff2_blocks5_drop0p1_lr0p001_wd0p0001/best_model.pt,64,128,128,128,2,2,5,0.1,0.001,0.0001,512,True,2,early_stopping_val_macro_f1_patience_3,0.5900169080349923,0.5580444694613044,0.5905050277638513,0.5483543569667971,0.5209500222828963,0.5328626330699899,2.043175123356007,0.5580444694613044
/home/cmantill/narrador-futbol/experiments/positions/grid_search_outputs/20260426_195856/runs/run_073_h128_objh128_te64_fu128_obj1_ff2_blocks3_drop0p25_lr0p001_wd0p0005,/home/cmantill/narrador-futbol/experiments/positions/grid_search_outputs/20260426_195856/runs/run_073_h128_objh128_te64_fu128_obj1_ff2_blocks3_drop0p25_lr0p001_wd0p0005/best_model.pt,64,128,128,128,1,2,3,0.25,0.001,0.0005,512,True,1,early_stopping_val_macro_f1_patience_3,0.5961185032713372,0.5580004574335143,0.5912275380598692,0.5821371610845295,0.5362924967466177,0.5515148748225869,2.017397152052985,0.5580004574335143
/home/cmantill/narrador-futbol/experiments/positions/grid_search_outputs/20260426_195856/runs/run_098_h128_objh128_te64_fu128_obj1_ff2_blocks3_drop0p3_lr0p0005_wd0p001,/home/cmantill/narrador-futbol/experiments/positions/grid_search_outputs/20260426_195856/runs/run_098_h128_objh128_te64_fu128_obj1_ff2_blocks3_drop0p3_lr0p0005_wd0p001/best_model.pt,64,128,128,128,1,2,3,0.3,0.0005,0.001,512,True,1,early_stopping_val_macro_f1_patience_3,0.5985444387267514,0.5577486679039129,0.59698667327706,0.6109177903436277,0.5699336817842942,0.5884827060342057,1.6349367808412623,0.5577486679039129
/home/cmantill/narrador-futbol/experiments/positions/grid_search_outputs/20260426_195856/runs/run_029_h128_objh128_te64_fu128_obj1_ff2_blocks5_drop0p15_lr0p001_wd0p0001,/home/cmantill/narrador-futbol/experiments/positions/grid_search_outputs/20260426_195856/runs/run_029_h128_objh128_te64_fu128_obj1_ff2_blocks5_drop0p15_lr0p001_wd0p0001/best_model.pt,64,128,128,128,1,2,5,0.15,0.001,0.0001,512,True,3,early_stopping_val_loss_overfit_patience_3,0.5823715356906565,0.557665315866057,0.587945971483241,0.526025808322459,0.4947993924414142,0.5199131684202547,1.736562850298705,0.557665315866057
/home/cmantill/narrador-futbol/experiments/positions/grid_search_outputs/20260426_195856/runs/run_206_h192_objh256_te128_fu256_obj2_ff2_blocks3_drop0p25_lr0p0005_wd0p0005,/home/cmantill/narrador-futbol/experiments/positions/grid_search_outputs/20260426_195856/runs/run_206_h192_objh256_te128_fu256_obj2_ff2_blocks3_drop0p25_lr0p0005_wd0p0005/best_model.pt,128,256,192,256,2,2,3,0.25,0.0005,0.0005,512,True,1,early_stopping_val_macro_f1_patience_3,0.5943541865764905,0.5571358912889935,0.5910884732426579,0.5795998260113092,0.5521243287687659,0.5557374939418139,1.842759203027796,0.5571358912889935
/home/cmantill/narrador-futbol/experiments/positions/grid_search_outputs/20260426_195856/runs/run_208_h192_objh256_te128_fu256_obj2_ff2_blocks4_drop0p25_lr0p0005_wd0p0005,/home/cmantill/narrador-futbol/experiments/positions/grid_search_outputs/20260426_195856/runs/run_208_h192_objh256_te128_fu256_obj2_ff2_blocks4_drop0p25_lr0p0005_wd0p0005/best_model.pt,128,256,192,256,2,2,4,0.25,0.0005,0.0005,512,True,1,early_stopping_val_macro_f1_patience_3,0.6000882158347424,0.5570764103732472,0.5933315654765424,0.5796723212991156,0.5389382632363253,0.5515524821012362,1.9215817054112752,0.5570764103732472
/home/cmantill/narrador-futbol/experiments/positions/grid_search_outputs/20260426_195856/runs/run_156_h192_objh256_te128_fu256_obj1_ff4_blocks5_drop0p15_lr0p0005_wd0p0001,/home/cmantill/narrador-futbol/experiments/positions/grid_search_outputs/20260426_195856/runs/run_156_h192_objh256_te128_fu256_obj1_ff4_blocks5_drop0p15_lr0p0005_wd0p0001/best_model.pt,128,256,192,256,1,4,5,0.15,0.0005,0.0001,512,True,1,early_stopping_val_macro_f1_patience_3,0.5924428434904065,0.5568789845475053,0.5878971340536799,0.5794548354356966,0.5335779854185181,0.5470925351886605,1.916472801455745,0.5568789845475053
/home/cmantill/narrador-futbol/experiments/positions/grid_search_outputs/20260426_195856/runs/run_081_h128_objh128_te64_fu128_obj1_ff4_blocks4_drop0p25_lr0p001_wd0p0005,/home/cmantill/narrador-futbol/experiments/positions/grid_search_outputs/20260426_195856/runs/run_081_h128_objh128_te64_fu128_obj1_ff4_blocks4_drop0p25_lr0p001_wd0p0005/best_model.pt,64,128,128,128,1,4,4,0.25,0.001,0.0005,512,True,3,early_stopping_val_loss_overfit_patience_3,0.5789899286922002,0.5563448637442555,0.5823342454265525,0.5571987820791648,0.5284578013173256,0.5397775933096486,2.15974971541652,0.5563448637442555
/home/cmantill/narrador-futbol/experiments/positions/grid_search_outputs/20260426_195856/runs/run_117_h128_objh128_te64_fu128_obj2_ff4_blocks4_drop0p3_lr0p001_wd0p001,/home/cmantill/narrador-futbol/experiments/positions/grid_search_outputs/20260426_195856/runs/run_117_h128_objh128_te64_fu128_obj2_ff4_blocks4_drop0p3_lr0p001_wd0p001/best_model.pt,64,128,128,128,2,4,4,0.3,0.001,0.001,512,True,1,early_stopping_val_macro_f1_patience_3,0.5911931191648901,0.555931856144786,0.5891628995152025,0.5869218500797448,0.5650148607422821,0.5707487838571083,1.7129374124385692,0.555931856144786
/home/cmantill/narrador-futbol/experiments/positions/grid_search_outputs/20260426_195856/runs/run_323_h256_objh256_te128_fu256_obj1_ff4_blocks5_drop0p25_lr0p001_wd0p0005,/home/cmantill/narrador-futbol/experiments/positions/grid_search_outputs/20260426_195856/runs/run_323_h256_objh256_te128_fu256_obj1_ff4_blocks5_drop0p25_lr0p001_wd0p0005/best_model.pt,128,256,256,256,1,4,5,0.25,0.001,0.0005,512,True,1,early_stopping_val_macro_f1_patience_3,0.5835477468205543,0.5557634016358677,0.5845453103939792,0.5742351747136436,0.5319091064252438,0.5513818674495367,2.0017203710697316,0.5557634016358677
/home/cmantill/narrador-futbol/experiments/positions/grid_search_outputs/20260426_195856/runs/run_292_h256_objh256_te128_fu256_obj1_ff2_blocks4_drop0p2_lr0p0005_wd0p0005,/home/cmantill/narrador-futbol/experiments/positions/grid_search_outputs/20260426_195856/runs/run_292_h256_objh256_te128_fu256_obj1_ff2_blocks4_drop0p2_lr0p0005_wd0p0005/best_model.pt,128,256,256,256,1,2,4,0.2,0.0005,0.0005,512,True,1,early_stopping_val_macro_f1_patience_3,0.5774461515842093,0.5556517226059601,0.5898562275216385,0.5489343192692475,0.525134792785524,0.5342960568308615,1.799491888946957,0.5556517226059601
/home/cmantill/narrador-futbol/experiments/positions/grid_search_outputs/20260426_195856/runs/run_062_h128_objh128_te64_fu128_obj2_ff2_blocks3_drop0p2_lr0p0005_wd0p0005,/home/cmantill/narrador-futbol/experiments/positions/grid_search_outputs/20260426_195856/runs/run_062_h128_objh128_te64_fu128_obj2_ff2_blocks3_drop0p2_lr0p0005_wd0p0005/best_model.pt,64,128,128,128,2,2,3,0.2,0.0005,0.0005,512,True,2,early_stopping_val_macro_f1_patience_3,0.5886201573182386,0.5548790339639595,0.586559096673232,0.5709728867623605,0.5473253195357066,0.5566905291724444,1.700045726917408,0.5548790339639595
/home/cmantill/narrador-futbol/experiments/positions/grid_search_outputs/20260426_195856/runs/run_294_h256_objh256_te128_fu256_obj1_ff2_blocks5_drop0p2_lr0p0005_wd0p0005,/home/cmantill/narrador-futbol/experiments/positions/grid_search_outputs/20260426_195856/runs/run_294_h256_objh256_te128_fu256_obj1_ff2_blocks5_drop0p2_lr0p0005_wd0p0005/best_model.pt,128,256,256,256,1,2,5,0.2,0.0005,0.0005,512,True,2,early_stopping_val_loss_overfit_patience_3,0.5828861280599867,0.5547849944691227,0.5898895951216122,0.5452370595911266,0.5278677417644242,0.5348676367851819,1.884290999836392,0.5547849944691227
/home/cmantill/narrador-futbol/experiments/positions/grid_search_outputs/20260426_195856/runs/run_460_h256_objh384_te256_fu384_obj1_ff2_blocks4_drop0p3_lr0p0005_wd0p001,/home/cmantill/narrador-futbol/experiments/positions/grid_search_outputs/20260426_195856/runs/run_460_h256_objh384_te256_fu384_obj1_ff2_blocks4_drop0p3_lr0p0005_wd0p001/best_model.pt,256,384,256,384,1,2,4,0.3,0.0005,0.001,512,True,2,early_stopping_val_macro_f1_patience_3,0.5873704329927222,0.5544983610612212,0.5881230643778999,0.52972306800058,0.4999816614904734,0.5160127616974465,2.0180240251399852,0.5544983610612212
/home/cmantill/narrador-futbol/experiments/positions/grid_search_outputs/20260426_195856/runs/run_324_h256_objh256_te128_fu256_obj1_ff4_blocks5_drop0p25_lr0p0005_wd0p0005,/home/cmantill/narrador-futbol/experiments/positions/grid_search_outputs/20260426_195856/runs/run_324_h256_objh256_te128_fu256_obj1_ff4_blocks5_drop0p25_lr0p0005_wd0p0005/best_model.pt,128,256,256,256,1,4,5,0.25,0.0005,0.0005,512,True,1,early_stopping_val_macro_f1_patience_3,0.5806072189958097,0.5542091905851251,0.5808364490019388,0.5657532260403074,0.5215283871773391,0.5394217742345496,1.8423414517332006,0.5542091905851251
/home/cmantill/narrador-futbol/experiments/positions/grid_search_outputs/20260426_195856/runs/run_464_h256_objh384_te256_fu384_obj1_ff4_blocks3_drop0p3_lr0p0005_wd0p001,/home/cmantill/narrador-futbol/experiments/positions/grid_search_outputs/20260426_195856/runs/run_464_h256_objh384_te256_fu384_obj1_ff4_blocks3_drop0p3_lr0p0005_wd0p001/best_model.pt,256,384,256,384,1,4,3,0.3,0.0005,0.001,512,True,1,early_stopping_val_macro_f1_patience_3,0.587223406601485,0.5541641722864664,0.5893420419570969,0.5822096563723358,0.5503555256785552,0.5628041001252543,1.8286564725416679,0.5541641722864664
/home/cmantill/narrador-futbol/experiments/positions/grid_search_outputs/20260426_195856/runs/run_412_h256_objh384_te256_fu384_obj1_ff2_blocks4_drop0p2_lr0p0005_wd0p0005,/home/cmantill/narrador-futbol/experiments/positions/grid_search_outputs/20260426_195856/runs/run_412_h256_objh384_te256_fu384_obj1_ff2_blocks4_drop0p2_lr0p0005_wd0p0005/best_model.pt,256,384,256,384,1,2,4,0.2,0.0005,0.0005,512,True,2,early_stopping_val_loss_overfit_patience_3,0.5903109608174667,0.5540787485325933,0.5934879551610219,0.5273307235029723,0.4933711696650301,0.5150784449678218,2.1123169704719826,0.5540787485325933
/home/cmantill/narrador-futbol/experiments/positions/grid_search_outputs/20260426_195856/runs/run_318_h256_objh256_te128_fu256_obj1_ff2_blocks5_drop0p25_lr0p0005_wd0p0005,/home/cmantill/narrador-futbol/experiments/positions/grid_search_outputs/20260426_195856/runs/run_318_h256_objh256_te128_fu256_obj1_ff2_blocks5_drop0p25_lr0p0005_wd0p0005/best_model.pt,128,256,256,256,1,2,5,0.25,0.0005,0.0005,512,True,2,early_stopping_val_loss_overfit_patience_3,0.6025141512901566,0.5540515752594845,0.5989237861984665,0.5425547339422937,0.500268202922724,0.5171024930733253,2.0629541564870766,0.5540515752594845
/home/cmantill/narrador-futbol/experiments/positions/grid_search_outputs/20260426_195856/runs/run_212_h192_objh256_te128_fu256_obj2_ff4_blocks3_drop0p25_lr0p0005_wd0p0005,/home/cmantill/narrador-futbol/experiments/positions/grid_search_outputs/20260426_195856/runs/run_212_h192_objh256_te128_fu256_obj2_ff4_blocks3_drop0p25_lr0p0005_wd0p0005/best_model.pt,128,256,192,256,2,4,3,0.25,0.0005,0.0005,512,True,1,early_stopping_val_macro_f1_patience_3,0.5880320517532898,0.5540313531860869,0.5902010779190165,0.5614760040597361,0.5289922279271841,0.5404863399324035,1.896653585963779,0.5540313531860869
/home/cmantill/narrador-futbol/experiments/positions/grid_search_outputs/20260426_195856/runs/run_100_h128_objh128_te64_fu128_obj1_ff2_blocks4_drop0p3_lr0p0005_wd0p001,/home/cmantill/narrador-futbol/experiments/positions/grid_search_outputs/20260426_195856/runs/run_100_h128_objh128_te64_fu128_obj1_ff2_blocks4_drop0p3_lr0p0005_wd0p001/best_model.pt,64,128,128,128,1,2,4,0.3,0.0005,0.001,512,True,1,early_stopping_val_macro_f1_patience_3,0.5945012129677277,0.5537419966744089,0.5949302073157853,0.5996810207336523,0.5690946681482253,0.5814001175483144,1.5869694617059495,0.5537419966744089
/home/cmantill/narrador-futbol/experiments/positions/grid_search_outputs/20260426_195856/runs/run_162_h192_objh256_te128_fu256_obj2_ff2_blocks5_drop0p15_lr0p0005_wd0p0001,/home/cmantill/narrador-futbol/experiments/positions/grid_search_outputs/20260426_195856/runs/run_162_h192_objh256_te128_fu256_obj2_ff2_blocks5_drop0p15_lr0p0005_wd0p0001/best_model.pt,128,256,192,256,2,2,5,0.15,0.0005,0.0001,512,True,1,early_stopping_val_macro_f1_patience_3,0.5839153127986474,0.5535729923292909,0.584866078800995,0.5949688270262433,0.5725982844234858,0.5844751561799134,1.8072404773147017,0.5535729923292909
/home/cmantill/narrador-futbol/experiments/positions/grid_search_outputs/20260426_195856/runs/run_059_h128_objh128_te64_fu128_obj1_ff4_blocks5_drop0p2_lr0p001_wd0p0005,/home/cmantill/narrador-futbol/experiments/positions/grid_search_outputs/20260426_195856/runs/run_059_h128_objh128_te64_fu128_obj1_ff4_blocks5_drop0p2_lr0p001_wd0p0005/best_model.pt,64,128,128,128,1,4,5,0.2,0.001,0.0005,512,True,1,early_stopping_val_macro_f1_patience_3,0.5911196059692715,0.5534300123499442,0.590401482681179,0.574090184138031,0.5400437009636792,0.548915698119151,1.5507330254272178,0.5534300123499442
/home/cmantill/narrador-futbol/experiments/positions/grid_search_outputs/20260426_195856/runs/run_250_h256_objh256_te128_fu256_obj1_ff4_blocks4_drop0p1_lr0p0005_wd0p0001,/home/cmantill/narrador-futbol/experiments/positions/grid_search_outputs/20260426_195856/runs/run_250_h256_objh256_te128_fu256_obj1_ff4_blocks4_drop0p1_lr0p0005_wd0p0001/best_model.pt,128,256,256,256,1,4,4,0.1,0.0005,0.0001,512,True,1,early_stopping_val_macro_f1_patience_3,0.5775931779754466,0.5532469424415244,0.5792105375262231,0.5063795853269537,0.4783597425435588,0.49161292122018685,2.022765186097887,0.5532469424415244
/home/cmantill/narrador-futbol/experiments/positions/grid_search_outputs/20260426_195856/runs/run_470_h256_objh384_te256_fu384_obj2_ff2_blocks3_drop0p3_lr0p0005_wd0p001,/home/cmantill/narrador-futbol/experiments/positions/grid_search_outputs/20260426_195856/runs/run_470_h256_objh384_te256_fu384_obj2_ff2_blocks3_drop0p3_lr0p0005_wd0p001/best_model.pt,256,384,256,384,2,2,3,0.3,0.0005,0.001,512,True,1,early_stopping_val_macro_f1_patience_3,0.5821509961038006,0.5528729336269481,0.5873071930962686,0.5548064375815572,0.5358209384115921,0.5422137286702876,1.7435597203395985,0.5528729336269481
/home/cmantill/narrador-futbol/experiments/positions/grid_search_outputs/20260426_195856/runs/run_350_h256_objh256_te128_fu256_obj2_ff2_blocks3_drop0p3_lr0p0005_wd0p001,/home/cmantill/narrador-futbol/experiments/positions/grid_search_outputs/20260426_195856/runs/run_350_h256_objh256_te128_fu256_obj2_ff2_blocks3_drop0p3_lr0p0005_wd0p001/best_model.pt,128,256,256,256,2,2,3,0.3,0.0005,0.001,512,True,1,early_stopping_val_macro_f1_patience_3,0.5875174593839594,0.5528679606526311,0.588731716112043,0.5695954762940408,0.5344391658344781,0.5471719169046064,1.7908773444317005,0.5528679606526311
/home/cmantill/narrador-futbol/experiments/positions/grid_search_outputs/20260426_195856/runs/run_033_h128_objh128_te64_fu128_obj1_ff4_blocks4_drop0p15_lr0p001_wd0p0001,/home/cmantill/narrador-futbol/experiments/positions/grid_search_outputs/20260426_195856/runs/run_033_h128_objh128_te64_fu128_obj1_ff4_blocks4_drop0p15_lr0p001_wd0p0001/best_model.pt,64,128,128,128,1,4,4,0.15,0.001,0.0001,512,True,2,early_stopping_val_macro_f1_patience_3,0.5879585385576711,0.5527503423005979,0.587545361810679,0.5612585181963172,0.5257108171289683,0.5376419820719769,2.2305986594270775,0.5527503423005979
/home/cmantill/narrador-futbol/experiments/positions/grid_search_outputs/20260426_195856/runs/run_056_h128_objh128_te64_fu128_obj1_ff4_blocks3_drop0p2_lr0p0005_wd0p0005,/home/cmantill/narrador-futbol/experiments/positions/grid_search_outputs/20260426_195856/runs/run_056_h128_objh128_te64_fu128_obj1_ff4_blocks3_drop0p2_lr0p0005_wd0p0005/best_model.pt,64,128,128,128,1,4,3,0.2,0.0005,0.0005,512,True,2,early_stopping_val_macro_f1_patience_3,0.5957509372932441,0.5527189472443064,0.5865727246394679,0.5762650427722198,0.546685173450534,0.5535856608328946,1.7280910898137976,0.5527189472443064
/home/cmantill/narrador-futbol/experiments/positions/grid_search_outputs/20260426_195856/runs/run_032_h128_objh128_te64_fu128_obj1_ff4_blocks3_drop0p15_lr0p0005_wd0p0001,/home/cmantill/narrador-futbol/experiments/positions/grid_search_outputs/20260426_195856/runs/run_032_h128_objh128_te64_fu128_obj1_ff4_blocks3_drop0p15_lr0p0005_wd0p0001/best_model.pt,64,128,128,128,1,4,3,0.15,0.0005,0.0001,512,True,2,early_stopping_val_loss_overfit_patience_3,0.6081746673527898,0.5526862702576264,0.5935722523073064,0.5682180658257213,0.529807547882808,0.5463897704268069,1.9308067670574895,0.5526862702576264
/home/cmantill/narrador-futbol/experiments/positions/grid_search_outputs/20260426_195856/runs/run_241_h256_objh256_te128_fu256_obj1_ff2_blocks3_drop0p1_lr0p001_wd0p0001,/home/cmantill/narrador-futbol/experiments/positions/grid_search_outputs/20260426_195856/runs/run_241_h256_objh256_te128_fu256_obj1_ff2_blocks3_drop0p1_lr0p001_wd0p0001/best_model.pt,128,256,256,256,1,2,3,0.1,0.001,0.0001,512,True,1,early_stopping_val_macro_f1_patience_3,0.5825920752775123,0.5523514106795919,0.5920340801105638,0.5248658837175584,0.4792934055042652,0.5073416035434654,1.9789689227386758,0.5523514106795919
/home/cmantill/narrador-futbol/experiments/positions/grid_search_outputs/20260426_195856/runs/run_232_h192_objh256_te128_fu256_obj2_ff2_blocks4_drop0p3_lr0p0005_wd0p001,/home/cmantill/narrador-futbol/experiments/positions/grid_search_outputs/20260426_195856/runs/run_232_h192_objh256_te128_fu256_obj2_ff2_blocks4_drop0p3_lr0p0005_wd0p001/best_model.pt,128,256,192,256,2,2,4,0.3,0.0005,0.001,512,True,2,early_stopping_val_loss_overfit_patience_3,0.5795780342571492,0.5522708950491633,0.5875437020110631,0.5519791213571118,0.5260727819147252,0.5316732536501191,1.888993552437535,0.5522708950491633
/home/cmantill/narrador-futbol/experiments/positions/grid_search_outputs/20260426_195856/runs/run_046_h128_objh128_te64_fu128_obj2_ff4_blocks4_drop0p15_lr0p0005_wd0p0001,/home/cmantill/narrador-futbol/experiments/positions/grid_search_outputs/20260426_195856/runs/run_046_h128_objh128_te64_fu128_obj2_ff4_blocks4_drop0p15_lr0p0005_wd0p0001/best_model.pt,64,128,128,128,2,4,4,0.15,0.0005,0.0001,512,True,2,early_stopping_val_loss_overfit_patience_3,0.5911931191648901,0.5518020691938166,0.5852664862960799,0.5655357401768885,0.5319002709830781,0.5434656418111471,1.6642792026201885,0.5518020691938166
/home/cmantill/narrador-futbol/experiments/positions/grid_search_outputs/20260426_195856/runs/run_066_h128_objh128_te64_fu128_obj2_ff2_blocks5_drop0p2_lr0p0005_wd0p0005,/home/cmantill/narrador-futbol/experiments/positions/grid_search_outputs/20260426_195856/runs/run_066_h128_objh128_te64_fu128_obj2_ff2_blocks5_drop0p2_lr0p0005_wd0p0005/best_model.pt,64,128,128,128,2,2,5,0.2,0.0005,0.0005,512,True,2,early_stopping_val_macro_f1_patience_3,0.5868558406233919,0.5513600007993967,0.5778536055745274,0.5558213716108453,0.5243715933126779,0.5291462982499938,1.6922868997962386,0.5513600007993967
/home/cmantill/narrador-futbol/experiments/positions/grid_search_outputs/20260426_195856/runs/run_428_h256_objh384_te256_fu384_obj2_ff4_blocks3_drop0p2_lr0p0005_wd0p0005,/home/cmantill/narrador-futbol/experiments/positions/grid_search_outputs/20260426_195856/runs/run_428_h256_objh384_te256_fu384_obj2_ff4_blocks3_drop0p2_lr0p0005_wd0p0005/best_model.pt,256,384,256,384,2,4,3,0.2,0.0005,0.0005,512,True,3,early_stopping_val_loss_overfit_patience_3,0.5690656472836875,0.5511976423204062,0.588015548463358,0.5163839350442221,0.47573750210695315,0.49909431053808134,1.9642628961139255,0.5511976423204062
/home/cmantill/narrador-futbol/experiments/positions/grid_search_outputs/20260426_195856/runs/run_278_h256_objh256_te128_fu256_obj2_ff2_blocks3_drop0p15_lr0p0005_wd0p0001,/home/cmantill/narrador-futbol/experiments/positions/grid_search_outputs/20260426_195856/runs/run_278_h256_objh256_te128_fu256_obj2_ff2_blocks3_drop0p15_lr0p0005_wd0p0001/best_model.pt,128,256,256,256,2,2,3,0.15,0.0005,0.0001,512,True,1,early_stopping_val_macro_f1_patience_3,0.5855326031022569,0.5508896780221254,0.5823340240915762,0.547339422937509,0.5103412119942523,0.523896989516169,1.9437094463242426,0.5508896780221254
/home/cmantill/narrador-futbol/experiments/positions/grid_search_outputs/20260426_195856/runs/run_030_h128_objh128_te64_fu128_obj1_ff2_blocks5_drop0p15_lr0p0005_wd0p0001,/home/cmantill/narrador-futbol/experiments/positions/grid_search_outputs/20260426_195856/runs/run_030_h128_objh128_te64_fu128_obj1_ff2_blocks5_drop0p15_lr0p0005_wd0p0001/best_model.pt,64,128,128,128,1,2,5,0.15,0.0005,0.0001,512,True,2,early_stopping_val_loss_overfit_patience_3,0.5861942218628243,0.5508837547232369,0.5879309393255789,0.5658257213281137,0.5386905429679198,0.5474600738919424,1.675555670702899,0.5508837547232369
/home/cmantill/narrador-futbol/experiments/positions/grid_search_outputs/20260426_195856/runs/run_115_h128_objh128_te64_fu128_obj2_ff4_blocks3_drop0p3_lr0p001_wd0p001,/home/cmantill/narrador-futbol/experiments/positions/grid_search_outputs/20260426_195856/runs/run_115_h128_objh128_te64_fu128_obj2_ff4_blocks3_drop0p3_lr0p001_wd0p001/best_model.pt,64,128,128,128,2,4,3,0.3,0.001,0.001,512,True,2,early_stopping_val_macro_f1_patience_3,0.5796515474527678,0.5506962809315792,0.581237953963695,0.5733652312599681,0.5412977575077155,0.5493641576130838,1.6927848436214306,0.5506962809315792
/home/cmantill/narrador-futbol/experiments/positions/grid_search_outputs/20260426_195856/runs/run_105_h128_objh128_te64_fu128_obj1_ff4_blocks4_drop0p3_lr0p001_wd0p001,/home/cmantill/narrador-futbol/experiments/positions/grid_search_outputs/20260426_195856/runs/run_105_h128_objh128_te64_fu128_obj1_ff4_blocks4_drop0p3_lr0p001_wd0p001/best_model.pt,64,128,128,128,1,4,4,0.3,0.001,0.001,512,True,2,early_stopping_val_loss_overfit_patience_3,0.5937660810115416,0.5506951102778423,0.5912039447103193,0.541612295200812,0.5128825788654817,0.5252117272962753,2.04641005286464,0.5506951102778423
/home/cmantill/narrador-futbol/experiments/positions/grid_search_outputs/20260426_195856/runs/run_304_h256_objh256_te128_fu256_obj2_ff2_blocks4_drop0p2_lr0p0005_wd0p0005,/home/cmantill/narrador-futbol/experiments/positions/grid_search_outputs/20260426_195856/runs/run_304_h256_objh256_te128_fu256_obj2_ff2_blocks4_drop0p2_lr0p0005_wd0p0005/best_model.pt,128,256,256,256,2,2,4,0.2,0.0005,0.0005,512,True,1,early_stopping_val_macro_f1_patience_3,0.5767845328236418,0.5504514055365383,0.5777587291832583,0.5484268522546034,0.5173838839596003,0.5293229317899437,1.714618373800207,0.5504514055365383
/home/cmantill/narrador-futbol/experiments/positions/grid_search_outputs/20260426_195856/runs/run_222_h192_objh256_te128_fu256_obj1_ff2_blocks5_drop0p3_lr0p0005_wd0p001,/home/cmantill/narrador-futbol/experiments/positions/grid_search_outputs/20260426_195856/runs/run_222_h192_objh256_te128_fu256_obj1_ff2_blocks5_drop0p3_lr0p0005_wd0p001/best_model.pt,128,256,192,256,1,2,5,0.3,0.0005,0.001,512,True,3,early_stopping_val_loss_overfit_patience_3,0.5823715356906565,0.5503438320092277,0.5817780375271386,0.5299405538639989,0.48565111298838004,0.5154879262068267,1.7421962861661557,0.5503438320092277
/home/cmantill/narrador-futbol/experiments/positions/grid_search_outputs/20260426_195856/runs/run_299_h256_objh256_te128_fu256_obj1_ff4_blocks5_drop0p2_lr0p001_wd0p0005,/home/cmantill/narrador-futbol/experiments/positions/grid_search_outputs/20260426_195856/runs/run_299_h256_objh256_te128_fu256_obj1_ff4_blocks5_drop0p2_lr0p001_wd0p0005/best_model.pt,128,256,256,256,1,4,5,0.2,0.001,0.0005,512,True,1,early_stopping_val_macro_f1_patience_3,0.5897963684481364,0.5500496200329738,0.5874661023978913,0.5705379150355226,0.5275152162031541,0.5493944517025476,2.0646488865216575,0.5500496200329738
/home/cmantill/narrador-futbol/experiments/positions/grid_search_outputs/20260426_195856/runs/run_218_h192_objh256_te128_fu256_obj1_ff2_blocks3_drop0p3_lr0p0005_wd0p001,/home/cmantill/narrador-futbol/experiments/positions/grid_search_outputs/20260426_195856/runs/run_218_h192_objh256_te128_fu256_obj1_ff2_blocks3_drop0p3_lr0p0005_wd0p001/best_model.pt,128,256,192,256,1,2,3,0.3,0.0005,0.001,512,True,2,early_stopping_val_macro_f1_patience_3,0.5859736822759686,0.5500441197381514,0.5909571200172185,0.5762650427722198,0.5383320817595073,0.554088090113836,1.84773294572477,0.5500441197381514
/home/cmantill/narrador-futbol/experiments/positions/grid_search_outputs/20260426_195856/runs/run_169_h192_objh256_te128_fu256_obj1_ff2_blocks3_drop0p2_lr0p001_wd0p0005,/home/cmantill/narrador-futbol/experiments/positions/grid_search_outputs/20260426_195856/runs/run_169_h192_objh256_te128_fu256_obj1_ff2_blocks3_drop0p2_lr0p001_wd0p0005/best_model.pt,128,256,192,256,1,2,3,0.2,0.001,0.0005,512,True,1,early_stopping_val_macro_f1_patience_3,0.5751672425200324,0.5498840896199415,0.5809682692885051,0.5448020878642889,0.5083340239917874,0.5180427387047012,2.0524902674886913,0.5498840896199415
/home/cmantill/narrador-futbol/experiments/positions/grid_search_outputs/20260426_195856/runs/run_344_h256_objh256_te128_fu256_obj1_ff4_blocks3_drop0p3_lr0p0005_wd0p001,/home/cmantill/narrador-futbol/experiments/positions/grid_search_outputs/20260426_195856/runs/run_344_h256_objh256_te128_fu256_obj1_ff4_blocks3_drop0p3_lr0p0005_wd0p001/best_model.pt,128,256,256,256,1,4,3,0.3,0.0005,0.001,512,True,2,early_stopping_val_macro_f1_patience_3,0.5786223627141072,0.5498630173008053,0.5743990476397483,0.5526315789473685,0.5128200421416207,0.529947291222577,1.9003338902084916,0.5498630173008053
/home/cmantill/narrador-futbol/experiments/positions/grid_search_outputs/20260426_195856/runs/run_121_h192_objh256_te128_fu256_obj1_ff2_blocks3_drop0p1_lr0p001_wd0p0001,/home/cmantill/narrador-futbol/experiments/positions/grid_search_outputs/20260426_195856/runs/run_121_h192_objh256_te128_fu256_obj1_ff2_blocks3_drop0p1_lr0p001_wd0p0001/best_model.pt,128,256,192,256,1,2,3,0.1,0.001,0.0001,512,True,2,early_stopping_val_loss_overfit_patience_3,0.5881055649489083,0.549695819827821,0.5890612953581712,0.5176163549369291,0.4912915836923057,0.5151108719634216,2.3587200001434043,0.549695819827821
/home/cmantill/narrador-futbol/experiments/positions/grid_search_outputs/20260426_195856/runs/run_118_h128_objh128_te64_fu128_obj2_ff4_blocks4_drop0p3_lr0p0005_wd0p001,/home/cmantill/narrador-futbol/experiments/positions/grid_search_outputs/20260426_195856/runs/run_118_h128_objh128_te64_fu128_obj2_ff4_blocks4_drop0p3_lr0p0005_wd0p001/best_model.pt,64,128,128,128,2,4,4,0.3,0.0005,0.001,512,True,3,early_stopping_val_loss_overfit_patience_3,0.5723002278909064,0.5493623976909672,0.5775150721300106,0.5411048281861679,0.5180816788294806,0.5276134608298144,1.633112618216762,0.5493623976909672
/home/cmantill/narrador-futbol/experiments/positions/grid_search_outputs/20260426_195856/runs/run_182_h192_objh256_te128_fu256_obj2_ff2_blocks3_drop0p2_lr0p0005_wd0p0005,/home/cmantill/narrador-futbol/experiments/positions/grid_search_outputs/20260426_195856/runs/run_182_h192_objh256_te128_fu256_obj2_ff2_blocks3_drop0p2_lr0p0005_wd0p0005/best_model.pt,128,256,192,256,2,2,3,0.2,0.0005,0.0005,512,True,1,early_stopping_val_macro_f1_patience_3,0.58854664412262,0.5491542954178544,0.5883064771684765,0.5831520951138176,0.5512791289790734,0.5592868303437156,2.066866550180647,0.5491542954178544
/home/cmantill/narrador-futbol/experiments/positions/grid_search_outputs/20260426_195856/runs/run_364_h256_objh384_te256_fu384_obj1_ff2_blocks4_drop0p1_lr0p0005_wd0p0001,/home/cmantill/narrador-futbol/experiments/positions/grid_search_outputs/20260426_195856/runs/run_364_h256_objh384_te256_fu384_obj1_ff2_blocks4_drop0p1_lr0p0005_wd0p0001/best_model.pt,256,384,256,384,1,2,4,0.1,0.0005,0.0001,512,True,1,early_stopping_val_macro_f1_patience_3,0.5864147614496802,0.5490660436325474,0.5884641157985907,0.5635783674061186,0.5325345654679212,0.5459102980193428,2.042809625466665,0.5490660436325474
/home/cmantill/narrador-futbol/experiments/positions/grid_search_outputs/20260426_195856/runs/run_138_h192_objh256_te128_fu256_obj2_ff2_blocks5_drop0p1_lr0p0005_wd0p0001,/home/cmantill/narrador-futbol/experiments/positions/grid_search_outputs/20260426_195856/runs/run_138_h192_objh256_te128_fu256_obj2_ff2_blocks5_drop0p1_lr0p0005_wd0p0001/best_model.pt,128,256,192,256,2,2,5,0.1,0.0005,0.0001,512,True,1,early_stopping_val_macro_f1_patience_3,0.5750202161287952,0.5486326521415699,0.5836960467501613,0.5640133391329564,0.5403644142009325,0.552864930132333,1.8613043670301084,0.5486326521415699
/home/cmantill/narrador-futbol/experiments/positions/grid_search_outputs/20260426_195856/runs/run_087_h128_objh128_te64_fu128_obj2_ff2_blocks4_drop0p25_lr0p001_wd0p0005,/home/cmantill/narrador-futbol/experiments/positions/grid_search_outputs/20260426_195856/runs/run_087_h128_objh128_te64_fu128_obj2_ff2_blocks4_drop0p25_lr0p001_wd0p0005/best_model.pt,64,128,128,128,2,2,4,0.25,0.001,0.0005,512,True,3,early_stopping_val_loss_overfit_patience_3,0.5814893773432331,0.5486304652595408,0.5909246739785026,0.5173263737857039,0.48598498907786103,0.5120339699036293,1.9336396168779444,0.5486304652595408
/home/cmantill/narrador-futbol/experiments/positions/grid_search_outputs/20260426_195856/runs/run_448_h256_objh384_te256_fu384_obj2_ff2_blocks4_drop0p25_lr0p0005_wd0p0005,/home/cmantill/narrador-futbol/experiments/positions/grid_search_outputs/20260426_195856/runs/run_448_h256_objh384_te256_fu384_obj2_ff2_blocks4_drop0p25_lr0p0005_wd0p0005/best_model.pt,256,384,256,384,2,2,4,0.25,0.0005,0.0005,512,True,2,early_stopping_val_loss_overfit_patience_3,0.5622289200911563,0.5486022702181926,0.5797104360883567,0.5255183413078149,0.494615056916769,0.5088765237362669,2.1768129688722118,0.5486022702181926
/home/cmantill/narrador-futbol/experiments/positions/grid_search_outputs/20260426_195856/runs/run_035_h128_objh128_te64_fu128_obj1_ff4_blocks5_drop0p15_lr0p001_wd0p0001,/home/cmantill/narrador-futbol/experiments/positions/grid_search_outputs/20260426_195856/runs/run_035_h128_objh128_te64_fu128_obj1_ff4_blocks5_drop0p15_lr0p001_wd0p0001/best_model.pt,64,128,128,128,1,4,5,0.15,0.001,0.0001,512,True,2,early_stopping_val_loss_overfit_patience_3,0.5856061162978755,0.5484564031000806,0.5814400348899973,0.5703204291721038,0.5329837209745456,0.5498176602774585,2.0625918595879167,0.5484564031000806
/home/cmantill/narrador-futbol/experiments/positions/grid_search_outputs/20260426_195856/runs/run_272_h256_objh256_te128_fu256_obj1_ff4_blocks3_drop0p15_lr0p0005_wd0p0001,/home/cmantill/narrador-futbol/experiments/positions/grid_search_outputs/20260426_195856/runs/run_272_h256_objh256_te128_fu256_obj1_ff4_blocks3_drop0p15_lr0p0005_wd0p0001/best_model.pt,128,256,256,256,1,4,3,0.15,0.0005,0.0001,512,True,2,early_stopping_val_macro_f1_patience_3,0.5734764390208043,0.5482790114903182,0.5794479023723937,0.5332753371030883,0.5041783386935292,0.5250080610079755,1.764795583707315,0.5482790114903182
/home/cmantill/narrador-futbol/experiments/positions/grid_search_outputs/20260426_195856/runs/run_070_h128_objh128_te64_fu128_obj2_ff4_blocks4_drop0p2_lr0p0005_wd0p0005,/home/cmantill/narrador-futbol/experiments/positions/grid_search_outputs/20260426_195856/runs/run_070_h128_objh128_te64_fu128_obj2_ff4_blocks4_drop0p2_lr0p0005_wd0p0005/best_model.pt,64,128,128,128,2,4,4,0.2,0.0005,0.0005,512,True,3,early_stopping_val_loss_overfit_patience_3,0.5770050724104977,0.5479082105624209,0.5862485717270652,0.5110192837465565,0.4832366869946277,0.5001100762909174,1.7291013421835724,0.5479082105624209
/home/cmantill/narrador-futbol/experiments/positions/grid_search_outputs/20260426_195856/runs/run_388_h256_objh384_te256_fu384_obj1_ff2_blocks4_drop0p15_lr0p0005_wd0p0001,/home/cmantill/narrador-futbol/experiments/positions/grid_search_outputs/20260426_195856/runs/run_388_h256_objh384_te256_fu384_obj1_ff2_blocks4_drop0p15_lr0p0005_wd0p0001/best_model.pt,256,384,256,384,1,2,4,0.15,0.0005,0.0001,512,True,2,early_stopping_val_loss_overfit_patience_3,0.593692567815923,0.547602709456892,0.5853238340675138,0.5625634333768305,0.5324947792623892,0.54787828281094,2.1821479068862066,0.547602709456892
/home/cmantill/narrador-futbol/experiments/positions/grid_search_outputs/20260426_195856/runs/run_346_h256_objh256_te128_fu256_obj1_ff4_blocks4_drop0p3_lr0p0005_wd0p001,/home/cmantill/narrador-futbol/experiments/positions/grid_search_outputs/20260426_195856/runs/run_346_h256_objh256_te128_fu256_obj1_ff4_blocks4_drop0p3_lr0p0005_wd0p001/best_model.pt,128,256,256,256,1,4,4,0.3,0.0005,0.001,512,True,1,early_stopping_val_macro_f1_patience_3,0.5833272072336985,0.5470206008933691,0.57898467368887,0.5886617369870958,0.5591766797184069,0.5757470369465485,1.9509149304142706,0.5470206008933691
/home/cmantill/narrador-futbol/experiments/positions/grid_search_outputs/20260426_195856/runs/run_254_h256_objh256_te128_fu256_obj2_ff2_blocks3_drop0p1_lr0p0005_wd0p0001,/home/cmantill/narrador-futbol/experiments/positions/grid_search_outputs/20260426_195856/runs/run_254_h256_objh256_te128_fu256_obj2_ff2_blocks3_drop0p1_lr0p0005_wd0p0001/best_model.pt,128,256,256,256,2,2,3,0.1,0.0005,0.0001,512,True,1,early_stopping_val_macro_f1_patience_3,0.590457987208704,0.5470117844199723,0.5849132976184478,0.548064375815572,0.5093057446828908,0.5257556620547158,2.0789637057869523,0.5470117844199723
/home/cmantill/narrador-futbol/experiments/positions/grid_search_outputs/20260426_195856/runs/run_072_h128_objh128_te64_fu128_obj2_ff4_blocks5_drop0p2_lr0p0005_wd0p0005,/home/cmantill/narrador-futbol/experiments/positions/grid_search_outputs/20260426_195856/runs/run_072_h128_objh128_te64_fu128_obj2_ff4_blocks5_drop0p2_lr0p0005_wd0p0005/best_model.pt,64,128,128,128,2,4,5,0.2,0.0005,0.0005,512,True,4,early_stopping_val_loss_overfit_patience_3,0.5764169668455488,0.546718157460079,0.5802977382551695,0.5305205161664491,0.49800243703540076,0.5231684005194687,1.8276800027600042,0.546718157460079
/home/cmantill/narrador-futbol/experiments/positions/grid_search_outputs/20260426_195856/runs/run_251_h256_objh256_te128_fu256_obj1_ff4_blocks5_drop0p1_lr0p001_wd0p0001,/home/cmantill/narrador-futbol/experiments/positions/grid_search_outputs/20260426_195856/runs/run_251_h256_objh256_te128_fu256_obj1_ff4_blocks5_drop0p1_lr0p001_wd0p0001/best_model.pt,128,256,256,256,1,4,5,0.1,0.001,0.0001,512,True,1,early_stopping_val_macro_f1_patience_3,0.5786223627141072,0.5466228961987177,0.5732424163994557,0.5579962302450341,0.5161728871878367,0.5429274680022832,2.4199268972432173,0.5466228961987177
/home/cmantill/narrador-futbol/experiments/positions/grid_search_outputs/20260426_195856/runs/run_400_h256_objh384_te256_fu384_obj2_ff2_blocks4_drop0p15_lr0p0005_wd0p0001,/home/cmantill/narrador-futbol/experiments/positions/grid_search_outputs/20260426_195856/runs/run_400_h256_objh384_te256_fu384_obj2_ff2_blocks4_drop0p15_lr0p0005_wd0p0001/best_model.pt,256,384,256,384,2,2,4,0.15,0.0005,0.0001,512,True,1,early_stopping_val_macro_f1_patience_3,0.5900904212306108,0.5465533181297348,0.5897957933810384,0.5402348847324924,0.5064416216044932,0.5191271669402537,2.2330336283754417,0.5465533181297348
/home/cmantill/narrador-futbol/experiments/positions/grid_search_outputs/20260426_195856/runs/run_113_h128_objh128_te64_fu128_obj2_ff2_blocks5_drop0p3_lr0p001_wd0p001,/home/cmantill/narrador-futbol/experiments/positions/grid_search_outputs/20260426_195856/runs/run_113_h128_objh128_te64_fu128_obj2_ff2_blocks5_drop0p3_lr0p001_wd0p001/best_model.pt,64,128,128,128,2,2,5,0.3,0.001,0.001,512,True,2,early_stopping_val_macro_f1_patience_3,0.5678894361537896,0.5462399522189556,0.5748360283673407,0.5672031317964332,0.5346634517196934,0.5434522851909163,1.8211406822557803,0.5462399522189556
/home/cmantill/narrador-futbol/experiments/positions/grid_search_outputs/20260426_195856/runs/run_166_h192_objh256_te128_fu256_obj2_ff4_blocks4_drop0p15_lr0p0005_wd0p0001,/home/cmantill/narrador-futbol/experiments/positions/grid_search_outputs/20260426_195856/runs/run_166_h192_objh256_te128_fu256_obj2_ff4_blocks4_drop0p15_lr0p0005_wd0p0001/best_model.pt,128,256,192,256,2,4,4,0.15,0.0005,0.0001,512,True,1,early_stopping_val_macro_f1_patience_3,0.5892082628831875,0.5459221510300977,0.5881493622167773,0.5765550239234449,0.5485125347910963,0.562189615251667,1.8265573801817718,0.5459221510300977
/home/cmantill/narrador-futbol/experiments/positions/grid_search_outputs/20260426_195856/runs/run_005_h128_objh128_te64_fu128_obj1_ff2_blocks5_drop0p1_lr0p001_wd0p0001,/home/cmantill/narrador-futbol/experiments/positions/grid_search_outputs/20260426_195856/runs/run_005_h128_objh128_te64_fu128_obj1_ff2_blocks5_drop0p1_lr0p001_wd0p0001/best_model.pt,64,128,128,128,1,2,5,0.1,0.001,0.0001,512,True,2,early_stopping_val_loss_overfit_patience_3,0.5727413070646181,0.5458924483422033,0.5795334580308179,0.5514716543424677,0.5251719005146396,0.5466613599781069,2.0835825867123074,0.5458924483422033
/home/cmantill/narrador-futbol/experiments/positions/grid_search_outputs/20260426_195856/runs/run_124_h192_objh256_te128_fu256_obj1_ff2_blocks4_drop0p1_lr0p0005_wd0p0001,/home/cmantill/narrador-futbol/experiments/positions/grid_search_outputs/20260426_195856/runs/run_124_h192_objh256_te128_fu256_obj1_ff2_blocks4_drop0p1_lr0p0005_wd0p0001/best_model.pt,128,256,192,256,1,2,4,0.1,0.0005,0.0001,512,True,4,early_stopping_val_loss_overfit_patience_3,0.5692861868705432,0.5457991400837275,0.5771019032733157,0.5325503842250253,0.505353375291683,0.5138128348793718,2.324359968856529,0.5457991400837275
/home/cmantill/narrador-futbol/experiments/positions/grid_search_outputs/20260426_195856/runs/run_063_h128_objh128_te64_fu128_obj2_ff2_blocks4_drop0p2_lr0p001_wd0p0005,/home/cmantill/narrador-futbol/experiments/positions/grid_search_outputs/20260426_195856/runs/run_063_h128_objh128_te64_fu128_obj2_ff2_blocks4_drop0p2_lr0p001_wd0p0005/best_model.pt,64,128,128,128,2,2,4,0.2,0.001,0.0005,512,True,1,early_stopping_val_macro_f1_patience_3,0.5838417996030287,0.5456714548494251,0.5812431128662064,0.5578512396694215,0.520635684012935,0.5303480602383783,1.9000028393886708,0.5456714548494251
/home/cmantill/narrador-futbol/experiments/positions/grid_search_outputs/20260426_195856/runs/run_049_h128_objh128_te64_fu128_obj1_ff2_blocks3_drop0p2_lr0p001_wd0p0005,/home/cmantill/narrador-futbol/experiments/positions/grid_search_outputs/20260426_195856/runs/run_049_h128_objh128_te64_fu128_obj1_ff2_blocks3_drop0p2_lr0p001_wd0p0005/best_model.pt,64,128,128,128,1,2,3,0.2,0.001,0.0005,512,True,3,early_stopping_val_loss_overfit_patience_3,0.5652429611115195,0.5455790608766554,0.5722080254802003,0.5490793098448601,0.5102693205072112,0.534347743273294,2.1679909803249218,0.5455790608766554
/home/cmantill/narrador-futbol/experiments/positions/grid_search_outputs/20260426_195856/runs/run_125_h192_objh256_te128_fu256_obj1_ff2_blocks5_drop0p1_lr0p001_wd0p0001,/home/cmantill/narrador-futbol/experiments/positions/grid_search_outputs/20260426_195856/runs/run_125_h192_objh256_te128_fu256_obj1_ff2_blocks5_drop0p1_lr0p001_wd0p0001/best_model.pt,128,256,192,256,1,2,5,0.1,0.001,0.0001,512,True,4,early_stopping_val_loss_overfit_patience_3,0.5618613541130633,0.5455236663793683,0.5626093539276936,0.5550964187327824,0.5178086546598634,0.5385622201203513,2.2834875958937184,0.5455236663793683
/home/cmantill/narrador-futbol/experiments/positions/grid_search_outputs/20260426_195856/runs/run_174_h192_objh256_te128_fu256_obj1_ff2_blocks5_drop0p2_lr0p0005_wd0p0005,/home/cmantill/narrador-futbol/experiments/positions/grid_search_outputs/20260426_195856/runs/run_174_h192_objh256_te128_fu256_obj1_ff2_blocks5_drop0p2_lr0p0005_wd0p0005/best_model.pt,128,256,192,256,1,2,5,0.2,0.0005,0.0005,512,True,3,early_stopping_val_loss_overfit_patience_3,0.5692126736749247,0.5452415794442406,0.5814084019439549,0.5246483978541395,0.47560154236687774,0.5044601803929115,1.9701084914030853,0.5452415794442406
/home/cmantill/narrador-futbol/experiments/positions/grid_search_outputs/20260426_195856/runs/run_183_h192_objh256_te128_fu256_obj2_ff2_blocks4_drop0p2_lr0p001_wd0p0005,/home/cmantill/narrador-futbol/experiments/positions/grid_search_outputs/20260426_195856/runs/run_183_h192_objh256_te128_fu256_obj2_ff2_blocks4_drop0p2_lr0p001_wd0p0005/best_model.pt,128,256,192,256,2,2,4,0.2,0.001,0.0005,512,True,2,early_stopping_val_loss_overfit_patience_3,0.5900904212306108,0.5451851274822613,0.591162408927002,0.5519066260693055,0.5175745972626561,0.5315624370270596,1.9898564925900213,0.5451851274822613
/home/cmantill/narrador-futbol/experiments/positions/grid_search_outputs/20260426_195856/runs/run_140_h192_objh256_te128_fu256_obj2_ff4_blocks3_drop0p1_lr0p0005_wd0p0001,/home/cmantill/narrador-futbol/experiments/positions/grid_search_outputs/20260426_195856/runs/run_140_h192_objh256_te128_fu256_obj2_ff4_blocks3_drop0p1_lr0p0005_wd0p0001/best_model.pt,128,256,192,256,2,4,3,0.1,0.0005,0.0001,512,True,2,early_stopping_val_loss_overfit_patience_3,0.5877379989708152,0.5449333392785763,0.5903231943350898,0.5363926344787588,0.4959248859030278,0.52024419685213,2.024847397097835,0.5449333392785763
/home/cmantill/narrador-futbol/experiments/positions/grid_search_outputs/20260426_195856/runs/run_420_h256_objh384_te256_fu384_obj1_ff4_blocks5_drop0p2_lr0p0005_wd0p0005,/home/cmantill/narrador-futbol/experiments/positions/grid_search_outputs/20260426_195856/runs/run_420_h256_objh384_te256_fu384_obj1_ff4_blocks5_drop0p2_lr0p0005_wd0p0005/best_model.pt,256,384,256,384,1,4,5,0.2,0.0005,0.0005,512,True,1,early_stopping_val_macro_f1_patience_3,0.5829596412556054,0.5445278470647235,0.5804706903698301,0.5750326228795128,0.5449790492394726,0.5557108429094527,1.8958177125012432,0.5445278470647235
/home/cmantill/narrador-futbol/experiments/positions/grid_search_outputs/20260426_195856/runs/run_196_h192_objh256_te128_fu256_obj1_ff2_blocks4_drop0p25_lr0p0005_wd0p0005,/home/cmantill/narrador-futbol/experiments/positions/grid_search_outputs/20260426_195856/runs/run_196_h192_objh256_te128_fu256_obj1_ff2_blocks4_drop0p25_lr0p0005_wd0p0005/best_model.pt,128,256,192,256,1,2,4,0.25,0.0005,0.0005,512,True,2,early_stopping_val_loss_overfit_patience_3,0.5845769315592149,0.5443453981011309,0.5873019903491593,0.5197187182833116,0.48284582944404164,0.49473699821535766,2.07548850774765,0.5443453981011309
/home/cmantill/narrador-futbol/experiments/positions/grid_search_outputs/20260426_195856/runs/run_480_h256_objh384_te256_fu384_obj2_ff4_blocks5_drop0p3_lr0p0005_wd0p001,/home/cmantill/narrador-futbol/experiments/positions/grid_search_outputs/20260426_195856/runs/run_480_h256_objh384_te256_fu384_obj2_ff4_blocks5_drop0p3_lr0p0005_wd0p001/best_model.pt,256,384,256,384,2,4,5,0.3,0.0005,0.001,512,True,3,early_stopping_val_loss_overfit_patience_3,0.5724472542821436,0.5440951422106148,0.5743285884345686,0.5149340292880963,0.47374684023229197,0.5024882646901684,2.0445101349442094,0.5440951422106148
/home/cmantill/narrador-futbol/experiments/positions/grid_search_outputs/20260426_195856/runs/run_010_h128_objh128_te64_fu128_obj1_ff4_blocks4_drop0p1_lr0p0005_wd0p0001,/home/cmantill/narrador-futbol/experiments/positions/grid_search_outputs/20260426_195856/runs/run_010_h128_objh128_te64_fu128_obj1_ff4_blocks4_drop0p1_lr0p0005_wd0p0001/best_model.pt,64,128,128,128,1,4,4,0.1,0.0005,0.0001,512,True,3,early_stopping_val_loss_overfit_patience_3,0.5636991840035286,0.5438796216552586,0.5690577550347836,0.5273307235029723,0.4943701202900935,0.5230033751081941,1.7886839420707137,0.5438796216552586
/home/cmantill/narrador-futbol/experiments/positions/grid_search_outputs/20260426_195856/runs/run_233_h192_objh256_te128_fu256_obj2_ff2_blocks5_drop0p3_lr0p001_wd0p001,/home/cmantill/narrador-futbol/experiments/positions/grid_search_outputs/20260426_195856/runs/run_233_h192_objh256_te128_fu256_obj2_ff2_blocks5_drop0p3_lr0p001_wd0p001/best_model.pt,128,256,192,256,2,2,5,0.3,0.001,0.001,512,True,1,early_stopping_val_macro_f1_patience_3,0.5715650959347203,0.5434756558416214,0.5829549324933194,0.5431346962447441,0.5047486414669538,0.5310564463444246,1.9076354106267293,0.5434756558416214
/home/cmantill/narrador-futbol/experiments/positions/grid_search_outputs/20260426_195856/runs/run_024_h128_objh128_te64_fu128_obj2_ff4_blocks5_drop0p1_lr0p0005_wd0p0001,/home/cmantill/narrador-futbol/experiments/positions/grid_search_outputs/20260426_195856/runs/run_024_h128_objh128_te64_fu128_obj2_ff4_blocks5_drop0p1_lr0p0005_wd0p0001/best_model.pt,64,128,128,128,2,4,5,0.1,0.0005,0.0001,512,True,3,early_stopping_val_loss_overfit_patience_3,0.5760494008674557,0.5434400527759217,0.5885848090234712,0.5553863998840075,0.5200307757062809,0.5472804136254352,1.847546829117669,0.5434400527759217
/home/cmantill/narrador-futbol/experiments/positions/grid_search_outputs/20260426_195856/runs/run_302_h256_objh256_te128_fu256_obj2_ff2_blocks3_drop0p2_lr0p0005_wd0p0005,/home/cmantill/narrador-futbol/experiments/positions/grid_search_outputs/20260426_195856/runs/run_302_h256_objh256_te128_fu256_obj2_ff2_blocks3_drop0p2_lr0p0005_wd0p0005/best_model.pt,128,256,256,256,2,2,3,0.2,0.0005,0.0005,512,True,3,early_stopping_val_loss_overfit_patience_3,0.5596559582445049,0.5433011773027324,0.5725092689480441,0.5341452805567638,0.5093211634443903,0.5257953759341512,1.8890839484002855,0.5433011773027324
/home/cmantill/narrador-futbol/experiments/positions/grid_search_outputs/20260426_195856/runs/run_311_h256_objh256_te128_fu256_obj2_ff4_blocks5_drop0p2_lr0p001_wd0p0005,/home/cmantill/narrador-futbol/experiments/positions/grid_search_outputs/20260426_195856/runs/run_311_h256_objh256_te128_fu256_obj2_ff4_blocks5_drop0p2_lr0p001_wd0p0005/best_model.pt,128,256,256,256,2,4,5,0.2,0.001,0.0005,512,True,1,early_stopping_val_macro_f1_patience_3,0.5706094243916783,0.5432921084153792,0.5769550404295685,0.544367116137451,0.5060053960257501,0.5173941209800252,1.9044755653098777,0.5432921084153792
/home/cmantill/narrador-futbol/experiments/positions/grid_search_outputs/20260426_195856/runs/run_468_h256_objh384_te256_fu384_obj1_ff4_blocks5_drop0p3_lr0p0005_wd0p001,/home/cmantill/narrador-futbol/experiments/positions/grid_search_outputs/20260426_195856/runs/run_468_h256_objh384_te256_fu384_obj1_ff4_blocks5_drop0p3_lr0p0005_wd0p001/best_model.pt,256,384,256,384,1,4,5,0.3,0.0005,0.001,512,True,1,early_stopping_val_macro_f1_patience_3,0.5817834301257075,0.5431513698925449,0.5780089602880902,0.5794548354356966,0.550602822925629,0.5615163063555197,1.9734919358182836,0.5431513698925449
/home/cmantill/narrador-futbol/experiments/positions/grid_search_outputs/20260426_195856/runs/run_360_h256_objh256_te128_fu256_obj2_ff4_blocks5_drop0p3_lr0p0005_wd0p001,/home/cmantill/narrador-futbol/experiments/positions/grid_search_outputs/20260426_195856/runs/run_360_h256_objh256_te128_fu256_obj2_ff4_blocks5_drop0p3_lr0p0005_wd0p001/best_model.pt,128,256,256,256,2,4,5,0.3,0.0005,0.001,512,True,2,early_stopping_val_loss_overfit_patience_3,0.5630375652429611,0.5430627606807961,0.5752352203672666,0.4960127591706539,0.46262323757050583,0.4873295954028866,1.8011736980190984,0.5430627606807961
/home/cmantill/narrador-futbol/experiments/positions/grid_search_outputs/20260426_195856/runs/run_090_h128_objh128_te64_fu128_obj2_ff2_blocks5_drop0p25_lr0p0005_wd0p0005,/home/cmantill/narrador-futbol/experiments/positions/grid_search_outputs/20260426_195856/runs/run_090_h128_objh128_te64_fu128_obj2_ff2_blocks5_drop0p25_lr0p0005_wd0p0005/best_model.pt,64,128,128,128,2,2,5,0.25,0.0005,0.0005,512,True,2,early_stopping_val_macro_f1_patience_3,0.5792104682790561,0.5430528694304454,0.5694757759501511,0.5863418877772945,0.5529746223875024,0.5601371728498393,1.6607747585685164,0.5430528694304454
/home/cmantill/narrador-futbol/experiments/positions/grid_search_outputs/20260426_195856/runs/run_003_h128_objh128_te64_fu128_obj1_ff2_blocks4_drop0p1_lr0p001_wd0p0001,/home/cmantill/narrador-futbol/experiments/positions/grid_search_outputs/20260426_195856/runs/run_003_h128_objh128_te64_fu128_obj1_ff2_blocks4_drop0p1_lr0p001_wd0p0001/best_model.pt,64,128,128,128,1,2,4,0.1,0.001,0.0001,512,True,1,early_stopping_val_macro_f1_patience_3,0.5624494596780122,0.5430338342856319,0.5684338056405986,0.5351602145860519,0.49293885497277046,0.5154819262782271,1.9547884773325037,0.5430338342856319
/home/cmantill/narrador-futbol/experiments/positions/grid_search_outputs/20260426_195856/runs/run_020_h128_objh128_te64_fu128_obj2_ff4_blocks3_drop0p1_lr0p0005_wd0p0001,/home/cmantill/narrador-futbol/experiments/positions/grid_search_outputs/20260426_195856/runs/run_020_h128_objh128_te64_fu128_obj2_ff4_blocks3_drop0p1_lr0p0005_wd0p0001/best_model.pt,64,128,128,128,2,4,3,0.1,0.0005,0.0001,512,True,3,early_stopping_val_loss_overfit_patience_3,0.554510034551202,0.542734334419433,0.5658720659731707,0.5197187182833116,0.48512522914179573,0.5100977315081537,2.0183331657339028,0.542734334419433
/home/cmantill/narrador-futbol/experiments/positions/grid_search_outputs/20260426_195856/runs/run_022_h128_objh128_te64_fu128_obj2_ff4_blocks4_drop0p1_lr0p0005_wd0p0001,/home/cmantill/narrador-futbol/experiments/positions/grid_search_outputs/20260426_195856/runs/run_022_h128_objh128_te64_fu128_obj2_ff4_blocks4_drop0p1_lr0p0005_wd0p0001/best_model.pt,64,128,128,128,2,4,4,0.1,0.0005,0.0001,512,True,3,early_stopping_val_loss_overfit_patience_3,0.5680364625450268,0.542335137953923,0.5764830432797878,0.5100043497172684,0.49174081258730185,0.4978012829365841,1.9091359045770433,0.542335137953923
/home/cmantill/narrador-futbol/experiments/positions/grid_search_outputs/20260426_195856/runs/run_190_h192_objh256_te128_fu256_obj2_ff4_blocks4_drop0p2_lr0p0005_wd0p0005,/home/cmantill/narrador-futbol/experiments/positions/grid_search_outputs/20260426_195856/runs/run_190_h192_objh256_te128_fu256_obj2_ff4_blocks4_drop0p2_lr0p0005_wd0p0005/best_model.pt,128,256,192,256,2,4,4,0.2,0.0005,0.0005,512,True,2,early_stopping_val_loss_overfit_patience_3,0.5590678526795559,0.5423302985175954,0.5666966366837556,0.5426272292301001,0.522308387870707,0.5357647285018673,2.1207476766021163,0.5423302985175954
/home/cmantill/narrador-futbol/experiments/positions/grid_search_outputs/20260426_195856/runs/run_209_h192_objh256_te128_fu256_obj2_ff2_blocks5_drop0p25_lr0p001_wd0p0005,/home/cmantill/narrador-futbol/experiments/positions/grid_search_outputs/20260426_195856/runs/run_209_h192_objh256_te128_fu256_obj2_ff2_blocks5_drop0p25_lr0p001_wd0p0005/best_model.pt,128,256,192,256,2,2,5,0.25,0.001,0.0005,512,True,2,early_stopping_val_loss_overfit_patience_3,0.5600970374182166,0.5423027852287927,0.5776427785046734,0.5453095548789328,0.5262631899471277,0.5413994705221105,1.9908369095237166,0.5423027852287927
/home/cmantill/narrador-futbol/experiments/positions/grid_search_outputs/20260426_195856/runs/run_048_h128_objh128_te64_fu128_obj2_ff4_blocks5_drop0p15_lr0p0005_wd0p0001,/home/cmantill/narrador-futbol/experiments/positions/grid_search_outputs/20260426_195856/runs/run_048_h128_objh128_te64_fu128_obj2_ff4_blocks5_drop0p15_lr0p0005_wd0p0001/best_model.pt,64,128,128,128,2,4,5,0.15,0.0005,0.0001,512,True,4,early_stopping_val_loss_overfit_patience_3,0.5727413070646181,0.5421539687757313,0.5834981216346472,0.5181238219515731,0.48787044729205675,0.5120239271396482,1.8159084364219948,0.5421539687757313
/home/cmantill/narrador-futbol/experiments/positions/grid_search_outputs/20260426_195856/runs/run_326_h256_objh256_te128_fu256_obj2_ff2_blocks3_drop0p25_lr0p0005_wd0p0005,/home/cmantill/narrador-futbol/experiments/positions/grid_search_outputs/20260426_195856/runs/run_326_h256_objh256_te128_fu256_obj2_ff2_blocks3_drop0p25_lr0p0005_wd0p0005/best_model.pt,128,256,256,256,2,2,3,0.25,0.0005,0.0005,512,True,1,early_stopping_val_macro_f1_patience_3,0.579798573844005,0.5419313316045523,0.5796354506645593,0.5683630564013339,0.533281188303198,0.5485858251827128,1.9482198754946392,0.5419313316045523
/home/cmantill/narrador-futbol/experiments/positions/grid_search_outputs/20260426_195856/runs/run_092_h128_objh128_te64_fu128_obj2_ff4_blocks3_drop0p25_lr0p0005_wd0p0005,/home/cmantill/narrador-futbol/experiments/positions/grid_search_outputs/20260426_195856/runs/run_092_h128_objh128_te64_fu128_obj2_ff4_blocks3_drop0p25_lr0p0005_wd0p0005/best_model.pt,64,128,128,128,2,4,3,0.25,0.0005,0.0005,512,True,3,early_stopping_val_loss_overfit_patience_3,0.567227817393222,0.5419160491467954,0.5698023019054653,0.5584312019718718,0.5183568934563306,0.5394804061663769,1.5841546765080206,0.5419160491467954
/home/cmantill/narrador-futbol/experiments/positions/grid_search_outputs/20260426_195856/runs/run_154_h192_objh256_te128_fu256_obj1_ff4_blocks4_drop0p15_lr0p0005_wd0p0001,/home/cmantill/narrador-futbol/experiments/positions/grid_search_outputs/20260426_195856/runs/run_154_h192_objh256_te128_fu256_obj1_ff4_blocks4_drop0p15_lr0p0005_wd0p0001/best_model.pt,128,256,192,256,1,4,4,0.15,0.0005,0.0001,512,True,1,early_stopping_val_macro_f1_patience_3,0.5648753951334264,0.5416515679525702,0.5737183259343599,0.5752501087429317,0.5396109150057284,0.5595546927156492,2.124014827940199,0.5416515679525702
/home/cmantill/narrador-futbol/experiments/positions/grid_search_outputs/20260426_195856/runs/run_150_h192_objh256_te128_fu256_obj1_ff2_blocks5_drop0p15_lr0p0005_wd0p0001,/home/cmantill/narrador-futbol/experiments/positions/grid_search_outputs/20260426_195856/runs/run_150_h192_objh256_te128_fu256_obj1_ff2_blocks5_drop0p15_lr0p0005_wd0p0001/best_model.pt,128,256,192,256,1,2,5,0.15,0.0005,0.0001,512,True,1,early_stopping_val_macro_f1_patience_3,0.5750937293244137,0.5414740869110504,0.5771814508805344,0.5761925474844135,0.5309622443630513,0.5461310786401096,2.0478749363510698,0.5414740869110504
/home/cmantill/narrador-futbol/experiments/positions/grid_search_outputs/20260426_195856/runs/run_163_h192_objh256_te128_fu256_obj2_ff4_blocks3_drop0p15_lr0p001_wd0p0001,/home/cmantill/narrador-futbol/experiments/positions/grid_search_outputs/20260426_195856/runs/run_163_h192_objh256_te128_fu256_obj2_ff4_blocks3_drop0p15_lr0p001_wd0p0001/best_model.pt,128,256,192,256,2,4,3,0.15,0.001,0.0001,512,True,2,early_stopping_val_loss_overfit_patience_3,0.5750202161287952,0.5413168942219042,0.57610568252399,0.5534290271132376,0.5240793437335344,0.5410512536668706,2.2860372927453785,0.5413168942219042
/home/cmantill/narrador-futbol/experiments/positions/grid_search_outputs/20260426_195856/runs/run_394_h256_objh384_te256_fu384_obj1_ff4_blocks4_drop0p15_lr0p0005_wd0p0001,/home/cmantill/narrador-futbol/experiments/positions/grid_search_outputs/20260426_195856/runs/run_394_h256_objh384_te256_fu384_obj1_ff4_blocks4_drop0p15_lr0p0005_wd0p0001/best_model.pt,256,384,256,384,1,4,4,0.15,0.0005,0.0001,512,True,1,early_stopping_val_macro_f1_patience_3,0.5869293538190105,0.5409390771791437,0.5812637563400078,0.5276931999420038,0.4761025698010165,0.49418663545718977,2.284618503517575,0.5409390771791437
/home/cmantill/narrador-futbol/experiments/positions/grid_search_outputs/20260426_195856/runs/run_264_h256_objh256_te128_fu256_obj2_ff4_blocks5_drop0p1_lr0p0005_wd0p0001,/home/cmantill/narrador-futbol/experiments/positions/grid_search_outputs/20260426_195856/runs/run_264_h256_objh256_te128_fu256_obj2_ff4_blocks5_drop0p1_lr0p0005_wd0p0001/best_model.pt,128,256,256,256,2,4,5,0.1,0.0005,0.0001,512,True,1,early_stopping_val_macro_f1_patience_3,0.5664191722414174,0.5408369312281253,0.5692793596868435,0.5344352617079889,0.5110857863710391,0.5221251832355878,1.8177617479253698,0.5408369312281253
/home/cmantill/narrador-futbol/experiments/positions/grid_search_outputs/20260426_195856/runs/run_273_h256_objh256_te128_fu256_obj1_ff4_blocks4_drop0p15_lr0p001_wd0p0001,/home/cmantill/narrador-futbol/experiments/positions/grid_search_outputs/20260426_195856/runs/run_273_h256_objh256_te128_fu256_obj1_ff4_blocks4_drop0p15_lr0p001_wd0p0001/best_model.pt,128,256,256,256,1,4,4,0.15,0.001,0.0001,512,True,1,early_stopping_val_macro_f1_patience_3,0.5898698816437551,0.5407576696989052,0.580098527506793,0.5239234449760766,0.48444609458173765,0.5029252970858314,2.321156718112804,0.5407576696989052
/home/cmantill/narrador-futbol/experiments/positions/grid_search_outputs/20260426_195856/runs/run_044_h128_objh128_te64_fu128_obj2_ff4_blocks3_drop0p15_lr0p0005_wd0p0001,/home/cmantill/narrador-futbol/experiments/positions/grid_search_outputs/20260426_195856/runs/run_044_h128_objh128_te64_fu128_obj2_ff4_blocks3_drop0p15_lr0p0005_wd0p0001/best_model.pt,64,128,128,128,2,4,3,0.15,0.0005,0.0001,512,True,1,early_stopping_val_macro_f1_patience_3,0.5858266558847313,0.5407212838013401,0.578689016361396,0.5920690155139916,0.5579670599862683,0.5690839220025922,1.844707358766485,0.5407212838013401
/home/cmantill/narrador-futbol/experiments/positions/grid_search_outputs/20260426_195856/runs/run_466_h256_objh384_te256_fu384_obj1_ff4_blocks4_drop0p3_lr0p0005_wd0p001,/home/cmantill/narrador-futbol/experiments/positions/grid_search_outputs/20260426_195856/runs/run_466_h256_objh384_te256_fu384_obj1_ff4_blocks4_drop0p3_lr0p0005_wd0p001/best_model.pt,256,384,256,384,1,4,4,0.3,0.0005,0.001,512,True,1,early_stopping_val_macro_f1_patience_3,0.5963390428581931,0.540374001240152,0.5900571888583992,0.5736552124111933,0.5264744002409274,0.5438829508360521,2.338088885501579,0.540374001240152
/home/cmantill/narrador-futbol/experiments/positions/grid_search_outputs/20260426_195856/runs/run_328_h256_objh256_te128_fu256_obj2_ff2_blocks4_drop0p25_lr0p0005_wd0p0005,/home/cmantill/narrador-futbol/experiments/positions/grid_search_outputs/20260426_195856/runs/run_328_h256_objh256_te128_fu256_obj2_ff2_blocks4_drop0p25_lr0p0005_wd0p0005/best_model.pt,128,256,256,256,2,2,4,0.25,0.0005,0.0005,512,True,1,early_stopping_val_macro_f1_patience_3,0.5714180695434831,0.5403026592736834,0.5736739889534922,0.5617659852109613,0.5270146656676147,0.5393855141250286,1.7599572627632707,0.5403026592736834
/home/cmantill/narrador-futbol/experiments/positions/grid_search_outputs/20260426_195856/runs/run_076_h128_objh128_te64_fu128_obj1_ff2_blocks4_drop0p25_lr0p0005_wd0p0005,/home/cmantill/narrador-futbol/experiments/positions/grid_search_outputs/20260426_195856/runs/run_076_h128_objh128_te64_fu128_obj1_ff2_blocks4_drop0p25_lr0p0005_wd0p0005/best_model.pt,64,128,128,128,1,2,4,0.25,0.0005,0.0005,512,True,1,early_stopping_val_macro_f1_patience_3,0.5878115121664339,0.540280212832193,0.5854614128653804,0.5927939683920546,0.5620555585676748,0.5741820218294394,1.6692329512702093,0.540280212832193
/home/cmantill/narrador-futbol/experiments/positions/grid_search_outputs/20260426_195856/runs/run_013_h128_objh128_te64_fu128_obj2_ff2_blocks3_drop0p1_lr0p001_wd0p0001,/home/cmantill/narrador-futbol/experiments/positions/grid_search_outputs/20260426_195856/runs/run_013_h128_objh128_te64_fu128_obj2_ff2_blocks3_drop0p1_lr0p001_wd0p0001/best_model.pt,64,128,128,128,2,2,3,0.1,0.001,0.0001,512,True,2,early_stopping_val_loss_overfit_patience_3,0.5675218701756966,0.5402613444274622,0.5776933767504018,0.5423372480788748,0.5029259442299795,0.5279344985536404,2.0635972773587263,0.5402613444274622
/home/cmantill/narrador-futbol/experiments/positions/grid_search_outputs/20260426_195856/runs/run_093_h128_objh128_te64_fu128_obj2_ff4_blocks4_drop0p25_lr0p001_wd0p0005,/home/cmantill/narrador-futbol/experiments/positions/grid_search_outputs/20260426_195856/runs/run_093_h128_objh128_te64_fu128_obj2_ff4_blocks4_drop0p25_lr0p001_wd0p0005/best_model.pt,64,128,128,128,2,4,4,0.25,0.001,0.0005,512,True,1,early_stopping_val_macro_f1_patience_3,0.5737704918032787,0.5399997303952014,0.5756669554423964,0.578294910830796,0.5534247031081179,0.5609747208632521,1.826372868484921,0.5399997303952014
/home/cmantill/narrador-futbol/experiments/positions/grid_search_outputs/20260426_195856/runs/run_021_h128_objh128_te64_fu128_obj2_ff4_blocks4_drop0p1_lr0p001_wd0p0001,/home/cmantill/narrador-futbol/experiments/positions/grid_search_outputs/20260426_195856/runs/run_021_h128_objh128_te64_fu128_obj2_ff4_blocks4_drop0p1_lr0p001_wd0p0001/best_model.pt,64,128,128,128,2,4,4,0.1,0.001,0.0001,512,True,2,early_stopping_val_loss_overfit_patience_3,0.564581342350952,0.5395976943712386,0.5744591028254588,0.5318979266347688,0.4961792222839827,0.5132204268954598,2.068036558451476,0.5395976943712386
/home/cmantill/narrador-futbol/experiments/positions/grid_search_outputs/20260426_195856/runs/run_442_h256_objh384_te256_fu384_obj1_ff4_blocks4_drop0p25_lr0p0005_wd0p0005,/home/cmantill/narrador-futbol/experiments/positions/grid_search_outputs/20260426_195856/runs/run_442_h256_objh384_te256_fu384_obj1_ff4_blocks4_drop0p25_lr0p0005_wd0p0005/best_model.pt,256,384,256,384,1,4,4,0.25,0.0005,0.0005,512,True,1,early_stopping_val_macro_f1_patience_3,0.6094243916783063,0.5394561782543044,0.5934723036791285,0.5605335653182543,0.5131549702518184,0.5277875970016471,2.222874323527018,0.5394561782543044
/home/cmantill/narrador-futbol/experiments/positions/grid_search_outputs/20260426_195856/runs/run_450_h256_objh384_te256_fu384_obj2_ff2_blocks5_drop0p25_lr0p0005_wd0p0005,/home/cmantill/narrador-futbol/experiments/positions/grid_search_outputs/20260426_195856/runs/run_450_h256_objh384_te256_fu384_obj2_ff2_blocks5_drop0p25_lr0p0005_wd0p0005/best_model.pt,256,384,256,384,2,2,5,0.25,0.0005,0.0005,512,True,2,early_stopping_val_loss_overfit_patience_3,0.5723002278909064,0.5391864548843603,0.5746482303306607,0.5275482093663911,0.5069120276363844,0.5218068651898199,1.8952574244251958,0.5391864548843603
/home/cmantill/narrador-futbol/experiments/positions/grid_search_outputs/20260426_195856/runs/run_064_h128_objh128_te64_fu128_obj2_ff2_blocks4_drop0p2_lr0p0005_wd0p0005,/home/cmantill/narrador-futbol/experiments/positions/grid_search_outputs/20260426_195856/runs/run_064_h128_objh128_te64_fu128_obj2_ff2_blocks4_drop0p2_lr0p0005_wd0p0005/best_model.pt,64,128,128,128,2,2,4,0.2,0.0005,0.0005,512,True,3,early_stopping_val_loss_overfit_patience_3,0.5671543041976035,0.5388674309394346,0.5782159832904309,0.5350877192982456,0.5021064205600905,0.5312703418054732,1.8676436013645596,0.5388674309394346
/home/cmantill/narrador-futbol/experiments/positions/grid_search_outputs/20260426_195856/runs/run_385_h256_objh384_te256_fu384_obj1_ff2_blocks3_drop0p15_lr0p001_wd0p0001,/home/cmantill/narrador-futbol/experiments/positions/grid_search_outputs/20260426_195856/runs/run_385_h256_objh384_te256_fu384_obj1_ff2_blocks3_drop0p15_lr0p001_wd0p0001/best_model.pt,256,384,256,384,1,2,3,0.15,0.001,0.0001,512,True,3,early_stopping_val_loss_overfit_patience_3,0.5667132250238918,0.5387378998278575,0.5749339197828737,0.5590836595621285,0.5327499219747084,0.5446147266408905,2.6260534017174333,0.5387378998278575
/home/cmantill/narrador-futbol/experiments/positions/grid_search_outputs/20260426_195856/runs/run_429_h256_objh384_te256_fu384_obj2_ff4_blocks4_drop0p2_lr0p001_wd0p0005,/home/cmantill/narrador-futbol/experiments/positions/grid_search_outputs/20260426_195856/runs/run_429_h256_objh384_te256_fu384_obj2_ff4_blocks4_drop0p2_lr0p001_wd0p0005/best_model.pt,256,384,256,384,2,4,4,0.2,0.001,0.0005,512,True,1,early_stopping_val_macro_f1_patience_3,0.5791369550834374,0.5386498130265172,0.5844281220079779,0.5377700449470785,0.4997991018968378,0.5208730555588258,2.02106069193946,0.5386498130265172
/home/cmantill/narrador-futbol/experiments/positions/grid_search_outputs/20260426_195856/runs/run_418_h256_objh384_te256_fu384_obj1_ff4_blocks4_drop0p2_lr0p0005_wd0p0005,/home/cmantill/narrador-futbol/experiments/positions/grid_search_outputs/20260426_195856/runs/run_418_h256_objh384_te256_fu384_obj1_ff4_blocks4_drop0p2_lr0p0005_wd0p0005/best_model.pt,256,384,256,384,1,4,4,0.2,0.0005,0.0005,512,True,1,early_stopping_val_macro_f1_patience_3,0.6061162978754686,0.5379457575784641,0.5889377919917766,0.5492243004204727,0.4951538180686556,0.5139495451809345,2.308706056188654,0.5379457575784641
/home/cmantill/narrador-futbol/experiments/positions/grid_search_outputs/20260426_195856/runs/run_317_h256_objh256_te128_fu256_obj1_ff2_blocks5_drop0p25_lr0p001_wd0p0005,/home/cmantill/narrador-futbol/experiments/positions/grid_search_outputs/20260426_195856/runs/run_317_h256_objh256_te128_fu256_obj1_ff2_blocks5_drop0p25_lr0p001_wd0p0005/best_model.pt,128,256,256,256,1,2,5,0.25,0.001,0.0005,512,True,2,early_stopping_val_loss_overfit_patience_3,0.5631110784385798,0.5375225673860169,0.5722267052473528,0.5454545454545454,0.5152872731340985,0.5354249963828493,2.1863209428610624,0.5375225673860169
/home/cmantill/narrador-futbol/experiments/positions/grid_search_outputs/20260426_195856/runs/run_023_h128_objh128_te64_fu128_obj2_ff4_blocks5_drop0p1_lr0p001_wd0p0001,/home/cmantill/narrador-futbol/experiments/positions/grid_search_outputs/20260426_195856/runs/run_023_h128_objh128_te64_fu128_obj2_ff4_blocks5_drop0p1_lr0p001_wd0p0001/best_model.pt,64,128,128,128,2,4,5,0.1,0.001,0.0001,512,True,3,early_stopping_val_loss_overfit_patience_3,0.5742115709769904,0.5373793452467339,0.5818559133260812,0.5492243004204727,0.5127738203478623,0.5410760137001259,1.9405805578938238,0.5373793452467339
/home/cmantill/narrador-futbol/experiments/positions/grid_search_outputs/20260426_195856/runs/run_107_h128_objh128_te64_fu128_obj1_ff4_blocks5_drop0p3_lr0p001_wd0p001,/home/cmantill/narrador-futbol/experiments/positions/grid_search_outputs/20260426_195856/runs/run_107_h128_objh128_te64_fu128_obj1_ff4_blocks5_drop0p3_lr0p001_wd0p001/best_model.pt,64,128,128,128,1,4,5,0.3,0.001,0.001,512,True,3,early_stopping_val_loss_overfit_patience_3,0.5712710431522459,0.5369940180823735,0.5743827738868867,0.5495142815716978,0.5074943842347772,0.5230261021790349,1.772616289280079,0.5369940180823735
/home/cmantill/narrador-futbol/experiments/positions/grid_search_outputs/20260426_195856/runs/run_436_h256_objh384_te256_fu384_obj1_ff2_blocks4_drop0p25_lr0p0005_wd0p0005,/home/cmantill/narrador-futbol/experiments/positions/grid_search_outputs/20260426_195856/runs/run_436_h256_objh384_te256_fu384_obj1_ff2_blocks4_drop0p25_lr0p0005_wd0p0005/best_model.pt,256,384,256,384,1,2,4,0.25,0.0005,0.0005,512,True,1,early_stopping_val_macro_f1_patience_3,0.5711975299566272,0.5369042108879938,0.5791012172440912,0.571117877337973,0.5458325275491444,0.5575351864356428,2.0886709094047546,0.5369042108879938
/home/cmantill/narrador-futbol/experiments/positions/grid_search_outputs/20260426_195856/runs/run_211_h192_objh256_te128_fu256_obj2_ff4_blocks3_drop0p25_lr0p001_wd0p0005,/home/cmantill/narrador-futbol/experiments/positions/grid_search_outputs/20260426_195856/runs/run_211_h192_objh256_te128_fu256_obj2_ff4_blocks3_drop0p25_lr0p001_wd0p0005/best_model.pt,128,256,192,256,2,4,3,0.25,0.001,0.0005,512,True,1,early_stopping_val_macro_f1_patience_3,0.5586267735058443,0.5362941686014421,0.5704294993850497,0.5507467014644049,0.5338647684103107,0.5421834118304973,2.023841083049774,0.5362941686014421
/home/cmantill/narrador-futbol/experiments/positions/grid_search_outputs/20260426_195856/runs/run_045_h128_objh128_te64_fu128_obj2_ff4_blocks4_drop0p15_lr0p001_wd0p0001,/home/cmantill/narrador-futbol/experiments/positions/grid_search_outputs/20260426_195856/runs/run_045_h128_objh128_te64_fu128_obj2_ff4_blocks4_drop0p15_lr0p001_wd0p0001/best_model.pt,64,128,128,128,2,4,4,0.15,0.001,0.0001,512,True,2,early_stopping_val_loss_overfit_patience_3,0.5574505623759465,0.5362190258808688,0.564065669014902,0.5897491663041903,0.5580507868519775,0.577908514698088,1.7548948879595156,0.5362190258808688
/home/cmantill/narrador-futbol/experiments/positions/grid_search_outputs/20260426_195856/runs/run_414_h256_objh384_te256_fu384_obj1_ff2_blocks5_drop0p2_lr0p0005_wd0p0005,/home/cmantill/narrador-futbol/experiments/positions/grid_search_outputs/20260426_195856/runs/run_414_h256_objh384_te256_fu384_obj1_ff2_blocks5_drop0p2_lr0p0005_wd0p0005/best_model.pt,256,384,256,384,1,2,5,0.2,0.0005,0.0005,512,True,2,early_stopping_val_loss_overfit_patience_3,0.5670807910019848,0.5361313880943182,0.5690192620748205,0.5476294040887343,0.5077120463024799,0.5268826765381898,2.18025733144195,0.5361313880943182
/home/cmantill/narrador-futbol/experiments/positions/grid_search_outputs/20260426_195856/runs/run_274_h256_objh256_te128_fu256_obj1_ff4_blocks4_drop0p15_lr0p0005_wd0p0001,/home/cmantill/narrador-futbol/experiments/positions/grid_search_outputs/20260426_195856/runs/run_274_h256_objh256_te128_fu256_obj1_ff4_blocks4_drop0p15_lr0p0005_wd0p0001/best_model.pt,128,256,256,256,1,4,4,0.15,0.0005,0.0001,512,True,1,early_stopping_val_macro_f1_patience_3,0.5656105270896126,0.5360410011404763,0.5635385789777829,0.4947078439901406,0.4579151207153403,0.48333495169140483,2.1400088689945362,0.5360410011404763
/home/cmantill/narrador-futbol/experiments/positions/grid_search_outputs/20260426_195856/runs/run_127_h192_objh256_te128_fu256_obj1_ff4_blocks3_drop0p1_lr0p001_wd0p0001,/home/cmantill/narrador-futbol/experiments/positions/grid_search_outputs/20260426_195856/runs/run_127_h192_objh256_te128_fu256_obj1_ff4_blocks3_drop0p1_lr0p001_wd0p0001/best_model.pt,128,256,192,256,1,4,3,0.1,0.001,0.0001,512,True,2,early_stopping_val_loss_overfit_patience_3,0.5697272660442549,0.5360090039823416,0.5749051238871302,0.5617659852109613,0.5236691494251585,0.541970964147276,2.1132525735431247,0.5360090039823416
/home/cmantill/narrador-futbol/experiments/positions/grid_search_outputs/20260426_195856/runs/run_051_h128_objh128_te64_fu128_obj1_ff2_blocks4_drop0p2_lr0p001_wd0p0005,/home/cmantill/narrador-futbol/experiments/positions/grid_search_outputs/20260426_195856/runs/run_051_h128_objh128_te64_fu128_obj1_ff2_blocks4_drop0p2_lr0p001_wd0p0005/best_model.pt,64,128,128,128,1,2,4,0.2,0.001,0.0005,512,True,1,early_stopping_val_macro_f1_patience_3,0.5717121223259575,0.5359559910227002,0.5679990851832065,0.5739451935624185,0.5356237538399088,0.5512614102831719,2.0393653489925243,0.5359559910227002
/home/cmantill/narrador-futbol/experiments/positions/grid_search_outputs/20260426_195856/runs/run_348_h256_objh256_te128_fu256_obj1_ff4_blocks5_drop0p3_lr0p0005_wd0p001,/home/cmantill/narrador-futbol/experiments/positions/grid_search_outputs/20260426_195856/runs/run_348_h256_objh256_te128_fu256_obj1_ff4_blocks5_drop0p3_lr0p0005_wd0p001/best_model.pt,128,256,256,256,1,4,5,0.3,0.0005,0.001,512,True,4,early_stopping_val_loss_overfit_patience_3,0.5579651547452767,0.5357388145578937,0.5719401397087215,0.5286356386834856,0.4996818934694272,0.5208127320885839,1.9953324838920876,0.5357388145578937
/home/cmantill/narrador-futbol/experiments/positions/grid_search_outputs/20260426_195856/runs/run_069_h128_objh128_te64_fu128_obj2_ff4_blocks4_drop0p2_lr0p001_wd0p0005,/home/cmantill/narrador-futbol/experiments/positions/grid_search_outputs/20260426_195856/runs/run_069_h128_objh128_te64_fu128_obj2_ff4_blocks4_drop0p2_lr0p001_wd0p0005/best_model.pt,64,128,128,128,2,4,4,0.2,0.001,0.0005,512,True,3,early_stopping_val_loss_overfit_patience_3,0.5587737998970815,0.5357193514439152,0.5650865348071892,0.5280556763810352,0.4981429114792579,0.5098692006370562,1.9633352204605385,0.5357193514439152
/home/cmantill/narrador-futbol/experiments/positions/grid_search_outputs/20260426_195856/runs/run_252_h256_objh256_te128_fu256_obj1_ff4_blocks5_drop0p1_lr0p0005_wd0p0001,/home/cmantill/narrador-futbol/experiments/positions/grid_search_outputs/20260426_195856/runs/run_252_h256_objh256_te128_fu256_obj1_ff4_blocks5_drop0p1_lr0p0005_wd0p0001/best_model.pt,128,256,256,256,1,4,5,0.1,0.0005,0.0001,512,True,2,early_stopping_val_loss_overfit_patience_3,0.5606116297875469,0.5357006499832258,0.5734784643020231,0.5330578512396694,0.4926411906257021,0.5254001154426293,2.1198865440156727,0.5357006499832258
/home/cmantill/narrador-futbol/experiments/positions/grid_search_outputs/20260426_195856/runs/run_339_h256_objh256_te128_fu256_obj1_ff2_blocks4_drop0p3_lr0p001_wd0p001,/home/cmantill/narrador-futbol/experiments/positions/grid_search_outputs/20260426_195856/runs/run_339_h256_objh256_te128_fu256_obj1_ff2_blocks4_drop0p3_lr0p001_wd0p001/best_model.pt,128,256,256,256,1,2,4,0.3,0.001,0.001,512,True,1,early_stopping_val_macro_f1_patience_3,0.5701683452179667,0.5356550069952114,0.5725616434189819,0.5848919820211687,0.5592097822485708,0.566572083135412,2.1334633893436856,0.5356550069952114
/home/cmantill/narrador-futbol/experiments/positions/grid_search_outputs/20260426_195856/runs/run_286_h256_objh256_te128_fu256_obj2_ff4_blocks4_drop0p15_lr0p0005_wd0p0001,/home/cmantill/narrador-futbol/experiments/positions/grid_search_outputs/20260426_195856/runs/run_286_h256_objh256_te128_fu256_obj2_ff4_blocks4_drop0p15_lr0p0005_wd0p0001/best_model.pt,128,256,256,256,2,4,4,0.15,0.0005,0.0001,512,True,2,early_stopping_val_loss_overfit_patience_3,0.5797250606483864,0.5356547089081988,0.5790997609390207,0.5274032187907786,0.47683910485901165,0.5080823430203839,2.2472420930862427,0.5356547089081988
/home/cmantill/narrador-futbol/experiments/positions/grid_search_outputs/20260426_195856/runs/run_178_h192_objh256_te128_fu256_obj1_ff4_blocks4_drop0p2_lr0p0005_wd0p0005,/home/cmantill/narrador-futbol/experiments/positions/grid_search_outputs/20260426_195856/runs/run_178_h192_objh256_te128_fu256_obj1_ff4_blocks4_drop0p2_lr0p0005_wd0p0005/best_model.pt,128,256,192,256,1,4,4,0.2,0.0005,0.0005,512,True,1,early_stopping_val_macro_f1_patience_3,0.5713445563478644,0.5355379616265632,0.5732355213645747,0.5993185442946208,0.5709054969770085,0.5857131201107268,1.961004497828307,0.5355379616265632
/home/cmantill/narrador-futbol/experiments/positions/grid_search_outputs/20260426_195856/runs/run_157_h192_objh256_te128_fu256_obj2_ff2_blocks3_drop0p15_lr0p001_wd0p0001,/home/cmantill/narrador-futbol/experiments/positions/grid_search_outputs/20260426_195856/runs/run_157_h192_objh256_te128_fu256_obj2_ff2_blocks3_drop0p15_lr0p001_wd0p0001/best_model.pt,128,256,192,256,2,2,3,0.15,0.001,0.0001,512,True,3,early_stopping_val_loss_overfit_patience_3,0.567227817393222,0.5354767539077065,0.5778012998957414,0.5475569088009279,0.5054084375051254,0.5295544317330236,2.4179539525950395,0.5354767539077065
/home/cmantill/narrador-futbol/experiments/positions/grid_search_outputs/20260426_195856/runs/run_298_h256_objh256_te128_fu256_obj1_ff4_blocks4_drop0p2_lr0p0005_wd0p0005,/home/cmantill/narrador-futbol/experiments/positions/grid_search_outputs/20260426_195856/runs/run_298_h256_objh256_te128_fu256_obj1_ff4_blocks4_drop0p2_lr0p0005_wd0p0005/best_model.pt,128,256,256,256,1,4,4,0.2,0.0005,0.0005,512,True,1,early_stopping_val_macro_f1_patience_3,0.5650224215246636,0.535358401662907,0.5650985511793667,0.5188487748296361,0.4787519567485573,0.500610201409107,1.9002892043855455,0.535358401662907
/home/cmantill/narrador-futbol/experiments/positions/grid_search_outputs/20260426_195856/runs/run_083_h128_objh128_te64_fu128_obj1_ff4_blocks5_drop0p25_lr0p001_wd0p0005,/home/cmantill/narrador-futbol/experiments/positions/grid_search_outputs/20260426_195856/runs/run_083_h128_objh128_te64_fu128_obj1_ff4_blocks5_drop0p25_lr0p001_wd0p0005/best_model.pt,64,128,128,128,1,4,5,0.25,0.001,0.0005,512,True,1,early_stopping_val_macro_f1_patience_3,0.5811953245607586,0.5352486687374278,0.5761595464320437,0.5765550239234449,0.5449799283182909,0.5531951366552504,1.9963714171338964,0.5352486687374278
/home/cmantill/narrador-futbol/experiments/positions/grid_search_outputs/20260426_195856/runs/run_134_h192_objh256_te128_fu256_obj2_ff2_blocks3_drop0p1_lr0p0005_wd0p0001,/home/cmantill/narrador-futbol/experiments/positions/grid_search_outputs/20260426_195856/runs/run_134_h192_objh256_te128_fu256_obj2_ff2_blocks3_drop0p1_lr0p0005_wd0p0001/best_model.pt,128,256,192,256,2,2,3,0.1,0.0005,0.0001,512,True,2,early_stopping_val_loss_overfit_patience_3,0.5597294714401235,0.5352308752241217,0.5714017648730656,0.5545889517181383,0.5358609194378002,0.545731063250356,2.1102008841655873,0.5352308752241217
/home/cmantill/narrador-futbol/experiments/positions/grid_search_outputs/20260426_195856/runs/run_434_h256_objh384_te256_fu384_obj1_ff2_blocks3_drop0p25_lr0p0005_wd0p0005,/home/cmantill/narrador-futbol/experiments/positions/grid_search_outputs/20260426_195856/runs/run_434_h256_objh384_te256_fu384_obj1_ff2_blocks3_drop0p25_lr0p0005_wd0p0005/best_model.pt,256,384,256,384,1,2,3,0.25,0.0005,0.0005,512,True,1,early_stopping_val_macro_f1_patience_3,0.57105050356539,0.5351132128978423,0.5799878880434176,0.5614760040597361,0.5351519518320358,0.548123807691191,1.8958287172847323,0.5351132128978423
/home/cmantill/narrador-futbol/experiments/positions/grid_search_outputs/20260426_195856/runs/run_109_h128_objh128_te64_fu128_obj2_ff2_blocks3_drop0p3_lr0p001_wd0p001,/home/cmantill/narrador-futbol/experiments/positions/grid_search_outputs/20260426_195856/runs/run_109_h128_objh128_te64_fu128_obj2_ff2_blocks3_drop0p3_lr0p001_wd0p001/best_model.pt,64,128,128,128,2,2,3,0.3,0.001,0.001,512,True,1,early_stopping_val_macro_f1_patience_3,0.5742115709769904,0.5350895700522972,0.5694121545492661,0.5824271422357546,0.5408667278319735,0.5559906532439557,1.7714863287078009,0.5350895700522972
/home/cmantill/narrador-futbol/experiments/positions/grid_search_outputs/20260426_195856/runs/run_478_h256_objh384_te256_fu384_obj2_ff4_blocks4_drop0p3_lr0p0005_wd0p001,/home/cmantill/narrador-futbol/experiments/positions/grid_search_outputs/20260426_195856/runs/run_478_h256_objh384_te256_fu384_obj2_ff4_blocks4_drop0p3_lr0p0005_wd0p001/best_model.pt,256,384,256,384,2,4,4,0.3,0.0005,0.001,512,True,1,early_stopping_val_macro_f1_patience_3,0.5906785267955598,0.5350698019106047,0.5819351829314268,0.577062490938089,0.5407065672853452,0.5544020363258478,2.1791544313783997,0.5350698019106047
/home/cmantill/narrador-futbol/experiments/positions/grid_search_outputs/20260426_195856/runs/run_444_h256_objh384_te256_fu384_obj1_ff4_blocks5_drop0p25_lr0p0005_wd0p0005,/home/cmantill/narrador-futbol/experiments/positions/grid_search_outputs/20260426_195856/runs/run_444_h256_objh384_te256_fu384_obj1_ff4_blocks5_drop0p25_lr0p0005_wd0p0005/best_model.pt,256,384,256,384,1,4,5,0.25,0.0005,0.0005,512,True,1,early_stopping_val_macro_f1_patience_3,0.5713445563478644,0.5350382045095269,0.5688256393001349,0.5908365956212847,0.5621696959273387,0.5728359150035531,1.9603540764914618,0.5350382045095269
/home/cmantill/narrador-futbol/experiments/positions/grid_search_outputs/20260426_195856/runs/run_477_h256_objh384_te256_fu384_obj2_ff4_blocks4_drop0p3_lr0p001_wd0p001,/home/cmantill/narrador-futbol/experiments/positions/grid_search_outputs/20260426_195856/runs/run_477_h256_objh384_te256_fu384_obj2_ff4_blocks4_drop0p3_lr0p001_wd0p001/best_model.pt,256,384,256,384,2,4,4,0.3,0.001,0.001,512,True,1,early_stopping_val_macro_f1_patience_3,0.57105050356539,0.5349538607944061,0.5758171713700833,0.5724227925184863,0.5369451449799889,0.5489763317883083,2.1113326483302646,0.5349538607944061
/home/cmantill/narrador-futbol/experiments/positions/grid_search_outputs/20260426_195856/runs/run_352_h256_objh256_te128_fu256_obj2_ff2_blocks4_drop0p3_lr0p0005_wd0p001,/home/cmantill/narrador-futbol/experiments/positions/grid_search_outputs/20260426_195856/runs/run_352_h256_objh256_te128_fu256_obj2_ff2_blocks4_drop0p3_lr0p0005_wd0p001/best_model.pt,128,256,256,256,2,2,4,0.3,0.0005,0.001,512,True,2,early_stopping_val_loss_overfit_patience_3,0.5590678526795559,0.5349269105780521,0.5659444571459301,0.5463969841960272,0.5178722101148442,0.5369845299040076,1.9369982767988134,0.5349269105780521
/home/cmantill/narrador-futbol/experiments/positions/grid_search_outputs/20260426_195856/runs/run_308_h256_objh256_te128_fu256_obj2_ff4_blocks3_drop0p2_lr0p0005_wd0p0005,/home/cmantill/narrador-futbol/experiments/positions/grid_search_outputs/20260426_195856/runs/run_308_h256_objh256_te128_fu256_obj2_ff4_blocks3_drop0p2_lr0p0005_wd0p0005/best_model.pt,128,256,256,256,2,4,3,0.2,0.0005,0.0005,512,True,2,early_stopping_val_loss_overfit_patience_3,0.5526722046607366,0.5348568479073552,0.5671639399847812,0.5335653182543134,0.4976659995822411,0.5184803074684513,2.3945619706754333,0.5348568479073552
/home/cmantill/narrador-futbol/experiments/positions/grid_search_outputs/20260426_195856/runs/run_426_h256_objh384_te256_fu384_obj2_ff2_blocks5_drop0p2_lr0p0005_wd0p0005,/home/cmantill/narrador-futbol/experiments/positions/grid_search_outputs/20260426_195856/runs/run_426_h256_objh384_te256_fu384_obj2_ff2_blocks5_drop0p2_lr0p0005_wd0p0005/best_model.pt,256,384,256,384,2,2,5,0.2,0.0005,0.0005,512,True,2,early_stopping_val_loss_overfit_patience_3,0.5686245681099757,0.5337700447115228,0.572313580079989,0.5447295925764826,0.5107236712532213,0.5343840537567099,2.153976857662201,0.5337700447115228
/home/cmantill/narrador-futbol/experiments/positions/grid_search_outputs/20260426_195856/runs/run_177_h192_objh256_te128_fu256_obj1_ff4_blocks4_drop0p2_lr0p001_wd0p0005,/home/cmantill/narrador-futbol/experiments/positions/grid_search_outputs/20260426_195856/runs/run_177_h192_objh256_te128_fu256_obj1_ff4_blocks4_drop0p2_lr0p001_wd0p0005/best_model.pt,128,256,192,256,1,4,4,0.2,0.001,0.0005,512,True,2,early_stopping_val_loss_overfit_patience_3,0.5660516062633243,0.5337278910351457,0.5762074397681507,0.5200086994345368,0.4660635651806226,0.5016381376931933,2.5082172641047724,0.5337278910351457
/home/cmantill/narrador-futbol/experiments/positions/grid_search_outputs/20260426_195856/runs/run_099_h128_objh128_te64_fu128_obj1_ff2_blocks4_drop0p3_lr0p001_wd0p001,/home/cmantill/narrador-futbol/experiments/positions/grid_search_outputs/20260426_195856/runs/run_099_h128_objh128_te64_fu128_obj1_ff2_blocks4_drop0p3_lr0p001_wd0p001/best_model.pt,64,128,128,128,1,2,4,0.3,0.001,0.001,512,True,1,early_stopping_val_macro_f1_patience_3,0.6007498345953098,0.5336411993531723,0.5859871203990702,0.5831520951138176,0.5449566694400404,0.556076206959676,1.9609888814113758,0.5336411993531723
/home/cmantill/narrador-futbol/experiments/positions/grid_search_outputs/20260426_195856/runs/run_432_h256_objh384_te256_fu384_obj2_ff4_blocks5_drop0p2_lr0p0005_wd0p0005,/home/cmantill/narrador-futbol/experiments/positions/grid_search_outputs/20260426_195856/runs/run_432_h256_objh384_te256_fu384_obj2_ff4_blocks5_drop0p2_lr0p0005_wd0p0005/best_model.pt,256,384,256,384,2,4,5,0.2,0.0005,0.0005,512,True,1,early_stopping_val_macro_f1_patience_3,0.57847533632287,0.5336344444620569,0.577387831968497,0.5640858344207627,0.5171100641968412,0.5291665445745684,2.080742023609303,0.5336344444620569
/home/cmantill/narrador-futbol/experiments/positions/grid_search_outputs/20260426_195856/runs/run_198_h192_objh256_te128_fu256_obj1_ff2_blocks5_drop0p25_lr0p0005_wd0p0005,/home/cmantill/narrador-futbol/experiments/positions/grid_search_outputs/20260426_195856/runs/run_198_h192_objh256_te128_fu256_obj1_ff2_blocks5_drop0p25_lr0p0005_wd0p0005/best_model.pt,128,256,192,256,1,2,5,0.25,0.0005,0.0005,512,True,2,early_stopping_val_loss_overfit_patience_3,0.5602440638094538,0.533511150378133,0.5697150732882155,0.5049296795708279,0.4622132611821231,0.48687244307950545,1.904211077425215,0.533511150378133
/home/cmantill/narrador-futbol/experiments/positions/grid_search_outputs/20260426_195856/runs/run_410_h256_objh384_te256_fu384_obj1_ff2_blocks3_drop0p2_lr0p0005_wd0p0005,/home/cmantill/narrador-futbol/experiments/positions/grid_search_outputs/20260426_195856/runs/run_410_h256_objh384_te256_fu384_obj1_ff2_blocks3_drop0p2_lr0p0005_wd0p0005/best_model.pt,256,384,256,384,1,2,3,0.2,0.0005,0.0005,512,True,2,early_stopping_val_loss_overfit_patience_3,0.5873704329927222,0.533348146989834,0.5834929974662408,0.5368276062055967,0.4950752770638021,0.5215980217291782,2.1029367910491095,0.533348146989834
/home/cmantill/narrador-futbol/experiments/positions/grid_search_outputs/20260426_195856/runs/run_025_h128_objh128_te64_fu128_obj1_ff2_blocks3_drop0p15_lr0p001_wd0p0001,/home/cmantill/narrador-futbol/experiments/positions/grid_search_outputs/20260426_195856/runs/run_025_h128_objh128_te64_fu128_obj1_ff2_blocks3_drop0p15_lr0p001_wd0p0001/best_model.pt,64,128,128,128,1,2,3,0.15,0.001,0.0001,512,True,3,early_stopping_val_loss_overfit_patience_3,0.5656840402852312,0.533300293200569,0.5663391218674743,0.5455995360301581,0.4910638381978878,0.5223365340346103,2.194263952749747,0.533300293200569
/home/cmantill/narrador-futbol/experiments/positions/grid_search_outputs/20260426_195856/runs/run_201_h192_objh256_te128_fu256_obj1_ff4_blocks4_drop0p25_lr0p001_wd0p0005,/home/cmantill/narrador-futbol/experiments/positions/grid_search_outputs/20260426_195856/runs/run_201_h192_objh256_te128_fu256_obj1_ff4_blocks4_drop0p25_lr0p001_wd0p0005/best_model.pt,128,256,192,256,1,4,4,0.25,0.001,0.0005,512,True,2,early_stopping_val_loss_overfit_patience_3,0.5642872895684775,0.5332725228774787,0.5690488854008809,0.526750761200522,0.48482968914806557,0.5091558409164788,2.2084720929463706,0.5332725228774787
/home/cmantill/narrador-futbol/experiments/positions/grid_search_outputs/20260426_195856/runs/run_040_h128_objh128_te64_fu128_obj2_ff2_blocks4_drop0p15_lr0p0005_wd0p0001,/home/cmantill/narrador-futbol/experiments/positions/grid_search_outputs/20260426_195856/runs/run_040_h128_objh128_te64_fu128_obj2_ff2_blocks4_drop0p15_lr0p0005_wd0p0001/best_model.pt,64,128,128,128,2,2,4,0.15,0.0005,0.0001,512,True,1,early_stopping_val_macro_f1_patience_3,0.5764169668455488,0.533050957025718,0.5736978872392968,0.5962012469189503,0.564216212127488,0.5753405763572388,1.8418422164740387,0.533050957025718
/home/cmantill/narrador-futbol/experiments/positions/grid_search_outputs/20260426_195856/runs/run_139_h192_objh256_te128_fu256_obj2_ff4_blocks3_drop0p1_lr0p001_wd0p0001,/home/cmantill/narrador-futbol/experiments/positions/grid_search_outputs/20260426_195856/runs/run_139_h192_objh256_te128_fu256_obj2_ff4_blocks3_drop0p1_lr0p001_wd0p0001/best_model.pt,128,256,192,256,2,4,3,0.1,0.001,0.0001,512,True,1,early_stopping_val_macro_f1_patience_3,0.5697272660442549,0.5329325542609605,0.5677828280453637,0.5704654197477164,0.5496506484236181,0.5556588221878165,2.057823916276296,0.5329325542609605
/home/cmantill/narrador-futbol/experiments/positions/grid_search_outputs/20260426_195856/runs/run_454_h256_objh384_te256_fu384_obj2_ff4_blocks4_drop0p25_lr0p0005_wd0p0005,/home/cmantill/narrador-futbol/experiments/positions/grid_search_outputs/20260426_195856/runs/run_454_h256_objh384_te256_fu384_obj2_ff4_blocks4_drop0p25_lr0p0005_wd0p0005/best_model.pt,256,384,256,384,2,4,4,0.25,0.0005,0.0005,512,True,1,early_stopping_val_macro_f1_patience_3,0.5815628905388517,0.53292718266307,0.5757673696129456,0.5709003914745542,0.5356487718816034,0.5480618203606091,2.148105431486059,0.53292718266307
/home/cmantill/narrador-futbol/experiments/positions/grid_search_outputs/20260426_195856/runs/run_103_h128_objh128_te64_fu128_obj1_ff4_blocks3_drop0p3_lr0p001_wd0p001,/home/cmantill/narrador-futbol/experiments/positions/grid_search_outputs/20260426_195856/runs/run_103_h128_objh128_te64_fu128_obj1_ff4_blocks3_drop0p3_lr0p001_wd0p001/best_model.pt,64,128,128,128,1,4,3,0.3,0.001,0.001,512,True,2,early_stopping_val_loss_overfit_patience_3,0.6015584797471146,0.5329033618392213,0.581544285035398,0.5577787443816152,0.5162241787584958,0.5384804560396226,1.8868217998080783,0.5329033618392213
/home/cmantill/narrador-futbol/experiments/positions/grid_search_outputs/20260426_195856/runs/run_268_h256_objh256_te128_fu256_obj1_ff2_blocks4_drop0p15_lr0p0005_wd0p0001,/home/cmantill/narrador-futbol/experiments/positions/grid_search_outputs/20260426_195856/runs/run_268_h256_objh256_te128_fu256_obj1_ff2_blocks4_drop0p15_lr0p0005_wd0p0001/best_model.pt,128,256,256,256,1,2,4,0.15,0.0005,0.0001,512,True,1,early_stopping_val_macro_f1_patience_3,0.5620818936999191,0.5328824322974852,0.5727257787074532,0.5399449035812672,0.5188980917665386,0.5259898436394426,1.9475120659227725,0.5328824322974852
/home/cmantill/narrador-futbol/experiments/positions/grid_search_outputs/20260426_195856/runs/run_216_h192_objh256_te128_fu256_obj2_ff4_blocks5_drop0p25_lr0p0005_wd0p0005,/home/cmantill/narrador-futbol/experiments/positions/grid_search_outputs/20260426_195856/runs/run_216_h192_objh256_te128_fu256_obj2_ff4_blocks5_drop0p25_lr0p0005_wd0p0005/best_model.pt,128,256,192,256,2,4,5,0.25,0.0005,0.0005,512,True,1,early_stopping_val_macro_f1_patience_3,0.5719326619128133,0.5327849063207287,0.571510583508083,0.5793823401478904,0.5381747801556082,0.5509155704561008,1.8503535058763292,0.5327849063207287
/home/cmantill/narrador-futbol/experiments/positions/grid_search_outputs/20260426_195856/runs/run_238_h192_objh256_te128_fu256_obj2_ff4_blocks4_drop0p3_lr0p0005_wd0p001,/home/cmantill/narrador-futbol/experiments/positions/grid_search_outputs/20260426_195856/runs/run_238_h192_objh256_te128_fu256_obj2_ff4_blocks4_drop0p3_lr0p0005_wd0p001/best_model.pt,128,256,192,256,2,4,4,0.3,0.0005,0.001,512,True,1,early_stopping_val_macro_f1_patience_3,0.5620083805043006,0.5327260537784586,0.5654883515092438,0.5782224155429897,0.551776194453815,0.5593085381050241,1.7461192740334406,0.5327260537784586
/home/cmantill/narrador-futbol/experiments/positions/grid_search_outputs/20260426_195856/runs/run_004_h128_objh128_te64_fu128_obj1_ff2_blocks4_drop0p1_lr0p0005_wd0p0001,/home/cmantill/narrador-futbol/experiments/positions/grid_search_outputs/20260426_195856/runs/run_004_h128_objh128_te64_fu128_obj1_ff2_blocks4_drop0p1_lr0p0005_wd0p0001/best_model.pt,64,128,128,128,1,2,4,0.1,0.0005,0.0001,512,True,2,early_stopping_val_macro_f1_patience_3,0.5871498934058663,0.5327120390956274,0.5833581997906161,0.5509641873278237,0.5115449999756355,0.5305274621552533,2.077878322866228,0.5327120390956274
/home/cmantill/narrador-futbol/experiments/positions/grid_search_outputs/20260426_195856/runs/run_129_h192_objh256_te128_fu256_obj1_ff4_blocks4_drop0p1_lr0p001_wd0p0001,/home/cmantill/narrador-futbol/experiments/positions/grid_search_outputs/20260426_195856/runs/run_129_h192_objh256_te128_fu256_obj1_ff4_blocks4_drop0p1_lr0p001_wd0p0001/best_model.pt,128,256,192,256,1,4,4,0.1,0.001,0.0001,512,True,2,early_stopping_val_macro_f1_patience_3,0.5628905388517239,0.5325128243403044,0.5665628899306688,0.5598086124401914,0.5162192070470207,0.5449549906795084,2.432986067401038,0.5325128243403044
/home/cmantill/narrador-futbol/experiments/positions/grid_search_outputs/20260426_195856/runs/run_039_h128_objh128_te64_fu128_obj2_ff2_blocks4_drop0p15_lr0p001_wd0p0001,/home/cmantill/narrador-futbol/experiments/positions/grid_search_outputs/20260426_195856/runs/run_039_h128_objh128_te64_fu128_obj2_ff2_blocks4_drop0p15_lr0p001_wd0p0001/best_model.pt,64,128,128,128,2,2,4,0.15,0.001,0.0001,512,True,2,early_stopping_val_macro_f1_patience_3,0.5531867970300669,0.5324433603967219,0.560010561782484,0.5585036972596781,0.5288346744583032,0.5498763836083104,2.106907765070597,0.5324433603967219
/home/cmantill/narrador-futbol/experiments/positions/grid_search_outputs/20260426_195856/runs/run_095_h128_objh128_te64_fu128_obj2_ff4_blocks5_drop0p25_lr0p001_wd0p0005,/home/cmantill/narrador-futbol/experiments/positions/grid_search_outputs/20260426_195856/runs/run_095_h128_objh128_te64_fu128_obj2_ff4_blocks5_drop0p25_lr0p001_wd0p0005/best_model.pt,64,128,128,128,2,4,5,0.25,0.001,0.0005,512,True,1,early_stopping_val_macro_f1_patience_3,0.5737704918032787,0.5324209759347368,0.5725149580403301,0.5700304480208787,0.5335643171531206,0.5465166131521538,1.555767955603423,0.5324209759347368
/home/cmantill/narrador-futbol/experiments/positions/grid_search_outputs/20260426_195856/runs/run_406_h256_objh384_te256_fu384_obj2_ff4_blocks4_drop0p15_lr0p0005_wd0p0001,/home/cmantill/narrador-futbol/experiments/positions/grid_search_outputs/20260426_195856/runs/run_406_h256_objh384_te256_fu384_obj2_ff4_blocks4_drop0p15_lr0p0005_wd0p0001/best_model.pt,256,384,256,384,2,4,4,0.15,0.0005,0.0001,512,True,1,early_stopping_val_macro_f1_patience_3,0.5977357935749467,0.532391430458159,0.5832603387740338,0.6035232709873858,0.5606963714639573,0.5781557116064998,2.3397936865135476,0.532391430458159
/home/cmantill/narrador-futbol/experiments/positions/grid_search_outputs/20260426_195856/runs/run_246_h256_objh256_te128_fu256_obj1_ff2_blocks5_drop0p1_lr0p0005_wd0p0001,/home/cmantill/narrador-futbol/experiments/positions/grid_search_outputs/20260426_195856/runs/run_246_h256_objh256_te128_fu256_obj1_ff2_blocks5_drop0p1_lr0p0005_wd0p0001/best_model.pt,128,256,256,256,1,2,5,0.1,0.0005,0.0001,512,True,2,early_stopping_val_loss_overfit_patience_3,0.552966257443211,0.5323023915434091,0.5674748646205031,0.5785123966942148,0.5576222751145945,0.578262312015245,2.2504036603150546,0.5323023915434091
/home/cmantill/narrador-futbol/experiments/positions/grid_search_outputs/20260426_195856/runs/run_270_h256_objh256_te128_fu256_obj1_ff2_blocks5_drop0p15_lr0p0005_wd0p0001,/home/cmantill/narrador-futbol/experiments/positions/grid_search_outputs/20260426_195856/runs/run_270_h256_objh256_te128_fu256_obj1_ff2_blocks5_drop0p15_lr0p0005_wd0p0001/best_model.pt,128,256,256,256,1,2,5,0.15,0.0005,0.0001,512,True,2,early_stopping_val_loss_overfit_patience_3,0.5690656472836875,0.5322695835180231,0.5715437415569541,0.5323328983616065,0.4888517856413289,0.5153308453302419,2.302634742524889,0.5322695835180231
/home/cmantill/narrador-futbol/experiments/positions/grid_search_outputs/20260426_195856/runs/run_217_h192_objh256_te128_fu256_obj1_ff2_blocks3_drop0p3_lr0p001_wd0p001,/home/cmantill/narrador-futbol/experiments/positions/grid_search_outputs/20260426_195856/runs/run_217_h192_objh256_te128_fu256_obj1_ff2_blocks3_drop0p3_lr0p001_wd0p001/best_model.pt,128,256,192,256,1,2,3,0.3,0.001,0.001,512,True,1,early_stopping_val_macro_f1_patience_3,0.5601705506138351,0.5322250384671826,0.5720846008401832,0.5584312019718718,0.5237724202244997,0.5385907140278352,1.991177589805038,0.5322250384671826
/home/cmantill/narrador-futbol/experiments/positions/grid_search_outputs/20260426_195856/runs/run_144_h192_objh256_te128_fu256_obj2_ff4_blocks5_drop0p1_lr0p0005_wd0p0001,/home/cmantill/narrador-futbol/experiments/positions/grid_search_outputs/20260426_195856/runs/run_144_h192_objh256_te128_fu256_obj2_ff4_blocks5_drop0p1_lr0p0005_wd0p0001/best_model.pt,128,256,192,256,2,4,5,0.1,0.0005,0.0001,512,True,1,early_stopping_val_macro_f1_patience_3,0.5806072189958097,0.5320122546414819,0.577408450018938,0.5368276062055967,0.5025653484732229,0.5136185216881672,1.997317651907603,0.5320122546414819
/home/cmantill/narrador-futbol/experiments/positions/grid_search_outputs/20260426_195856/runs/run_145_h192_objh256_te128_fu256_obj1_ff2_blocks3_drop0p15_lr0p001_wd0p0001,/home/cmantill/narrador-futbol/experiments/positions/grid_search_outputs/20260426_195856/runs/run_145_h192_objh256_te128_fu256_obj1_ff2_blocks3_drop0p15_lr0p001_wd0p0001/best_model.pt,128,256,192,256,1,2,3,0.15,0.001,0.0001,512,True,1,early_stopping_val_macro_f1_patience_3,0.5650224215246636,0.5318539943944436,0.572256275326527,0.5396549224300421,0.510011417244037,0.5202584618018743,2.280096447026288,0.5318539943944436
/home/cmantill/narrador-futbol/experiments/positions/grid_search_outputs/20260426_195856/runs/run_447_h256_objh384_te256_fu384_obj2_ff2_blocks4_drop0p25_lr0p001_wd0p0005,/home/cmantill/narrador-futbol/experiments/positions/grid_search_outputs/20260426_195856/runs/run_447_h256_objh384_te256_fu384_obj2_ff2_blocks4_drop0p25_lr0p001_wd0p0005/best_model.pt,256,384,256,384,2,2,4,0.25,0.001,0.0005,512,True,2,early_stopping_val_loss_overfit_patience_3,0.568183488936264,0.5317449495312974,0.5691137679808208,0.5157314774539655,0.47808785719676655,0.49398101896664465,2.1562184470671193,0.5317449495312974
/home/cmantill/narrador-futbol/experiments/positions/grid_search_outputs/20260426_195856/runs/run_472_h256_objh384_te256_fu384_obj2_ff2_blocks4_drop0p3_lr0p0005_wd0p001,/home/cmantill/narrador-futbol/experiments/positions/grid_search_outputs/20260426_195856/runs/run_472_h256_objh384_te256_fu384_obj2_ff2_blocks4_drop0p3_lr0p0005_wd0p001/best_model.pt,256,384,256,384,2,2,4,0.3,0.0005,0.001,512,True,3,early_stopping_val_loss_overfit_patience_3,0.5553921928986253,0.5309998204159917,0.569853661398571,0.5326228795128317,0.5080282287548996,0.5181032069518121,2.082363545894623,0.5309998204159917
/home/cmantill/narrador-futbol/experiments/positions/grid_search_outputs/20260426_195856/runs/run_143_h192_objh256_te128_fu256_obj2_ff4_blocks5_drop0p1_lr0p001_wd0p0001,/home/cmantill/narrador-futbol/experiments/positions/grid_search_outputs/20260426_195856/runs/run_143_h192_objh256_te128_fu256_obj2_ff4_blocks5_drop0p1_lr0p001_wd0p0001/best_model.pt,128,256,192,256,2,4,5,0.1,0.001,0.0001,512,True,1,early_stopping_val_macro_f1_patience_3,0.5767110196280232,0.5309913789772055,0.5765736373777577,0.532695374800638,0.5004515365366438,0.5076007965516516,2.2523200070416487,0.5309913789772055
/home/cmantill/narrador-futbol/experiments/positions/grid_search_outputs/20260426_195856/runs/run_116_h128_objh128_te64_fu128_obj2_ff4_blocks3_drop0p3_lr0p0005_wd0p001,/home/cmantill/narrador-futbol/experiments/positions/grid_search_outputs/20260426_195856/runs/run_116_h128_objh128_te64_fu128_obj2_ff4_blocks3_drop0p3_lr0p0005_wd0p001/best_model.pt,64,128,128,128,2,4,3,0.3,0.0005,0.001,512,True,3,early_stopping_val_loss_overfit_patience_3,0.5648018819378078,0.530957562645349,0.5640089742739037,0.5840945338552994,0.5433828395152603,0.5574112335173276,1.6039938750090423,0.530957562645349
/home/cmantill/narrador-futbol/experiments/positions/grid_search_outputs/20260426_195856/runs/run_228_h192_objh256_te128_fu256_obj1_ff4_blocks5_drop0p3_lr0p0005_wd0p001,/home/cmantill/narrador-futbol/experiments/positions/grid_search_outputs/20260426_195856/runs/run_228_h192_objh256_te128_fu256_obj1_ff4_blocks5_drop0p3_lr0p0005_wd0p001/best_model.pt,128,256,192,256,1,4,5,0.3,0.0005,0.001,512,True,1,early_stopping_val_macro_f1_patience_3,0.5603175770050725,0.5308282799750702,0.5621846198483373,0.5578512396694215,0.5141210751433959,0.5237116244861281,1.9297953270099781,0.5308282799750702
/home/cmantill/narrador-futbol/experiments/positions/grid_search_outputs/20260426_195856/runs/run_296_h256_objh256_te128_fu256_obj1_ff4_blocks3_drop0p2_lr0p0005_wd0p0005,/home/cmantill/narrador-futbol/experiments/positions/grid_search_outputs/20260426_195856/runs/run_296_h256_objh256_te128_fu256_obj1_ff4_blocks3_drop0p2_lr0p0005_wd0p0005/best_model.pt,128,256,256,256,1,4,3,0.2,0.0005,0.0005,512,True,2,early_stopping_val_macro_f1_patience_3,0.558479747114607,0.5307717760471788,0.5648851549567221,0.5777149485283457,0.5471778484999329,0.5662573586211581,2.0263008453227855,0.5307717760471788
/home/cmantill/narrador-futbol/experiments/positions/grid_search_outputs/20260426_195856/runs/run_297_h256_objh256_te128_fu256_obj1_ff4_blocks4_drop0p2_lr0p001_wd0p0005,/home/cmantill/narrador-futbol/experiments/positions/grid_search_outputs/20260426_195856/runs/run_297_h256_objh256_te128_fu256_obj1_ff4_blocks4_drop0p2_lr0p001_wd0p0005/best_model.pt,128,256,256,256,1,4,4,0.2,0.001,0.0005,512,True,2,early_stopping_val_macro_f1_patience_3,0.5620083805043006,0.5306177214102653,0.5701001146124632,0.5132666376685515,0.45606648353470186,0.4930945331118997,2.45408300558726,0.5306177214102653
/home/cmantill/narrador-futbol/experiments/positions/grid_search_outputs/20260426_195856/runs/run_235_h192_objh256_te128_fu256_obj2_ff4_blocks3_drop0p3_lr0p001_wd0p001,/home/cmantill/narrador-futbol/experiments/positions/grid_search_outputs/20260426_195856/runs/run_235_h192_objh256_te128_fu256_obj2_ff4_blocks3_drop0p3_lr0p001_wd0p001/best_model.pt,128,256,192,256,2,4,3,0.3,0.001,0.001,512,True,1,early_stopping_val_macro_f1_patience_3,0.5624494596780122,0.5305956612994792,0.5711329435932215,0.5594461360011599,0.5303818687569388,0.5379421614540706,2.038970662487878,0.5305956612994792
/home/cmantill/narrador-futbol/experiments/positions/grid_search_outputs/20260426_195856/runs/run_356_h256_objh256_te128_fu256_obj2_ff4_blocks3_drop0p3_lr0p0005_wd0p001,/home/cmantill/narrador-futbol/experiments/positions/grid_search_outputs/20260426_195856/runs/run_356_h256_objh256_te128_fu256_obj2_ff4_blocks3_drop0p3_lr0p0005_wd0p001/best_model.pt,128,256,256,256,2,4,3,0.3,0.0005,0.001,512,True,1,early_stopping_val_macro_f1_patience_3,0.5587737998970815,0.530541363515316,0.560589650936498,0.5647382920110193,0.5457541883756876,0.5536173548673063,2.030109484990438,0.530541363515316
/home/cmantill/narrador-futbol/experiments/positions/grid_search_outputs/20260426_195856/runs/run_446_h256_objh384_te256_fu384_obj2_ff2_blocks3_drop0p25_lr0p0005_wd0p0005,/home/cmantill/narrador-futbol/experiments/positions/grid_search_outputs/20260426_195856/runs/run_446_h256_objh384_te256_fu384_obj2_ff2_blocks3_drop0p25_lr0p0005_wd0p0005/best_model.pt,256,384,256,384,2,2,3,0.25,0.0005,0.0005,512,True,3,early_stopping_val_loss_overfit_patience_3,0.5542159817687274,0.5303838475292063,0.5641058816987619,0.5461070030448021,0.5187552898528707,0.5264961858305812,1.910592257976532,0.5303838475292063
/home/cmantill/narrador-futbol/experiments/positions/grid_search_outputs/20260426_195856/runs/run_061_h128_objh128_te64_fu128_obj2_ff2_blocks3_drop0p2_lr0p001_wd0p0005,/home/cmantill/narrador-futbol/experiments/positions/grid_search_outputs/20260426_195856/runs/run_061_h128_objh128_te64_fu128_obj2_ff2_blocks3_drop0p2_lr0p001_wd0p0005/best_model.pt,64,128,128,128,2,2,3,0.2,0.001,0.0005,512,True,3,early_stopping_val_loss_overfit_patience_3,0.5573770491803278,0.5303818957442327,0.569417783098804,0.519573727707699,0.4781325882124664,0.5070515164895697,2.035786454324369,0.5303818957442327
/home/cmantill/narrador-futbol/experiments/positions/grid_search_outputs/20260426_195856/runs/run_175_h192_objh256_te128_fu256_obj1_ff4_blocks3_drop0p2_lr0p001_wd0p0005,/home/cmantill/narrador-futbol/experiments/positions/grid_search_outputs/20260426_195856/runs/run_175_h192_objh256_te128_fu256_obj1_ff4_blocks3_drop0p2_lr0p001_wd0p0005/best_model.pt,128,256,192,256,1,4,3,0.2,0.001,0.0005,512,True,3,early_stopping_val_loss_overfit_patience_3,0.5523781518782621,0.530333756062951,0.5682752862042806,0.541394809337393,0.5042426747617366,0.5333489950307627,2.098837830402233,0.530333756062951
/home/cmantill/narrador-futbol/experiments/positions/grid_search_outputs/20260426_195856/runs/run_043_h128_objh128_te64_fu128_obj2_ff4_blocks3_drop0p15_lr0p001_wd0p0001,/home/cmantill/narrador-futbol/experiments/positions/grid_search_outputs/20260426_195856/runs/run_043_h128_objh128_te64_fu128_obj2_ff4_blocks3_drop0p15_lr0p001_wd0p0001/best_model.pt,64,128,128,128,2,4,3,0.15,0.001,0.0001,512,True,2,early_stopping_val_loss_overfit_patience_3,0.5661251194589428,0.5302995969491465,0.5679076625817042,0.5188487748296361,0.47730971415864976,0.49896862509621814,2.0560562787232577,0.5302995969491465
/home/cmantill/narrador-futbol/experiments/positions/grid_search_outputs/20260426_195856/runs/run_449_h256_objh384_te256_fu384_obj2_ff2_blocks5_drop0p25_lr0p001_wd0p0005,/home/cmantill/narrador-futbol/experiments/positions/grid_search_outputs/20260426_195856/runs/run_449_h256_objh384_te256_fu384_obj2_ff2_blocks5_drop0p25_lr0p001_wd0p0005/best_model.pt,256,384,256,384,2,2,5,0.25,0.001,0.0005,512,True,2,early_stopping_val_loss_overfit_patience_3,0.5637726971991472,0.5299490547599853,0.5629983554038526,0.5469769464984776,0.5131880538831362,0.5299984318109285,2.197541645279637,0.5299490547599853
/home/cmantill/narrador-futbol/experiments/positions/grid_search_outputs/20260426_195856/runs/run_285_h256_objh256_te128_fu256_obj2_ff4_blocks4_drop0p15_lr0p001_wd0p0001,/home/cmantill/narrador-futbol/experiments/positions/grid_search_outputs/20260426_195856/runs/run_285_h256_objh256_te128_fu256_obj2_ff4_blocks4_drop0p15_lr0p001_wd0p0001/best_model.pt,128,256,256,256,2,4,4,0.15,0.001,0.0001,512,True,1,early_stopping_val_macro_f1_patience_3,0.5967801220319048,0.5297444924831667,0.5855711665277944,0.5383500072495288,0.4814232755722693,0.5101240011114389,2.4402273805053145,0.5297444924831667
/home/cmantill/narrador-futbol/experiments/positions/grid_search_outputs/20260426_195856/runs/run_057_h128_objh128_te64_fu128_obj1_ff4_blocks4_drop0p2_lr0p001_wd0p0005,/home/cmantill/narrador-futbol/experiments/positions/grid_search_outputs/20260426_195856/runs/run_057_h128_objh128_te64_fu128_obj1_ff4_blocks4_drop0p2_lr0p001_wd0p0005/best_model.pt,64,128,128,128,1,4,4,0.2,0.001,0.0005,512,True,4,early_stopping_val_loss_overfit_patience_3,0.5555392192898625,0.5295842454415157,0.5662216214754526,0.5227635203711759,0.5001590872524572,0.5187366720187271,2.1580840481652155,0.5295842454415157
/home/cmantill/narrador-futbol/experiments/positions/grid_search_outputs/20260426_195856/runs/run_114_h128_objh128_te64_fu128_obj2_ff2_blocks5_drop0p3_lr0p0005_wd0p001,/home/cmantill/narrador-futbol/experiments/positions/grid_search_outputs/20260426_195856/runs/run_114_h128_objh128_te64_fu128_obj2_ff2_blocks5_drop0p3_lr0p0005_wd0p001/best_model.pt,64,128,128,128,2,2,5,0.3,0.0005,0.001,512,True,2,early_stopping_val_macro_f1_patience_3,0.559435418657649,0.5295046603969555,0.5559687632603294,0.578294910830796,0.5534858961697716,0.5574145246943234,1.5327644657205652,0.5295046603969555
/home/cmantill/narrador-futbol/experiments/positions/grid_search_outputs/20260426_195856/runs/run_343_h256_objh256_te128_fu256_obj1_ff4_blocks3_drop0p3_lr0p001_wd0p001,/home/cmantill/narrador-futbol/experiments/positions/grid_search_outputs/20260426_195856/runs/run_343_h256_objh256_te128_fu256_obj1_ff4_blocks3_drop0p3_lr0p001_wd0p001/best_model.pt,128,256,256,256,1,4,3,0.3,0.001,0.001,512,True,2,early_stopping_val_loss_overfit_patience_3,0.5595089318532677,0.5293918738298549,0.5671337197618854,0.5381325213861099,0.5093685540246294,0.523811369239833,2.336895991254736,0.5293918738298549
/home/cmantill/narrador-futbol/experiments/positions/grid_search_outputs/20260426_195856/runs/run_214_h192_objh256_te128_fu256_obj2_ff4_blocks4_drop0p25_lr0p0005_wd0p0005,/home/cmantill/narrador-futbol/experiments/positions/grid_search_outputs/20260426_195856/runs/run_214_h192_objh256_te128_fu256_obj2_ff4_blocks4_drop0p25_lr0p0005_wd0p0005/best_model.pt,128,256,192,256,2,4,4,0.25,0.0005,0.0005,512,True,1,early_stopping_val_macro_f1_patience_3,0.5579651547452767,0.5292161425019837,0.5613722873537597,0.5777149485283457,0.5525886386395061,0.5611236758721289,1.8380898943653814,0.5292161425019837
/home/cmantill/narrador-futbol/experiments/positions/grid_search_outputs/20260426_195856/runs/run_065_h128_objh128_te64_fu128_obj2_ff2_blocks5_drop0p2_lr0p001_wd0p0005,/home/cmantill/narrador-futbol/experiments/positions/grid_search_outputs/20260426_195856/runs/run_065_h128_objh128_te64_fu128_obj2_ff2_blocks5_drop0p2_lr0p001_wd0p0005/best_model.pt,64,128,128,128,2,2,5,0.2,0.001,0.0005,512,True,2,early_stopping_val_macro_f1_patience_3,0.5606851429831655,0.5291035714047667,0.5641906278658941,0.5643758155719878,0.5345551419785998,0.5393683672041504,1.9533717521914729,0.5291035714047667
/home/cmantill/narrador-futbol/experiments/positions/grid_search_outputs/20260426_195856/runs/run_042_h128_objh128_te64_fu128_obj2_ff2_blocks5_drop0p15_lr0p0005_wd0p0001,/home/cmantill/narrador-futbol/experiments/positions/grid_search_outputs/20260426_195856/runs/run_042_h128_objh128_te64_fu128_obj2_ff2_blocks5_drop0p15_lr0p0005_wd0p0001/best_model.pt,64,128,128,128,2,2,5,0.15,0.0005,0.0001,512,True,3,early_stopping_val_loss_overfit_patience_3,0.5534073366169228,0.5289769185250922,0.5591834157006017,0.5160214586051907,0.4968056953130931,0.5152502759821459,1.8926607701513503,0.5289769185250922
/home/cmantill/narrador-futbol/experiments/positions/grid_search_outputs/20260426_195856/runs/run_386_h256_objh384_te256_fu384_obj1_ff2_blocks3_drop0p15_lr0p0005_wd0p0001,/home/cmantill/narrador-futbol/experiments/positions/grid_search_outputs/20260426_195856/runs/run_386_h256_objh384_te256_fu384_obj1_ff2_blocks3_drop0p15_lr0p0005_wd0p0001/best_model.pt,256,384,256,384,1,2,3,0.15,0.0005,0.0001,512,True,2,early_stopping_val_loss_overfit_patience_3,0.5589208262883187,0.5288775368524182,0.5671492927860466,0.5305205161664491,0.48658391660577044,0.5190755562093131,2.2274293722929777,0.5288775368524182
/home/cmantill/narrador-futbol/experiments/positions/grid_search_outputs/20260426_195856/runs/run_370_h256_objh384_te256_fu384_obj1_ff4_blocks4_drop0p1_lr0p0005_wd0p0001,/home/cmantill/narrador-futbol/experiments/positions/grid_search_outputs/20260426_195856/runs/run_370_h256_objh384_te256_fu384_obj1_ff4_blocks4_drop0p1_lr0p0005_wd0p0001/best_model.pt,256,384,256,384,1,4,4,0.1,0.0005,0.0001,512,True,1,early_stopping_val_macro_f1_patience_3,0.5987649783136073,0.5286294025275586,0.58372113936786,0.5601710888792228,0.5064994495667872,0.5232005987576035,2.4277582654246577,0.5286294025275586
/home/cmantill/narrador-futbol/experiments/positions/grid_search_outputs/20260426_195856/runs/run_224_h192_objh256_te128_fu256_obj1_ff4_blocks3_drop0p3_lr0p0005_wd0p001,/home/cmantill/narrador-futbol/experiments/positions/grid_search_outputs/20260426_195856/runs/run_224_h192_objh256_te128_fu256_obj1_ff4_blocks3_drop0p3_lr0p0005_wd0p001/best_model.pt,128,256,192,256,1,4,3,0.3,0.0005,0.001,512,True,1,early_stopping_val_macro_f1_patience_3,0.5517900463133132,0.5286129657270661,0.5604025036700355,0.5942438741481804,0.5700199690151396,0.5800093380384093,1.7470751139852736,0.5286129657270661
/home/cmantill/narrador-futbol/experiments/positions/grid_search_outputs/20260426_195856/runs/run_280_h256_objh256_te128_fu256_obj2_ff2_blocks4_drop0p15_lr0p0005_wd0p0001,/home/cmantill/narrador-futbol/experiments/positions/grid_search_outputs/20260426_195856/runs/run_280_h256_objh256_te128_fu256_obj2_ff2_blocks4_drop0p15_lr0p0005_wd0p0001/best_model.pt,128,256,256,256,2,2,4,0.15,0.0005,0.0001,512,True,2,early_stopping_val_loss_overfit_patience_3,0.5492905976622804,0.528611219595001,0.5659425432273707,0.5560388574742642,0.5213794613417198,0.5403446345325917,2.018904301855299,0.528611219595001
/home/cmantill/narrador-futbol/experiments/positions/grid_search_outputs/20260426_195856/runs/run_309_h256_objh256_te128_fu256_obj2_ff4_blocks4_drop0p2_lr0p001_wd0p0005,/home/cmantill/narrador-futbol/experiments/positions/grid_search_outputs/20260426_195856/runs/run_309_h256_objh256_te128_fu256_obj2_ff4_blocks4_drop0p2_lr0p001_wd0p0005/best_model.pt,128,256,256,256,2,4,4,0.2,0.001,0.0005,512,True,1,early_stopping_val_macro_f1_patience_3,0.5479673601411453,0.5285061040039023,0.5572928970752409,0.5343627664201827,0.5022186262012481,0.5154679741641414,1.9616105247426916,0.5285061040039023
/home/cmantill/narrador-futbol/experiments/positions/grid_search_outputs/20260426_195856/runs/run_376_h256_objh384_te256_fu384_obj2_ff2_blocks4_drop0p1_lr0p0005_wd0p0001,/home/cmantill/narrador-futbol/experiments/positions/grid_search_outputs/20260426_195856/runs/run_376_h256_objh384_te256_fu384_obj2_ff2_blocks4_drop0p1_lr0p0005_wd0p0001/best_model.pt,256,384,256,384,2,2,4,0.1,0.0005,0.0001,512,True,2,early_stopping_val_loss_overfit_patience_3,0.5479673601411453,0.5280188510952996,0.5597390349494856,0.5490793098448601,0.5213628712891741,0.5400928619180185,2.236652738518185,0.5280188510952996
/home/cmantill/narrador-futbol/experiments/positions/grid_search_outputs/20260426_195856/runs/run_079_h128_objh128_te64_fu128_obj1_ff4_blocks3_drop0p25_lr0p001_wd0p0005,/home/cmantill/narrador-futbol/experiments/positions/grid_search_outputs/20260426_195856/runs/run_079_h128_objh128_te64_fu128_obj1_ff4_blocks3_drop0p25_lr0p001_wd0p0005/best_model.pt,64,128,128,128,1,4,3,0.25,0.001,0.0005,512,True,2,early_stopping_val_macro_f1_patience_3,0.572961846651474,0.5279172881585343,0.5628337435967732,0.5611860229085109,0.5241270588961051,0.5405706299952133,2.069826141551689,0.5279172881585343
/home/cmantill/narrador-futbol/experiments/positions/grid_search_outputs/20260426_195856/runs/run_077_h128_objh128_te64_fu128_obj1_ff2_blocks5_drop0p25_lr0p001_wd0p0005,/home/cmantill/narrador-futbol/experiments/positions/grid_search_outputs/20260426_195856/runs/run_077_h128_objh128_te64_fu128_obj1_ff2_blocks5_drop0p25_lr0p001_wd0p0005/best_model.pt,64,128,128,128,1,2,5,0.25,0.001,0.0005,512,True,1,early_stopping_val_macro_f1_patience_3,0.5498051900316107,0.5277487925337209,0.5515679157787923,0.5819196752211107,0.5395803811611604,0.5549540518789279,1.825607580167276,0.5277487925337209
/home/cmantill/narrador-futbol/experiments/positions/grid_search_outputs/20260426_195856/runs/run_291_h256_objh256_te128_fu256_obj1_ff2_blocks4_drop0p2_lr0p001_wd0p0005,/home/cmantill/narrador-futbol/experiments/positions/grid_search_outputs/20260426_195856/runs/run_291_h256_objh256_te128_fu256_obj1_ff2_blocks4_drop0p2_lr0p001_wd0p0005/best_model.pt,128,256,256,256,1,2,4,0.2,0.001,0.0005,512,True,1,early_stopping_val_macro_f1_patience_3,0.5671543041976035,0.5276240904287393,0.5639574970238456,0.5626359286646369,0.5284249866390799,0.5428242630633404,2.3113982611232333,0.5276240904287393
/home/cmantill/narrador-futbol/experiments/positions/grid_search_outputs/20260426_195856/runs/run_215_h192_objh256_te128_fu256_obj2_ff4_blocks5_drop0p25_lr0p001_wd0p0005,/home/cmantill/narrador-futbol/experiments/positions/grid_search_outputs/20260426_195856/runs/run_215_h192_objh256_te128_fu256_obj2_ff4_blocks5_drop0p25_lr0p001_wd0p0005/best_model.pt,128,256,192,256,2,4,5,0.25,0.001,0.0005,512,True,1,early_stopping_val_macro_f1_patience_3,0.5619348673086819,0.5274241843135341,0.5660598884528407,0.5699579527330724,0.544245469321824,0.5482574013591367,1.8854584980894018,0.5274241843135341
/home/cmantill/narrador-futbol/experiments/positions/grid_search_outputs/20260426_195856/runs/run_186_h192_objh256_te128_fu256_obj2_ff2_blocks5_drop0p2_lr0p0005_wd0p0005,/home/cmantill/narrador-futbol/experiments/positions/grid_search_outputs/20260426_195856/runs/run_186_h192_objh256_te128_fu256_obj2_ff2_blocks5_drop0p2_lr0p0005_wd0p0005/best_model.pt,128,256,192,256,2,2,5,0.2,0.0005,0.0005,512,True,1,early_stopping_val_macro_f1_patience_3,0.5616408145262074,0.5269684547840164,0.5631069859482961,0.5588661736987096,0.5340976622167986,0.5425891718947294,1.6964118193697046,0.5269684547840164
/home/cmantill/narrador-futbol/experiments/positions/grid_search_outputs/20260426_195856/runs/run_361_h256_objh384_te256_fu384_obj1_ff2_blocks3_drop0p1_lr0p001_wd0p0001,/home/cmantill/narrador-futbol/experiments/positions/grid_search_outputs/20260426_195856/runs/run_361_h256_objh384_te256_fu384_obj1_ff2_blocks3_drop0p1_lr0p001_wd0p0001/best_model.pt,256,384,256,384,1,2,3,0.1,0.001,0.0001,512,True,2,early_stopping_val_loss_overfit_patience_3,0.555465706094244,0.5268073962725844,0.5638108449597184,0.5271132376395534,0.48138978781234626,0.5136695571002611,2.42966318792767,0.5268073962725844
/home/cmantill/narrador-futbol/experiments/positions/grid_search_outputs/20260426_195856/runs/run_018_h128_objh128_te64_fu128_obj2_ff2_blocks5_drop0p1_lr0p0005_wd0p0001,/home/cmantill/narrador-futbol/experiments/positions/grid_search_outputs/20260426_195856/runs/run_018_h128_objh128_te64_fu128_obj2_ff2_blocks5_drop0p1_lr0p0005_wd0p0001/best_model.pt,64,128,128,128,2,2,5,0.1,0.0005,0.0001,512,True,2,early_stopping_val_macro_f1_patience_3,0.54612953025068,0.5267600713660056,0.5543264597827929,0.551544149630274,0.5248224337579626,0.5380654126878339,1.9577944411171808,0.5267600713660056
/home/cmantill/narrador-futbol/experiments/positions/grid_search_outputs/20260426_195856/runs/run_380_h256_objh384_te256_fu384_obj2_ff4_blocks3_drop0p1_lr0p0005_wd0p0001,/home/cmantill/narrador-futbol/experiments/positions/grid_search_outputs/20260426_195856/runs/run_380_h256_objh384_te256_fu384_obj2_ff4_blocks3_drop0p1_lr0p0005_wd0p0001/best_model.pt,256,384,256,384,2,4,3,0.1,0.0005,0.0001,512,True,2,early_stopping_val_loss_overfit_patience_3,0.5562743512460486,0.5264660420264163,0.5628397490501396,0.5239959402638829,0.4845306163854006,0.5156337088298637,2.2235859323430947,0.5264660420264163
/home/cmantill/narrador-futbol/experiments/positions/grid_search_outputs/20260426_195856/runs/run_458_h256_objh384_te256_fu384_obj1_ff2_blocks3_drop0p3_lr0p0005_wd0p001,/home/cmantill/narrador-futbol/experiments/positions/grid_search_outputs/20260426_195856/runs/run_458_h256_objh384_te256_fu384_obj1_ff2_blocks3_drop0p3_lr0p0005_wd0p001/best_model.pt,256,384,256,384,1,2,3,0.3,0.0005,0.001,512,True,1,early_stopping_val_macro_f1_patience_3,0.5828861280599867,0.5262278974214907,0.5757650215633731,0.569377990430622,0.5331225050773394,0.5519955055029345,2.007152329992365,0.5262278974214907
/home/cmantill/narrador-futbol/experiments/positions/grid_search_outputs/20260426_195856/runs/run_316_h256_objh256_te128_fu256_obj1_ff2_blocks4_drop0p25_lr0p0005_wd0p0005,/home/cmantill/narrador-futbol/experiments/positions/grid_search_outputs/20260426_195856/runs/run_316_h256_objh256_te128_fu256_obj1_ff2_blocks4_drop0p25_lr0p0005_wd0p0005/best_model.pt,128,256,256,256,1,2,4,0.25,0.0005,0.0005,512,True,1,early_stopping_val_macro_f1_patience_3,0.5451003455120194,0.5260480810174936,0.5564536213599931,0.5365376250543714,0.5175155894448419,0.522632804942915,1.8323704291273046,0.5260480810174936
/home/cmantill/narrador-futbol/experiments/positions/grid_search_outputs/20260426_195856/runs/run_247_h256_objh256_te128_fu256_obj1_ff4_blocks3_drop0p1_lr0p001_wd0p0001,/home/cmantill/narrador-futbol/experiments/positions/grid_search_outputs/20260426_195856/runs/run_247_h256_objh256_te128_fu256_obj1_ff4_blocks3_drop0p1_lr0p001_wd0p0001/best_model.pt,128,256,256,256,1,4,3,0.1,0.001,0.0001,512,True,1,early_stopping_val_macro_f1_patience_3,0.5434095420127913,0.5259819117016042,0.551991708910811,0.5184138031027983,0.4814765677918384,0.4990992875154914,2.0634441949703075,0.5259819117016042
/home/cmantill/narrador-futbol/experiments/positions/grid_search_outputs/20260426_195856/runs/run_173_h192_objh256_te128_fu256_obj1_ff2_blocks5_drop0p2_lr0p001_wd0p0005,/home/cmantill/narrador-futbol/experiments/positions/grid_search_outputs/20260426_195856/runs/run_173_h192_objh256_te128_fu256_obj1_ff2_blocks5_drop0p2_lr0p001_wd0p0005/best_model.pt,128,256,192,256,1,2,5,0.2,0.001,0.0005,512,True,3,early_stopping_val_loss_overfit_patience_3,0.5439241343821216,0.5258690314875549,0.5544247092528144,0.5537190082644629,0.5297805663467309,0.546493537469084,2.2982343678121215,0.5258690314875549
/home/cmantill/narrador-futbol/experiments/positions/grid_search_outputs/20260426_195856/runs/run_220_h192_objh256_te128_fu256_obj1_ff2_blocks4_drop0p3_lr0p0005_wd0p001,/home/cmantill/narrador-futbol/experiments/positions/grid_search_outputs/20260426_195856/runs/run_220_h192_objh256_te128_fu256_obj1_ff2_blocks4_drop0p3_lr0p0005_wd0p001/best_model.pt,128,256,192,256,1,2,4,0.3,0.0005,0.001,512,True,2,early_stopping_val_loss_overfit_patience_3,0.5695067264573991,0.5258016240951527,0.5713485166123484,0.5407423517471365,0.4980070642672032,0.5096737354975728,1.9167313266683508,0.5258016240951527
/home/cmantill/narrador-futbol/experiments/positions/grid_search_outputs/20260426_195856/runs/run_085_h128_objh128_te64_fu128_obj2_ff2_blocks3_drop0p25_lr0p001_wd0p0005,/home/cmantill/narrador-futbol/experiments/positions/grid_search_outputs/20260426_195856/runs/run_085_h128_objh128_te64_fu128_obj2_ff2_blocks3_drop0p25_lr0p001_wd0p0005/best_model.pt,64,128,128,128,2,2,3,0.25,0.001,0.0005,512,True,2,early_stopping_val_loss_overfit_patience_3,0.5681099757406455,0.5252378858165425,0.5606802827868432,0.5615484993475424,0.5318657089529122,0.5428715813414811,1.819881969028049,0.5252378858165425
/home/cmantill/narrador-futbol/experiments/positions/grid_search_outputs/20260426_195856/runs/run_200_h192_objh256_te128_fu256_obj1_ff4_blocks3_drop0p25_lr0p0005_wd0p0005,/home/cmantill/narrador-futbol/experiments/positions/grid_search_outputs/20260426_195856/runs/run_200_h192_objh256_te128_fu256_obj1_ff4_blocks3_drop0p25_lr0p0005_wd0p0005/best_model.pt,128,256,192,256,1,4,3,0.25,0.0005,0.0005,512,True,1,early_stopping_val_macro_f1_patience_3,0.5464970962287731,0.5251867096620945,0.5563243964678032,0.5846744961577498,0.558899485585336,0.5717154968025503,1.8280404232166432,0.5251867096620945
/home/cmantill/narrador-futbol/experiments/positions/grid_search_outputs/20260426_195856/runs/run_227_h192_objh256_te128_fu256_obj1_ff4_blocks5_drop0p3_lr0p001_wd0p001,/home/cmantill/narrador-futbol/experiments/positions/grid_search_outputs/20260426_195856/runs/run_227_h192_objh256_te128_fu256_obj1_ff4_blocks5_drop0p3_lr0p001_wd0p001/best_model.pt,128,256,192,256,1,4,5,0.3,0.001,0.001,512,True,2,early_stopping_val_macro_f1_patience_3,0.5464235830331544,0.5250311703303658,0.5653969494818368,0.5439321444106133,0.5107182198493248,0.5331228515299201,2.3294887608951993,0.5250311703303658
/home/cmantill/narrador-futbol/experiments/positions/grid_search_outputs/20260426_195856/runs/run_237_h192_objh256_te128_fu256_obj2_ff4_blocks4_drop0p3_lr0p001_wd0p001,/home/cmantill/narrador-futbol/experiments/positions/grid_search_outputs/20260426_195856/runs/run_237_h192_objh256_te128_fu256_obj2_ff4_blocks4_drop0p3_lr0p001_wd0p001/best_model.pt,128,256,192,256,2,4,4,0.3,0.001,0.001,512,True,1,early_stopping_val_macro_f1_patience_3,0.5695802396530177,0.5248946319194256,0.5664155603299221,0.5992460490068146,0.5642196604142822,0.5783188812107365,1.7735173150345132,0.5248946319194256
/home/cmantill/narrador-futbol/experiments/positions/grid_search_outputs/20260426_195856/runs/run_366_h256_objh384_te256_fu384_obj1_ff2_blocks5_drop0p1_lr0p0005_wd0p0001,/home/cmantill/narrador-futbol/experiments/positions/grid_search_outputs/20260426_195856/runs/run_366_h256_objh384_te256_fu384_obj1_ff2_blocks5_drop0p1_lr0p0005_wd0p0001/best_model.pt,256,384,256,384,1,2,5,0.1,0.0005,0.0001,512,True,1,early_stopping_val_macro_f1_patience_3,0.5476733073586709,0.5244241636435555,0.5499697693715501,0.5315354501957372,0.485349400636762,0.5079702251318223,2.309750117637493,0.5244241636435555
/home/cmantill/narrador-futbol/experiments/positions/grid_search_outputs/20260426_195856/runs/run_221_h192_objh256_te128_fu256_obj1_ff2_blocks5_drop0p3_lr0p001_wd0p001,/home/cmantill/narrador-futbol/experiments/positions/grid_search_outputs/20260426_195856/runs/run_221_h192_objh256_te128_fu256_obj1_ff2_blocks5_drop0p3_lr0p001_wd0p001/best_model.pt,128,256,192,256,1,2,5,0.3,0.001,0.001,512,True,3,early_stopping_val_loss_overfit_patience_3,0.5454679114901124,0.5243906308913594,0.5566733240745103,0.5173263737857039,0.47658752433712354,0.5088842404185223,2.160059670607249,0.5243906308913594
/home/cmantill/narrador-futbol/experiments/positions/grid_search_outputs/20260426_195856/runs/run_422_h256_objh384_te256_fu384_obj2_ff2_blocks3_drop0p2_lr0p0005_wd0p0005,/home/cmantill/narrador-futbol/experiments/positions/grid_search_outputs/20260426_195856/runs/run_422_h256_objh384_te256_fu384_obj2_ff2_blocks3_drop0p2_lr0p0005_wd0p0005/best_model.pt,256,384,256,384,2,2,3,0.2,0.0005,0.0005,512,True,1,early_stopping_val_macro_f1_patience_3,0.5533338234213041,0.5243346170895917,0.5562355052901851,0.5490793098448601,0.5187214122641002,0.5311818720782748,1.9947906533877056,0.5243346170895917
/home/cmantill/narrador-futbol/experiments/positions/grid_search_outputs/20260426_195856/runs/run_440_h256_objh384_te256_fu384_obj1_ff4_blocks3_drop0p25_lr0p0005_wd0p0005,/home/cmantill/narrador-futbol/experiments/positions/grid_search_outputs/20260426_195856/runs/run_440_h256_objh384_te256_fu384_obj1_ff4_blocks3_drop0p25_lr0p0005_wd0p0005/best_model.pt,256,384,256,384,1,4,3,0.25,0.0005,0.0005,512,True,1,early_stopping_val_macro_f1_patience_3,0.5820039697125634,0.5242581413787557,0.5734086766525172,0.5697404668696535,0.5215848429671259,0.5393005999154065,1.9795253254749157,0.5242581413787557
/home/cmantill/narrador-futbol/experiments/positions/grid_search_outputs/20260426_195856/runs/run_404_h256_objh384_te256_fu384_obj2_ff4_blocks3_drop0p15_lr0p0005_wd0p0001,/home/cmantill/narrador-futbol/experiments/positions/grid_search_outputs/20260426_195856/runs/run_404_h256_objh384_te256_fu384_obj2_ff4_blocks3_drop0p15_lr0p0005_wd0p0001/best_model.pt,256,384,256,384,2,4,3,0.15,0.0005,0.0001,512,True,3,early_stopping_val_loss_overfit_patience_3,0.5356171432772182,0.5240371572124954,0.5565388431129538,0.5088444251123677,0.4785173638712831,0.4999392415731067,2.053022801876068,0.5240371572124954
/home/cmantill/narrador-futbol/experiments/positions/grid_search_outputs/20260426_195856/runs/run_381_h256_objh384_te256_fu384_obj2_ff4_blocks4_drop0p1_lr0p001_wd0p0001,/home/cmantill/narrador-futbol/experiments/positions/grid_search_outputs/20260426_195856/runs/run_381_h256_objh384_te256_fu384_obj2_ff4_blocks4_drop0p1_lr0p001_wd0p0001/best_model.pt,256,384,256,384,2,4,4,0.1,0.001,0.0001,512,True,1,early_stopping_val_macro_f1_patience_3,0.5771520988017349,0.5236348820761383,0.57173194393492,0.5248658837175584,0.47535169435980335,0.4922080637417632,2.6036335472707397,0.5236348820761383
/home/cmantill/narrador-futbol/experiments/positions/grid_search_outputs/20260426_195856/runs/run_310_h256_objh256_te128_fu256_obj2_ff4_blocks4_drop0p2_lr0p0005_wd0p0005,/home/cmantill/narrador-futbol/experiments/positions/grid_search_outputs/20260426_195856/runs/run_310_h256_objh256_te128_fu256_obj2_ff4_blocks4_drop0p2_lr0p0005_wd0p0005/best_model.pt,128,256,256,256,2,4,4,0.2,0.0005,0.0005,512,True,2,early_stopping_val_loss_overfit_patience_3,0.5491435712710432,0.5235442173552433,0.5546787055577813,0.5459620124691895,0.5136685840373375,0.5362459732665058,1.999425126446618,0.5235442173552433
/home/cmantill/narrador-futbol/experiments/positions/grid_search_outputs/20260426_195856/runs/run_430_h256_objh384_te256_fu384_obj2_ff4_blocks4_drop0p2_lr0p0005_wd0p0005,/home/cmantill/narrador-futbol/experiments/positions/grid_search_outputs/20260426_195856/runs/run_430_h256_objh384_te256_fu384_obj2_ff4_blocks4_drop0p2_lr0p0005_wd0p0005/best_model.pt,256,384,256,384,2,4,4,0.2,0.0005,0.0005,512,True,1,early_stopping_val_macro_f1_patience_3,0.5675953833713151,0.5234557494618257,0.5660879062635148,0.5712628679135856,0.5408188947734114,0.5483275727431867,2.0995321494561656,0.5234557494618257
/home/cmantill/narrador-futbol/experiments/positions/grid_search_outputs/20260426_195856/runs/run_037_h128_objh128_te64_fu128_obj2_ff2_blocks3_drop0p15_lr0p001_wd0p0001,/home/cmantill/narrador-futbol/experiments/positions/grid_search_outputs/20260426_195856/runs/run_037_h128_objh128_te64_fu128_obj2_ff2_blocks3_drop0p15_lr0p001_wd0p0001/best_model.pt,64,128,128,128,2,2,3,0.15,0.001,0.0001,512,True,1,early_stopping_val_macro_f1_patience_3,0.5707564507829155,0.5234312179085264,0.5668070102184178,0.5632158909670871,0.5294716499986521,0.53900029963414,2.0118487852591054,0.5234312179085264
/home/cmantill/narrador-futbol/experiments/positions/grid_search_outputs/20260426_195856/runs/run_354_h256_objh256_te128_fu256_obj2_ff2_blocks5_drop0p3_lr0p0005_wd0p001,/home/cmantill/narrador-futbol/experiments/positions/grid_search_outputs/20260426_195856/runs/run_354_h256_objh256_te128_fu256_obj2_ff2_blocks5_drop0p3_lr0p0005_wd0p001/best_model.pt,128,256,256,256,2,2,5,0.3,0.0005,0.001,512,True,3,early_stopping_val_loss_overfit_patience_3,0.536425788429023,0.5233169656906386,0.5405136665623498,0.5405248658837175,0.5141947613274622,0.5315078937759407,1.7226539938538163,0.5233169656906386
/home/cmantill/narrador-futbol/experiments/positions/grid_search_outputs/20260426_195856/runs/run_031_h128_objh128_te64_fu128_obj1_ff4_blocks3_drop0p15_lr0p001_wd0p0001,/home/cmantill/narrador-futbol/experiments/positions/grid_search_outputs/20260426_195856/runs/run_031_h128_objh128_te64_fu128_obj1_ff4_blocks3_drop0p15_lr0p001_wd0p0001/best_model.pt,64,128,128,128,1,4,3,0.15,0.001,0.0001,512,True,2,early_stopping_val_loss_overfit_patience_3,0.5570094832022348,0.5233062176386737,0.5540897851178371,0.5629984051036683,0.5213137547046546,0.5407509556227149,2.1838394580064,0.5233062176386737
/home/cmantill/narrador-futbol/experiments/positions/grid_search_outputs/20260426_195856/runs/run_016_h128_objh128_te64_fu128_obj2_ff2_blocks4_drop0p1_lr0p0005_wd0p0001,/home/cmantill/narrador-futbol/experiments/positions/grid_search_outputs/20260426_195856/runs/run_016_h128_objh128_te64_fu128_obj2_ff2_blocks4_drop0p1_lr0p0005_wd0p0001/best_model.pt,64,128,128,128,2,2,4,0.1,0.0005,0.0001,512,True,2,early_stopping_val_loss_overfit_patience_3,0.547085201793722,0.5229912475142976,0.5552642783904961,0.5477018993765406,0.5149937140725884,0.5297932673576018,2.1318469753971807,0.5229912475142976
/home/cmantill/narrador-futbol/experiments/positions/grid_search_outputs/20260426_195856/runs/run_071_h128_objh128_te64_fu128_obj2_ff4_blocks5_drop0p2_lr0p001_wd0p0005,/home/cmantill/narrador-futbol/experiments/positions/grid_search_outputs/20260426_195856/runs/run_071_h128_objh128_te64_fu128_obj2_ff4_blocks5_drop0p2_lr0p001_wd0p0005/best_model.pt,64,128,128,128,2,4,5,0.2,0.001,0.0005,512,True,1,early_stopping_val_macro_f1_patience_3,0.5633316180254355,0.5229764207005394,0.5619298045938325,0.5796723212991156,0.5444569588840728,0.5558390006720566,1.618169888302132,0.5229764207005394
/home/cmantill/narrador-futbol/experiments/positions/grid_search_outputs/20260426_195856/runs/run_249_h256_objh256_te128_fu256_obj1_ff4_blocks4_drop0p1_lr0p001_wd0p0001,/home/cmantill/narrador-futbol/experiments/positions/grid_search_outputs/20260426_195856/runs/run_249_h256_objh256_te128_fu256_obj1_ff4_blocks4_drop0p1_lr0p001_wd0p0001/best_model.pt,128,256,256,256,1,4,4,0.1,0.001,0.0001,512,True,3,early_stopping_val_loss_overfit_patience_3,0.5499522164228479,0.5224833384629466,0.5584118382642514,0.5097868638538495,0.4840430693438376,0.5047737831624534,2.7995641628901162,0.5224833384629466
/home/cmantill/narrador-futbol/experiments/positions/grid_search_outputs/20260426_195856/runs/run_332_h256_objh256_te128_fu256_obj2_ff4_blocks3_drop0p25_lr0p0005_wd0p0005,/home/cmantill/narrador-futbol/experiments/positions/grid_search_outputs/20260426_195856/runs/run_332_h256_objh256_te128_fu256_obj2_ff4_blocks3_drop0p25_lr0p0005_wd0p0005/best_model.pt,128,256,256,256,2,4,3,0.25,0.0005,0.0005,512,True,2,early_stopping_val_loss_overfit_patience_3,0.564581342350952,0.5224327983039692,0.5611629292590892,0.544367116137451,0.5008618683629434,0.5184273745127508,1.9537866203873246,0.5224327983039692
/home/cmantill/narrador-futbol/experiments/positions/grid_search_outputs/20260426_195856/runs/run_028_h128_objh128_te64_fu128_obj1_ff2_blocks4_drop0p15_lr0p0005_wd0p0001,/home/cmantill/narrador-futbol/experiments/positions/grid_search_outputs/20260426_195856/runs/run_028_h128_objh128_te64_fu128_obj1_ff2_blocks4_drop0p15_lr0p0005_wd0p0001/best_model.pt,64,128,128,128,1,2,4,0.15,0.0005,0.0001,512,True,2,early_stopping_val_macro_f1_patience_3,0.583400720429317,0.5223893898273548,0.5700972618433473,0.5682180658257213,0.5265547504014602,0.5389647908255091,2.0070759344983986,0.5223893898273548
/home/cmantill/narrador-futbol/experiments/positions/grid_search_outputs/20260426_195856/runs/run_423_h256_objh384_te256_fu384_obj2_ff2_blocks4_drop0p2_lr0p001_wd0p0005,/home/cmantill/narrador-futbol/experiments/positions/grid_search_outputs/20260426_195856/runs/run_423_h256_objh384_te256_fu384_obj2_ff2_blocks4_drop0p2_lr0p001_wd0p0005/best_model.pt,256,384,256,384,2,2,4,0.2,0.001,0.0005,512,True,1,early_stopping_val_macro_f1_patience_3,0.5702418584135852,0.5221256417878735,0.5678496399565286,0.5714078584891982,0.5384135415817589,0.5508303175694096,2.3246605727407665,0.5221256417878735
/home/cmantill/narrador-futbol/experiments/positions/grid_search_outputs/20260426_195856/runs/run_390_h256_objh384_te256_fu384_obj1_ff2_blocks5_drop0p15_lr0p0005_wd0p0001,/home/cmantill/narrador-futbol/experiments/positions/grid_search_outputs/20260426_195856/runs/run_390_h256_objh384_te256_fu384_obj1_ff2_blocks5_drop0p15_lr0p0005_wd0p0001/best_model.pt,256,384,256,384,1,2,5,0.15,0.0005,0.0001,512,True,3,early_stopping_val_loss_overfit_patience_3,0.540248474601191,0.5211602436178929,0.547967331165944,0.5371175873568218,0.5033997606020783,0.5209180437982226,2.468015706097638,0.5211602436178929
/home/cmantill/narrador-futbol/experiments/positions/grid_search_outputs/20260426_195856/runs/run_187_h192_objh256_te128_fu256_obj2_ff4_blocks3_drop0p2_lr0p001_wd0p0005,/home/cmantill/narrador-futbol/experiments/positions/grid_search_outputs/20260426_195856/runs/run_187_h192_objh256_te128_fu256_obj2_ff4_blocks3_drop0p2_lr0p001_wd0p0005/best_model.pt,128,256,192,256,2,4,3,0.2,0.001,0.0005,512,True,1,early_stopping_val_macro_f1_patience_3,0.5676688965669338,0.520891551568715,0.5688233421270575,0.568145570537915,0.5424517641518147,0.5525320182064993,2.2997757395108542,0.520891551568715
/home/cmantill/narrador-futbol/experiments/positions/grid_search_outputs/20260426_195856/runs/run_147_h192_objh256_te128_fu256_obj1_ff2_blocks4_drop0p15_lr0p001_wd0p0001,/home/cmantill/narrador-futbol/experiments/positions/grid_search_outputs/20260426_195856/runs/run_147_h192_objh256_te128_fu256_obj1_ff2_blocks4_drop0p15_lr0p001_wd0p0001/best_model.pt,128,256,192,256,1,2,4,0.15,0.001,0.0001,512,True,3,early_stopping_val_loss_overfit_patience_3,0.5510549143571271,0.5208857030856756,0.5552940794540487,0.517833840800348,0.4731036304192651,0.5045320930898128,2.5161684530752675,0.5208857030856756
/home/cmantill/narrador-futbol/experiments/positions/grid_search_outputs/20260426_195856/runs/run_245_h256_objh256_te128_fu256_obj1_ff2_blocks5_drop0p1_lr0p001_wd0p0001,/home/cmantill/narrador-futbol/experiments/positions/grid_search_outputs/20260426_195856/runs/run_245_h256_objh256_te128_fu256_obj1_ff2_blocks5_drop0p1_lr0p001_wd0p0001/best_model.pt,128,256,256,256,1,2,5,0.1,0.001,0.0001,512,True,2,early_stopping_val_loss_overfit_patience_3,0.5359847092553113,0.5207901008463642,0.5469439328902059,0.5353052051616645,0.49894127343323513,0.5316707710861522,2.2557752397325306,0.5207901008463642
/home/cmantill/narrador-futbol/experiments/positions/grid_search_outputs/20260426_195856/runs/run_219_h192_objh256_te128_fu256_obj1_ff2_blocks4_drop0p3_lr0p001_wd0p001,/home/cmantill/narrador-futbol/experiments/positions/grid_search_outputs/20260426_195856/runs/run_219_h192_objh256_te128_fu256_obj1_ff2_blocks4_drop0p3_lr0p001_wd0p001/best_model.pt,128,256,192,256,1,2,4,0.3,0.001,0.001,512,True,2,early_stopping_val_loss_overfit_patience_3,0.5492905976622804,0.520632190542276,0.5577596596335942,0.5452370595911266,0.5089374163009505,0.5291132848118034,2.1165405092415988,0.520632190542276
/home/cmantill/narrador-futbol/experiments/positions/grid_search_outputs/20260426_195856/runs/run_424_h256_objh384_te256_fu384_obj2_ff2_blocks4_drop0p2_lr0p0005_wd0p0005,/home/cmantill/narrador-futbol/experiments/positions/grid_search_outputs/20260426_195856/runs/run_424_h256_objh384_te256_fu384_obj2_ff2_blocks4_drop0p2_lr0p0005_wd0p0005/best_model.pt,256,384,256,384,2,2,4,0.2,0.0005,0.0005,512,True,2,early_stopping_val_loss_overfit_patience_3,0.5481143865323825,0.5204324920916257,0.5550466451626298,0.5071045382050167,0.4774769410372342,0.49269632174283406,2.2009328073925443,0.5204324920916257
/home/cmantill/narrador-futbol/experiments/positions/grid_search_outputs/20260426_195856/runs/run_378_h256_objh384_te256_fu384_obj2_ff2_blocks5_drop0p1_lr0p0005_wd0p0001,/home/cmantill/narrador-futbol/experiments/positions/grid_search_outputs/20260426_195856/runs/run_378_h256_objh384_te256_fu384_obj2_ff2_blocks5_drop0p1_lr0p0005_wd0p0001/best_model.pt,256,384,256,384,2,2,5,0.1,0.0005,0.0001,512,True,3,early_stopping_val_loss_overfit_patience_3,0.5412776593398515,0.5204294854195729,0.5578520725824293,0.5239234449760766,0.5004411906568548,0.5136619258999539,2.157247022346214,0.5204294854195729
/home/cmantill/narrador-futbol/experiments/positions/grid_search_outputs/20260426_195856/runs/run_451_h256_objh384_te256_fu384_obj2_ff4_blocks3_drop0p25_lr0p001_wd0p0005,/home/cmantill/narrador-futbol/experiments/positions/grid_search_outputs/20260426_195856/runs/run_451_h256_objh384_te256_fu384_obj2_ff4_blocks3_drop0p25_lr0p001_wd0p0005/best_model.pt,256,384,256,384,2,4,3,0.25,0.001,0.0005,512,True,2,early_stopping_val_macro_f1_patience_3,0.5466441226200103,0.5202607289300825,0.5610663553207558,0.526750761200522,0.502880652957121,0.5191012056454627,2.394770586932147,0.5202607289300825
/home/cmantill/narrador-futbol/experiments/positions/grid_search_outputs/20260426_195856/runs/run_396_h256_objh384_te256_fu384_obj1_ff4_blocks5_drop0p15_lr0p0005_wd0p0001,/home/cmantill/narrador-futbol/experiments/positions/grid_search_outputs/20260426_195856/runs/run_396_h256_objh384_te256_fu384_obj1_ff4_blocks5_drop0p15_lr0p0005_wd0p0001/best_model.pt,256,384,256,384,1,4,5,0.15,0.0005,0.0001,512,True,2,early_stopping_val_loss_overfit_patience_3,0.5567154304197603,0.5202068288724073,0.5540853237262462,0.5689430187037843,0.5308235901519178,0.5503112138416626,2.227675274566368,0.5202068288724073
/home/cmantill/narrador-futbol/experiments/positions/grid_search_outputs/20260426_195856/runs/run_041_h128_objh128_te64_fu128_obj2_ff2_blocks5_drop0p15_lr0p001_wd0p0001,/home/cmantill/narrador-futbol/experiments/positions/grid_search_outputs/20260426_195856/runs/run_041_h128_objh128_te64_fu128_obj2_ff2_blocks5_drop0p15_lr0p001_wd0p0001/best_model.pt,64,128,128,128,2,2,5,0.15,0.001,0.0001,512,True,2,early_stopping_val_macro_f1_patience_3,0.5536278762037786,0.5200221349055227,0.5545628572547534,0.563433376830506,0.5344939114884275,0.540984152869299,2.1068052936483315,0.5200221349055227
/home/cmantill/narrador-futbol/experiments/positions/grid_search_outputs/20260426_195856/runs/run_149_h192_objh256_te128_fu256_obj1_ff2_blocks5_drop0p15_lr0p001_wd0p0001,/home/cmantill/narrador-futbol/experiments/positions/grid_search_outputs/20260426_195856/runs/run_149_h192_objh256_te128_fu256_obj1_ff2_blocks5_drop0p15_lr0p001_wd0p0001/best_model.pt,128,256,192,256,1,2,5,0.15,0.001,0.0001,512,True,2,early_stopping_val_loss_overfit_patience_3,0.5514224803352201,0.519997829586689,0.553357013144404,0.5214586051906626,0.48882117501548644,0.5033103719217623,2.431464941413314,0.519997829586689
/home/cmantill/narrador-futbol/experiments/positions/grid_search_outputs/20260426_195856/runs/run_197_h192_objh256_te128_fu256_obj1_ff2_blocks5_drop0p25_lr0p001_wd0p0005,/home/cmantill/narrador-futbol/experiments/positions/grid_search_outputs/20260426_195856/runs/run_197_h192_objh256_te128_fu256_obj1_ff2_blocks5_drop0p25_lr0p001_wd0p0005/best_model.pt,128,256,192,256,1,2,5,0.25,0.001,0.0005,512,True,1,early_stopping_val_macro_f1_patience_3,0.5369403807983533,0.5197790686634977,0.5506018734429817,0.5721328113672611,0.5469254239827254,0.5589433086679058,1.9737480349010892,0.5197790686634977
/home/cmantill/narrador-futbol/experiments/positions/grid_search_outputs/20260426_195856/runs/run_452_h256_objh384_te256_fu384_obj2_ff4_blocks3_drop0p25_lr0p0005_wd0p0005,/home/cmantill/narrador-futbol/experiments/positions/grid_search_outputs/20260426_195856/runs/run_452_h256_objh384_te256_fu384_obj2_ff4_blocks3_drop0p25_lr0p0005_wd0p0005/best_model.pt,256,384,256,384,2,4,3,0.25,0.0005,0.0005,512,True,2,early_stopping_val_loss_overfit_patience_3,0.5429684628390796,0.5195778186827322,0.55723202606831,0.5337828041177324,0.5027960726126035,0.5280058278474943,2.0598122080167136,0.5195778186827322
/home/cmantill/narrador-futbol/experiments/positions/grid_search_outputs/20260426_195856/runs/run_204_h192_objh256_te128_fu256_obj1_ff4_blocks5_drop0p25_lr0p0005_wd0p0005,/home/cmantill/narrador-futbol/experiments/positions/grid_search_outputs/20260426_195856/runs/run_204_h192_objh256_te128_fu256_obj1_ff4_blocks5_drop0p25_lr0p0005_wd0p0005/best_model.pt,128,256,192,256,1,4,5,0.25,0.0005,0.0005,512,True,1,early_stopping_val_macro_f1_patience_3,0.5534808498125413,0.5194074213678397,0.5546137307194366,0.5693054951428157,0.522221120437084,0.5339045535359394,1.9167419561633356,0.5194074213678397
/home/cmantill/narrador-futbol/experiments/positions/grid_search_outputs/20260426_195856/runs/run_438_h256_objh384_te256_fu384_obj1_ff2_blocks5_drop0p25_lr0p0005_wd0p0005,/home/cmantill/narrador-futbol/experiments/positions/grid_search_outputs/20260426_195856/runs/run_438_h256_objh384_te256_fu384_obj1_ff2_blocks5_drop0p25_lr0p0005_wd0p0005/best_model.pt,256,384,256,384,1,2,5,0.25,0.0005,0.0005,512,True,3,early_stopping_val_loss_overfit_patience_3,0.5429684628390796,0.5192759241687562,0.5490431259451233,0.5351602145860519,0.5017662323564486,0.5300251579250608,2.1285681614169367,0.5192759241687562
/home/cmantill/narrador-futbol/experiments/positions/grid_search_outputs/20260426_195856/runs/run_091_h128_objh128_te64_fu128_obj2_ff4_blocks3_drop0p25_lr0p001_wd0p0005,/home/cmantill/narrador-futbol/experiments/positions/grid_search_outputs/20260426_195856/runs/run_091_h128_objh128_te64_fu128_obj2_ff4_blocks3_drop0p25_lr0p001_wd0p0005/best_model.pt,64,128,128,128,2,4,3,0.25,0.001,0.0005,512,True,1,early_stopping_val_macro_f1_patience_3,0.5625964860692494,0.5192664733314771,0.5586952622675738,0.583732057416268,0.5492727675455629,0.559886771883952,1.6863588712833546,0.5192664733314771
/home/cmantill/narrador-futbol/experiments/positions/grid_search_outputs/20260426_195856/runs/run_363_h256_objh384_te256_fu384_obj1_ff2_blocks4_drop0p1_lr0p001_wd0p0001,/home/cmantill/narrador-futbol/experiments/positions/grid_search_outputs/20260426_195856/runs/run_363_h256_objh384_te256_fu384_obj1_ff2_blocks4_drop0p1_lr0p001_wd0p0001/best_model.pt,256,384,256,384,1,2,4,0.1,0.001,0.0001,512,True,1,early_stopping_val_macro_f1_patience_3,0.5555392192898625,0.5189875843669159,0.5562706446325777,0.6029433086849355,0.5781664497035902,0.5918363625382362,2.57012618471075,0.5189875843669159
/home/cmantill/narrador-futbol/experiments/positions/grid_search_outputs/20260426_195856/runs/run_345_h256_objh256_te128_fu256_obj1_ff4_blocks4_drop0p3_lr0p001_wd0p001,/home/cmantill/narrador-futbol/experiments/positions/grid_search_outputs/20260426_195856/runs/run_345_h256_objh256_te128_fu256_obj1_ff4_blocks4_drop0p3_lr0p001_wd0p001/best_model.pt,128,256,256,256,1,4,4,0.3,0.001,0.001,512,True,1,early_stopping_val_macro_f1_patience_3,0.5647283687421892,0.5186957273533322,0.5628169591724885,0.5418297810642309,0.5009939178535041,0.5184472849629403,2.372893863254123,0.5186957273533322
/home/cmantill/narrador-futbol/experiments/positions/grid_search_outputs/20260426_195856/runs/run_408_h256_objh384_te256_fu384_obj2_ff4_blocks5_drop0p15_lr0p0005_wd0p0001,/home/cmantill/narrador-futbol/experiments/positions/grid_search_outputs/20260426_195856/runs/run_408_h256_objh384_te256_fu384_obj2_ff4_blocks5_drop0p15_lr0p0005_wd0p0001/best_model.pt,256,384,256,384,2,4,5,0.15,0.0005,0.0001,512,True,2,early_stopping_val_loss_overfit_patience_3,0.5682570021318827,0.5185840627006144,0.5655265885498407,0.565173263737857,0.5275626974493665,0.5388301071796947,2.478477681124652,0.5185840627006144
/home/cmantill/narrador-futbol/experiments/positions/grid_search_outputs/20260426_195856/runs/run_047_h128_objh128_te64_fu128_obj2_ff4_blocks5_drop0p15_lr0p001_wd0p0001,/home/cmantill/narrador-futbol/experiments/positions/grid_search_outputs/20260426_195856/runs/run_047_h128_objh128_te64_fu128_obj2_ff4_blocks5_drop0p15_lr0p001_wd0p0001/best_model.pt,64,128,128,128,2,4,5,0.15,0.001,0.0001,512,True,4,early_stopping_val_loss_overfit_patience_3,0.5640667499816217,0.5185167811901826,0.564742715243797,0.523778454400464,0.49210645566624084,0.5133548769719368,1.847635066067731,0.5185167811901826
/home/cmantill/narrador-futbol/experiments/positions/grid_search_outputs/20260426_195856/runs/run_009_h128_objh128_te64_fu128_obj1_ff4_blocks4_drop0p1_lr0p001_wd0p0001,/home/cmantill/narrador-futbol/experiments/positions/grid_search_outputs/20260426_195856/runs/run_009_h128_objh128_te64_fu128_obj1_ff4_blocks4_drop0p1_lr0p001_wd0p0001/best_model.pt,64,128,128,128,1,4,4,0.1,0.001,0.0001,512,True,1,early_stopping_val_macro_f1_patience_3,0.5646548555465706,0.5183443151652708,0.5515439152061727,0.529505582137161,0.4900095487002718,0.5021807153434116,1.9647174146440294,0.5183443151652708
/home/cmantill/narrador-futbol/experiments/positions/grid_search_outputs/20260426_195856/runs/run_330_h256_objh256_te128_fu256_obj2_ff2_blocks5_drop0p25_lr0p0005_wd0p0005,/home/cmantill/narrador-futbol/experiments/positions/grid_search_outputs/20260426_195856/runs/run_330_h256_objh256_te128_fu256_obj2_ff2_blocks5_drop0p25_lr0p0005_wd0p0005/best_model.pt,128,256,256,256,2,2,5,0.25,0.0005,0.0005,512,True,1,early_stopping_val_macro_f1_patience_3,0.5543630081599648,0.5183317133341866,0.5542062345302757,0.5851819631723938,0.559481370821109,0.5694548047982301,2.100153214401669,0.5183317133341866
/home/cmantill/narrador-futbol/experiments/positions/grid_search_outputs/20260426_195856/runs/run_306_h256_objh256_te128_fu256_obj2_ff2_blocks5_drop0p2_lr0p0005_wd0p0005,/home/cmantill/narrador-futbol/experiments/positions/grid_search_outputs/20260426_195856/runs/run_306_h256_objh256_te128_fu256_obj2_ff2_blocks5_drop0p2_lr0p0005_wd0p0005/best_model.pt,128,256,256,256,2,2,5,0.2,0.0005,0.0005,512,True,1,early_stopping_val_macro_f1_patience_3,0.5548040873336764,0.5177680933273753,0.5544242063865511,0.5869218500797448,0.5502021848481402,0.5678462745774211,2.1810788335623563,0.5177680933273753
/home/cmantill/narrador-futbol/experiments/positions/grid_search_outputs/20260426_195856/runs/run_189_h192_objh256_te128_fu256_obj2_ff4_blocks4_drop0p2_lr0p001_wd0p0005,/home/cmantill/narrador-futbol/experiments/positions/grid_search_outputs/20260426_195856/runs/run_189_h192_objh256_te128_fu256_obj2_ff4_blocks4_drop0p2_lr0p001_wd0p0005/best_model.pt,128,256,192,256,2,4,4,0.2,0.001,0.0005,512,True,2,early_stopping_val_loss_overfit_patience_3,0.5387782106888186,0.5174671555893066,0.552600413844572,0.5476294040887343,0.5160290726702065,0.54421302452116,1.8989111096770674,0.5174671555893066
/home/cmantill/narrador-futbol/experiments/positions/grid_search_outputs/20260426_195856/runs/run_119_h128_objh128_te64_fu128_obj2_ff4_blocks5_drop0p3_lr0p001_wd0p001,/home/cmantill/narrador-futbol/experiments/positions/grid_search_outputs/20260426_195856/runs/run_119_h128_objh128_te64_fu128_obj2_ff4_blocks5_drop0p3_lr0p001_wd0p001/best_model.pt,64,128,128,128,2,4,5,0.3,0.001,0.001,512,True,1,early_stopping_val_macro_f1_patience_3,0.5592883922664118,0.5172309325173017,0.5562026242031706,0.569377990430622,0.5363349647112382,0.5506451631511153,1.742510888311598,0.5172309325173017
/home/cmantill/narrador-futbol/experiments/positions/grid_search_outputs/20260426_195856/runs/run_142_h192_objh256_te128_fu256_obj2_ff4_blocks4_drop0p1_lr0p0005_wd0p0001,/home/cmantill/narrador-futbol/experiments/positions/grid_search_outputs/20260426_195856/runs/run_142_h192_objh256_te128_fu256_obj2_ff4_blocks4_drop0p1_lr0p0005_wd0p0001/best_model.pt,128,256,192,256,2,4,4,0.1,0.0005,0.0001,512,True,1,early_stopping_val_macro_f1_patience_3,0.5731823862383297,0.5171296059644622,0.5670226016857175,0.5552414093083949,0.525650263430829,0.5381448218238633,1.9644937095818695,0.5171296059644622
/home/cmantill/narrador-futbol/experiments/positions/grid_search_outputs/20260426_195856/runs/run_256_h256_objh256_te128_fu256_obj2_ff2_blocks4_drop0p1_lr0p0005_wd0p0001,/home/cmantill/narrador-futbol/experiments/positions/grid_search_outputs/20260426_195856/runs/run_256_h256_objh256_te128_fu256_obj2_ff2_blocks4_drop0p1_lr0p0005_wd0p0001/best_model.pt,128,256,256,256,2,2,4,0.1,0.0005,0.0001,512,True,1,early_stopping_val_macro_f1_patience_3,0.5435565684040286,0.5170870861579574,0.5478885517362596,0.5199362041467305,0.4788327375223668,0.4996823377603436,2.0811571545071073,0.5170870861579574
/home/cmantill/narrador-futbol/experiments/positions/grid_search_outputs/20260426_195856/runs/run_199_h192_objh256_te128_fu256_obj1_ff4_blocks3_drop0p25_lr0p001_wd0p0005,/home/cmantill/narrador-futbol/experiments/positions/grid_search_outputs/20260426_195856/runs/run_199_h192_objh256_te128_fu256_obj1_ff4_blocks3_drop0p25_lr0p001_wd0p0005/best_model.pt,128,256,192,256,1,4,3,0.25,0.001,0.0005,512,True,2,early_stopping_val_loss_overfit_patience_3,0.5512754539439829,0.5170263289375225,0.5546008891996451,0.5748876323039003,0.5408826743460367,0.5541604353377785,2.2248759313865945,0.5170263289375225
/home/cmantill/narrador-futbol/experiments/positions/grid_search_outputs/20260426_195856/runs/run_456_h256_objh384_te256_fu384_obj2_ff4_blocks5_drop0p25_lr0p0005_wd0p0005,/home/cmantill/narrador-futbol/experiments/positions/grid_search_outputs/20260426_195856/runs/run_456_h256_objh384_te256_fu384_obj2_ff4_blocks5_drop0p25_lr0p0005_wd0p0005/best_model.pt,256,384,256,384,2,4,5,0.25,0.0005,0.0005,512,True,2,early_stopping_val_loss_overfit_patience_3,0.5518635595089318,0.5169343891480754,0.5630127620093792,0.5382050166739162,0.5167852385682278,0.5368806565153725,2.191236465065568,0.5169343891480754
/home/cmantill/narrador-futbol/experiments/positions/grid_search_outputs/20260426_195856/runs/run_289_h256_objh256_te128_fu256_obj1_ff2_blocks3_drop0p2_lr0p001_wd0p0005,/home/cmantill/narrador-futbol/experiments/positions/grid_search_outputs/20260426_195856/runs/run_289_h256_objh256_te128_fu256_obj1_ff2_blocks3_drop0p2_lr0p001_wd0p0005/best_model.pt,128,256,256,256,1,2,3,0.2,0.001,0.0005,512,True,1,early_stopping_val_macro_f1_patience_3,0.5492170844666617,0.5164365257903341,0.5540933806681405,0.542844715093519,0.5049255389347822,0.5198664561016793,1.976435500162619,0.5164365257903341
/home/cmantill/narrador-futbol/experiments/positions/grid_search_outputs/20260426_195856/runs/run_393_h256_objh384_te256_fu384_obj1_ff4_blocks4_drop0p15_lr0p001_wd0p0001,/home/cmantill/narrador-futbol/experiments/positions/grid_search_outputs/20260426_195856/runs/run_393_h256_objh384_te256_fu384_obj1_ff4_blocks4_drop0p15_lr0p001_wd0p0001/best_model.pt,256,384,256,384,1,4,4,0.15,0.001,0.0001,512,True,1,early_stopping_val_macro_f1_patience_3,0.597882819966184,0.516174432913228,0.5755288489590787,0.5564013339132956,0.4965039826933294,0.5227098860170278,2.5182675034911544,0.516174432913228
/home/cmantill/narrador-futbol/experiments/positions/grid_search_outputs/20260426_195856/runs/run_207_h192_objh256_te128_fu256_obj2_ff2_blocks4_drop0p25_lr0p001_wd0p0005,/home/cmantill/narrador-futbol/experiments/positions/grid_search_outputs/20260426_195856/runs/run_207_h192_objh256_te128_fu256_obj2_ff2_blocks4_drop0p25_lr0p001_wd0p0005/best_model.pt,128,256,192,256,2,2,4,0.25,0.001,0.0005,512,True,2,early_stopping_val_loss_overfit_patience_3,0.5653899875027567,0.5156772657528956,0.562695366958678,0.5662606930549514,0.5357178969227624,0.5480272872384615,2.0107332313502275,0.5156772657528956
/home/cmantill/narrador-futbol/experiments/positions/grid_search_outputs/20260426_195856/runs/run_097_h128_objh128_te64_fu128_obj1_ff2_blocks3_drop0p3_lr0p001_wd0p001,/home/cmantill/narrador-futbol/experiments/positions/grid_search_outputs/20260426_195856/runs/run_097_h128_objh128_te64_fu128_obj1_ff2_blocks3_drop0p3_lr0p001_wd0p001/best_model.pt,64,128,128,128,1,2,3,0.3,0.001,0.001,512,True,1,early_stopping_val_macro_f1_patience_3,0.5723002278909064,0.5155814872501167,0.5633472836013783,0.5971436856604321,0.556009014347309,0.5726952419141506,1.994805062258685,0.5155814872501167
/home/cmantill/narrador-futbol/experiments/positions/grid_search_outputs/20260426_195856/runs/run_405_h256_objh384_te256_fu384_obj2_ff4_blocks4_drop0p15_lr0p001_wd0p0001,/home/cmantill/narrador-futbol/experiments/positions/grid_search_outputs/20260426_195856/runs/run_405_h256_objh384_te256_fu384_obj2_ff4_blocks4_drop0p15_lr0p001_wd0p0001/best_model.pt,256,384,256,384,2,4,4,0.15,0.001,0.0001,512,True,2,early_stopping_val_macro_f1_patience_3,0.5281187973241197,0.5153804638423753,0.5477800439179683,0.5014499057561258,0.46243329650613757,0.4938207769885205,2.572822853370949,0.5153804638423753
/home/cmantill/narrador-futbol/experiments/positions/grid_search_outputs/20260426_195856/runs/run_313_h256_objh256_te128_fu256_obj1_ff2_blocks3_drop0p25_lr0p001_wd0p0005,/home/cmantill/narrador-futbol/experiments/positions/grid_search_outputs/20260426_195856/runs/run_313_h256_objh256_te128_fu256_obj1_ff2_blocks3_drop0p25_lr0p001_wd0p0005/best_model.pt,128,256,256,256,1,2,3,0.25,0.001,0.0005,512,True,1,early_stopping_val_macro_f1_patience_3,0.5512019407483644,0.5150095558435714,0.5512787520117008,0.55103668261563,0.5181046602636369,0.5313940156449172,1.9962365318227697,0.5150095558435714
/home/cmantill/narrador-futbol/experiments/positions/grid_search_outputs/20260426_195856/runs/run_011_h128_objh128_te64_fu128_obj1_ff4_blocks5_drop0p1_lr0p001_wd0p0001,/home/cmantill/narrador-futbol/experiments/positions/grid_search_outputs/20260426_195856/runs/run_011_h128_objh128_te64_fu128_obj1_ff4_blocks5_drop0p1_lr0p001_wd0p0001/best_model.pt,64,128,128,128,1,4,5,0.1,0.001,0.0001,512,True,4,early_stopping_val_loss_overfit_patience_3,0.5409100933617584,0.5149631942257344,0.5535992246178234,0.5383500072495288,0.5018399457979402,0.5244086770051088,1.9599584804640875,0.5149631942257344
/home/cmantill/narrador-futbol/experiments/positions/grid_search_outputs/20260426_195856/runs/run_137_h192_objh256_te128_fu256_obj2_ff2_blocks5_drop0p1_lr0p001_wd0p0001,/home/cmantill/narrador-futbol/experiments/positions/grid_search_outputs/20260426_195856/runs/run_137_h192_objh256_te128_fu256_obj2_ff2_blocks5_drop0p1_lr0p001_wd0p0001/best_model.pt,128,256,192,256,2,2,5,0.1,0.001,0.0001,512,True,1,early_stopping_val_macro_f1_patience_3,0.543850621186503,0.5149554111518414,0.553764717566884,0.5488618239814412,0.5159835017728797,0.5408887269631817,2.077450240099872,0.5149554111518414
/home/cmantill/narrador-futbol/experiments/positions/grid_search_outputs/20260426_195856/runs/run_185_h192_objh256_te128_fu256_obj2_ff2_blocks5_drop0p2_lr0p001_wd0p0005,/home/cmantill/narrador-futbol/experiments/positions/grid_search_outputs/20260426_195856/runs/run_185_h192_objh256_te128_fu256_obj2_ff2_blocks5_drop0p2_lr0p001_wd0p0005/best_model.pt,128,256,192,256,2,2,5,0.2,0.001,0.0005,512,True,4,early_stopping_val_loss_overfit_patience_3,0.5412041461442328,0.5148846527028587,0.5477697488866912,0.5160214586051907,0.48951383083744865,0.5070876791226179,2.1451095607545643,0.5148846527028587
/home/cmantill/narrador-futbol/experiments/positions/grid_search_outputs/20260426_195856/runs/run_141_h192_objh256_te128_fu256_obj2_ff4_blocks4_drop0p1_lr0p001_wd0p0001,/home/cmantill/narrador-futbol/experiments/positions/grid_search_outputs/20260426_195856/runs/run_141_h192_objh256_te128_fu256_obj2_ff4_blocks4_drop0p1_lr0p001_wd0p0001/best_model.pt,128,256,192,256,2,4,4,0.1,0.001,0.0001,512,True,2,early_stopping_val_macro_f1_patience_3,0.5398073954274792,0.514713366371651,0.5467470463580587,0.5616209946353486,0.5371272860193845,0.5559700794712221,2.290554885511045,0.514713366371651
/home/cmantill/narrador-futbol/experiments/positions/grid_search_outputs/20260426_195856/runs/run_180_h192_objh256_te128_fu256_obj1_ff4_blocks5_drop0p2_lr0p0005_wd0p0005,/home/cmantill/narrador-futbol/experiments/positions/grid_search_outputs/20260426_195856/runs/run_180_h192_objh256_te128_fu256_obj1_ff4_blocks5_drop0p2_lr0p0005_wd0p0005/best_model.pt,128,256,192,256,1,4,5,0.2,0.0005,0.0005,512,True,1,early_stopping_val_macro_f1_patience_3,0.552966257443211,0.5146619505383191,0.5477962231508569,0.5869943453675511,0.5375534226841298,0.5525009309896447,2.101244745431123,0.5146619505383191
/home/cmantill/narrador-futbol/experiments/positions/grid_search_outputs/20260426_195856/runs/run_282_h256_objh256_te128_fu256_obj2_ff2_blocks5_drop0p15_lr0p0005_wd0p0001,/home/cmantill/narrador-futbol/experiments/positions/grid_search_outputs/20260426_195856/runs/run_282_h256_objh256_te128_fu256_obj2_ff2_blocks5_drop0p15_lr0p0005_wd0p0001/best_model.pt,128,256,256,256,2,2,5,0.15,0.0005,0.0001,512,True,1,early_stopping_val_macro_f1_patience_3,0.5405425273836654,0.5144436200854547,0.5432934485163063,0.5492243004204727,0.5183885637874753,0.5316761467660581,2.0170727968215942,0.5144436200854547
/home/cmantill/narrador-futbol/experiments/positions/grid_search_outputs/20260426_195856/runs/run_240_h192_objh256_te128_fu256_obj2_ff4_blocks5_drop0p3_lr0p0005_wd0p001,/home/cmantill/narrador-futbol/experiments/positions/grid_search_outputs/20260426_195856/runs/run_240_h192_objh256_te128_fu256_obj2_ff4_blocks5_drop0p3_lr0p0005_wd0p001/best_model.pt,128,256,192,256,2,4,5,0.3,0.0005,0.001,512,True,1,early_stopping_val_macro_f1_patience_3,0.5503197824009409,0.5138558820286314,0.5488844573793046,0.5745251558648687,0.5425868961650848,0.5517656241201373,1.735856987811901,0.5138558820286314
/home/cmantill/narrador-futbol/experiments/positions/grid_search_outputs/20260426_195856/runs/run_226_h192_objh256_te128_fu256_obj1_ff4_blocks4_drop0p3_lr0p0005_wd0p001,/home/cmantill/narrador-futbol/experiments/positions/grid_search_outputs/20260426_195856/runs/run_226_h192_objh256_te128_fu256_obj1_ff4_blocks4_drop0p3_lr0p0005_wd0p001/best_model.pt,128,256,192,256,1,4,4,0.3,0.0005,0.001,512,True,1,early_stopping_val_macro_f1_patience_3,0.545173858707638,0.5134165981070209,0.5464753661560556,0.5745251558648687,0.5374580401924389,0.5571343806555757,1.9412376726115192,0.5134165981070209
/home/cmantill/narrador-futbol/experiments/positions/grid_search_outputs/20260426_195856/runs/run_019_h128_objh128_te64_fu128_obj2_ff4_blocks3_drop0p1_lr0p001_wd0p0001,/home/cmantill/narrador-futbol/experiments/positions/grid_search_outputs/20260426_195856/runs/run_019_h128_objh128_te64_fu128_obj2_ff4_blocks3_drop0p1_lr0p001_wd0p0001/best_model.pt,64,128,128,128,2,4,3,0.1,0.001,0.0001,512,True,2,early_stopping_val_loss_overfit_patience_3,0.5487024920973315,0.5132337655382536,0.5561386468455779,0.526533275337103,0.48125579203091784,0.5107262733557718,2.3472455232231706,0.5132337655382536
/home/cmantill/narrador-futbol/experiments/positions/grid_search_outputs/20260426_195856/runs/run_335_h256_objh256_te128_fu256_obj2_ff4_blocks5_drop0p25_lr0p001_wd0p0005,/home/cmantill/narrador-futbol/experiments/positions/grid_search_outputs/20260426_195856/runs/run_335_h256_objh256_te128_fu256_obj2_ff4_blocks5_drop0p25_lr0p001_wd0p0005/best_model.pt,128,256,256,256,2,4,5,0.25,0.001,0.0005,512,True,1,early_stopping_val_macro_f1_patience_3,0.5423803572741307,0.512661083129637,0.5509154506454681,0.5713353632013919,0.5369537124737036,0.5416141596097066,1.7119917781264693,0.512661083129637
/home/cmantill/narrador-futbol/experiments/positions/grid_search_outputs/20260426_195856/runs/run_202_h192_objh256_te128_fu256_obj1_ff4_blocks4_drop0p25_lr0p0005_wd0p0005,/home/cmantill/narrador-futbol/experiments/positions/grid_search_outputs/20260426_195856/runs/run_202_h192_objh256_te128_fu256_obj1_ff4_blocks4_drop0p25_lr0p0005_wd0p0005/best_model.pt,128,256,192,256,1,4,4,0.25,0.0005,0.0005,512,True,1,early_stopping_val_macro_f1_patience_3,0.5406895537749026,0.5126566197875154,0.5462453184284821,0.5664781789183703,0.5324045675542145,0.5533772495676577,1.9496284590827093,0.5126566197875154
/home/cmantill/narrador-futbol/experiments/positions/grid_search_outputs/20260426_195856/runs/run_007_h128_objh128_te64_fu128_obj1_ff4_blocks3_drop0p1_lr0p001_wd0p0001,/home/cmantill/narrador-futbol/experiments/positions/grid_search_outputs/20260426_195856/runs/run_007_h128_objh128_te64_fu128_obj1_ff4_blocks3_drop0p1_lr0p001_wd0p0001/best_model.pt,64,128,128,128,1,4,3,0.1,0.001,0.0001,512,True,2,early_stopping_val_macro_f1_patience_3,0.5370874071895906,0.5119755400847332,0.554335486429963,0.5387849789763666,0.5046727394736,0.5310575405261528,2.32539595718737,0.5119755400847332
/home/cmantill/narrador-futbol/experiments/positions/grid_search_outputs/20260426_195856/runs/run_271_h256_objh256_te128_fu256_obj1_ff4_blocks3_drop0p15_lr0p001_wd0p0001,/home/cmantill/narrador-futbol/experiments/positions/grid_search_outputs/20260426_195856/runs/run_271_h256_objh256_te128_fu256_obj1_ff4_blocks3_drop0p15_lr0p001_wd0p0001/best_model.pt,128,256,256,256,1,4,3,0.15,0.001,0.0001,512,True,2,early_stopping_val_loss_overfit_patience_3,0.5381901051238698,0.5117357552325212,0.5532058893639662,0.5051471654342468,0.4796489864676945,0.503224423104711,2.3104205793804593,0.5117357552325212
/home/cmantill/narrador-futbol/experiments/positions/grid_search_outputs/20260426_195856/runs/run_359_h256_objh256_te128_fu256_obj2_ff4_blocks5_drop0p3_lr0p001_wd0p001,/home/cmantill/narrador-futbol/experiments/positions/grid_search_outputs/20260426_195856/runs/run_359_h256_objh256_te128_fu256_obj2_ff4_blocks5_drop0p3_lr0p001_wd0p001/best_model.pt,128,256,256,256,2,4,5,0.3,0.001,0.001,512,True,1,early_stopping_val_macro_f1_patience_3,0.536425788429023,0.5115814944890389,0.5394137781879869,0.5471944323618965,0.5055670863398681,0.5182635613603205,1.7345550369333338,0.5115814944890389
/home/cmantill/narrador-futbol/experiments/positions/grid_search_outputs/20260426_195856/runs/run_181_h192_objh256_te128_fu256_obj2_ff2_blocks3_drop0p2_lr0p001_wd0p0005,/home/cmantill/narrador-futbol/experiments/positions/grid_search_outputs/20260426_195856/runs/run_181_h192_objh256_te128_fu256_obj2_ff2_blocks3_drop0p2_lr0p001_wd0p0005/best_model.pt,128,256,192,256,2,2,3,0.2,0.001,0.0005,512,True,3,early_stopping_val_loss_overfit_patience_3,0.5484819525104756,0.5115721307381146,0.5477156887671542,0.5466869653472525,0.5102699429498109,0.5286744323668494,2.144562206886433,0.5115721307381146
/home/cmantill/narrador-futbol/experiments/positions/grid_search_outputs/20260426_195856/runs/run_067_h128_objh128_te64_fu128_obj2_ff4_blocks3_drop0p2_lr0p001_wd0p0005,/home/cmantill/narrador-futbol/experiments/positions/grid_search_outputs/20260426_195856/runs/run_067_h128_objh128_te64_fu128_obj2_ff4_blocks3_drop0p2_lr0p001_wd0p0005/best_model.pt,64,128,128,128,2,4,3,0.2,0.001,0.0005,512,True,3,early_stopping_val_loss_overfit_patience_3,0.540248474601191,0.5114425618390649,0.5498559699395824,0.5550239234449761,0.5267999275181828,0.5475702006834354,1.817779095084579,0.5114425618390649
/home/cmantill/narrador-futbol/experiments/positions/grid_search_outputs/20260426_195856/runs/run_281_h256_objh256_te128_fu256_obj2_ff2_blocks5_drop0p15_lr0p001_wd0p0001,/home/cmantill/narrador-futbol/experiments/positions/grid_search_outputs/20260426_195856/runs/run_281_h256_objh256_te128_fu256_obj2_ff2_blocks5_drop0p15_lr0p001_wd0p0001/best_model.pt,128,256,256,256,2,2,5,0.15,0.001,0.0001,512,True,3,early_stopping_val_loss_overfit_patience_3,0.5359111960596927,0.5110136706467814,0.5436460818437977,0.5081194722343048,0.4926591651752394,0.5029808386883026,2.6980489978083857,0.5110136706467814
/home/cmantill/narrador-futbol/experiments/positions/grid_search_outputs/20260426_195856/runs/run_284_h256_objh256_te128_fu256_obj2_ff4_blocks3_drop0p15_lr0p0005_wd0p0001,/home/cmantill/narrador-futbol/experiments/positions/grid_search_outputs/20260426_195856/runs/run_284_h256_objh256_te128_fu256_obj2_ff4_blocks3_drop0p15_lr0p0005_wd0p0001/best_model.pt,128,256,256,256,2,4,3,0.15,0.0005,0.0001,512,True,1,early_stopping_val_macro_f1_patience_3,0.5395868558406234,0.5108963605754154,0.545462389521879,0.5776424532405393,0.563723938723168,0.5689503313336117,2.2343759183530456,0.5108963605754154
/home/cmantill/narrador-futbol/experiments/positions/grid_search_outputs/20260426_195856/runs/run_244_h256_objh256_te128_fu256_obj1_ff2_blocks4_drop0p1_lr0p0005_wd0p0001,/home/cmantill/narrador-futbol/experiments/positions/grid_search_outputs/20260426_195856/runs/run_244_h256_objh256_te128_fu256_obj1_ff2_blocks4_drop0p1_lr0p0005_wd0p0001/best_model.pt,128,256,256,256,1,2,4,0.1,0.0005,0.0001,512,True,1,early_stopping_val_macro_f1_patience_3,0.5347349849297949,0.5108394592804797,0.5477224799764725,0.5345077569957952,0.5071659004351049,0.5200613835108467,2.2110524045096502,0.5108394592804797
/home/cmantill/narrador-futbol/experiments/positions/grid_search_outputs/20260426_195856/runs/run_474_h256_objh384_te256_fu384_obj2_ff2_blocks5_drop0p3_lr0p0005_wd0p001,/home/cmantill/narrador-futbol/experiments/positions/grid_search_outputs/20260426_195856/runs/run_474_h256_objh384_te256_fu384_obj2_ff2_blocks5_drop0p3_lr0p0005_wd0p001/best_model.pt,256,384,256,384,2,2,5,0.3,0.0005,0.001,512,True,2,early_stopping_val_loss_overfit_patience_3,0.553921928986253,0.5107749813448069,0.5578186054994178,0.5321879077859939,0.5027588784720936,0.5195222928753926,2.0720240186761925,0.5107749813448069
/home/cmantill/narrador-futbol/experiments/positions/grid_search_outputs/20260426_195856/runs/run_258_h256_objh256_te128_fu256_obj2_ff2_blocks5_drop0p1_lr0p0005_wd0p0001,/home/cmantill/narrador-futbol/experiments/positions/grid_search_outputs/20260426_195856/runs/run_258_h256_objh256_te128_fu256_obj2_ff2_blocks5_drop0p1_lr0p0005_wd0p0001/best_model.pt,128,256,256,256,2,2,5,0.1,0.0005,0.0001,512,True,4,early_stopping_val_loss_overfit_patience_3,0.5388517238844373,0.5105315673593739,0.5407156991949766,0.5647382920110193,0.5400604557011266,0.5555721409626936,2.4120802084604898,0.5105315673593739
/home/cmantill/narrador-futbol/experiments/positions/grid_search_outputs/20260426_195856/runs/run_375_h256_objh384_te256_fu384_obj2_ff2_blocks4_drop0p1_lr0p001_wd0p0001,/home/cmantill/narrador-futbol/experiments/positions/grid_search_outputs/20260426_195856/runs/run_375_h256_objh384_te256_fu384_obj2_ff2_blocks4_drop0p1_lr0p001_wd0p0001/best_model.pt,256,384,256,384,2,2,4,0.1,0.001,0.0001,512,True,1,early_stopping_val_macro_f1_patience_3,0.5547305741380578,0.5105013398493992,0.5479964513655474,0.5663331883427577,0.5322552336557465,0.5454142499895465,2.4313481361777693,0.5105013398493992
/home/cmantill/narrador-futbol/experiments/positions/grid_search_outputs/20260426_195856/runs/run_052_h128_objh128_te64_fu128_obj1_ff2_blocks4_drop0p2_lr0p0005_wd0p0005,/home/cmantill/narrador-futbol/experiments/positions/grid_search_outputs/20260426_195856/runs/run_052_h128_objh128_te64_fu128_obj1_ff2_blocks4_drop0p2_lr0p0005_wd0p0005/best_model.pt,64,128,128,128,1,2,4,0.2,0.0005,0.0005,512,True,1,early_stopping_val_macro_f1_patience_3,0.5760494008674557,0.5104055305507583,0.5648448607367673,0.5955487893286936,0.5648533665065538,0.5782546311369724,1.8202943249985024,0.5104055305507583
/home/cmantill/narrador-futbol/experiments/positions/grid_search_outputs/20260426_195856/runs/run_287_h256_objh256_te128_fu256_obj2_ff4_blocks5_drop0p15_lr0p001_wd0p0001,/home/cmantill/narrador-futbol/experiments/positions/grid_search_outputs/20260426_195856/runs/run_287_h256_objh256_te128_fu256_obj2_ff4_blocks5_drop0p15_lr0p001_wd0p0001/best_model.pt,128,256,256,256,2,4,5,0.15,0.001,0.0001,512,True,2,early_stopping_val_loss_overfit_patience_3,0.5322355362787621,0.5103838088455009,0.5540476566293214,0.4997100188487748,0.4596484093322454,0.4876274627258095,1.8563266904265792,0.5103838088455009
/home/cmantill/narrador-futbol/experiments/positions/grid_search_outputs/20260426_195856/runs/run_382_h256_objh384_te256_fu384_obj2_ff4_blocks4_drop0p1_lr0p0005_wd0p0001,/home/cmantill/narrador-futbol/experiments/positions/grid_search_outputs/20260426_195856/runs/run_382_h256_objh384_te256_fu384_obj2_ff4_blocks4_drop0p1_lr0p0005_wd0p0001/best_model.pt,256,384,256,384,2,4,4,0.1,0.0005,0.0001,512,True,1,early_stopping_val_macro_f1_patience_3,0.5656840402852312,0.5103192801907744,0.562416831962531,0.5639408438451501,0.5189068729247968,0.5435773491516988,2.6065653606697365,0.5103192801907744
/home/cmantill/narrador-futbol/experiments/positions/grid_search_outputs/20260426_195856/runs/run_133_h192_objh256_te128_fu256_obj2_ff2_blocks3_drop0p1_lr0p001_wd0p0001,/home/cmantill/narrador-futbol/experiments/positions/grid_search_outputs/20260426_195856/runs/run_133_h192_objh256_te128_fu256_obj2_ff2_blocks3_drop0p1_lr0p001_wd0p0001/best_model.pt,128,256,192,256,2,2,3,0.1,0.001,0.0001,512,True,3,early_stopping_val_loss_overfit_patience_3,0.5517900463133132,0.510263390744735,0.5508626142734651,0.5445121067130636,0.5059578482774106,0.5282567729470761,2.59408312815207,0.510263390744735
/home/cmantill/narrador-futbol/experiments/positions/grid_search_outputs/20260426_195856/runs/run_384_h256_objh384_te256_fu384_obj2_ff4_blocks5_drop0p1_lr0p0005_wd0p0001,/home/cmantill/narrador-futbol/experiments/positions/grid_search_outputs/20260426_195856/runs/run_384_h256_objh384_te256_fu384_obj2_ff4_blocks5_drop0p1_lr0p0005_wd0p0001/best_model.pt,256,384,256,384,2,4,5,0.1,0.0005,0.0001,512,True,3,early_stopping_val_loss_overfit_patience_3,0.543262515621554,0.5096163703233778,0.5494054623194753,0.5469044512106713,0.5127476574992428,0.5321596931741183,2.5023119626221835,0.5096163703233778
/home/cmantill/narrador-futbol/experiments/positions/grid_search_outputs/20260426_195856/runs/run_161_h192_objh256_te128_fu256_obj2_ff2_blocks5_drop0p15_lr0p001_wd0p0001,/home/cmantill/narrador-futbol/experiments/positions/grid_search_outputs/20260426_195856/runs/run_161_h192_objh256_te128_fu256_obj2_ff2_blocks5_drop0p15_lr0p001_wd0p0001/best_model.pt,128,256,192,256,2,2,5,0.15,0.001,0.0001,512,True,2,early_stopping_val_loss_overfit_patience_3,0.5282658237153569,0.5096092767557372,0.5410577019861483,0.5403073800202987,0.5084249740839586,0.5344007385998509,2.359258770942688,0.5096092767557372
/home/cmantill/narrador-futbol/experiments/positions/grid_search_outputs/20260426_195856/runs/run_407_h256_objh384_te256_fu384_obj2_ff4_blocks5_drop0p15_lr0p001_wd0p0001,/home/cmantill/narrador-futbol/experiments/positions/grid_search_outputs/20260426_195856/runs/run_407_h256_objh384_te256_fu384_obj2_ff4_blocks5_drop0p15_lr0p001_wd0p0001/best_model.pt,256,384,256,384,2,4,5,0.15,0.001,0.0001,512,True,3,early_stopping_val_loss_overfit_patience_3,0.5317209439094317,0.5091770679142305,0.5502268485217023,0.5009424387414818,0.4644657223643069,0.4903117704158231,2.5819831556744046,0.5091770679142305
/home/cmantill/narrador-futbol/experiments/positions/grid_search_outputs/20260426_195856/runs/run_248_h256_objh256_te128_fu256_obj1_ff4_blocks3_drop0p1_lr0p0005_wd0p0001,/home/cmantill/narrador-futbol/experiments/positions/grid_search_outputs/20260426_195856/runs/run_248_h256_objh256_te128_fu256_obj1_ff4_blocks3_drop0p1_lr0p0005_wd0p0001/best_model.pt,128,256,256,256,1,4,3,0.1,0.0005,0.0001,512,True,2,early_stopping_val_macro_f1_patience_3,0.5215026097184444,0.5091601974245162,0.5371282442084498,0.5323328983616065,0.502685069074864,0.5197559595699426,2.1003966839225203,0.5091601974245162
/home/cmantill/narrador-futbol/experiments/positions/grid_search_outputs/20260426_195856/runs/run_417_h256_objh384_te256_fu384_obj1_ff4_blocks4_drop0p2_lr0p001_wd0p0005,/home/cmantill/narrador-futbol/experiments/positions/grid_search_outputs/20260426_195856/runs/run_417_h256_objh384_te256_fu384_obj1_ff4_blocks4_drop0p2_lr0p001_wd0p0005/best_model.pt,256,384,256,384,1,4,4,0.2,0.001,0.0005,512,True,1,early_stopping_val_macro_f1_patience_3,0.5914871719473646,0.5090556235128552,0.5671388553226091,0.5715528490648107,0.5148404500824411,0.5343939301027901,2.6360752759156405,0.5090556235128552
/home/cmantill/narrador-futbol/experiments/positions/grid_search_outputs/20260426_195856/runs/run_265_h256_objh256_te128_fu256_obj1_ff2_blocks3_drop0p15_lr0p001_wd0p0001,/home/cmantill/narrador-futbol/experiments/positions/grid_search_outputs/20260426_195856/runs/run_265_h256_objh256_te128_fu256_obj1_ff2_blocks3_drop0p15_lr0p001_wd0p0001/best_model.pt,128,256,256,256,1,2,3,0.15,0.001,0.0001,512,True,1,early_stopping_val_macro_f1_patience_3,0.5654635006983754,0.5088742615483169,0.5533956200330438,0.5656082354646947,0.5237122513836067,0.5427127611964669,2.177683920771987,0.5088742615483169
/home/cmantill/narrador-futbol/experiments/positions/grid_search_outputs/20260426_195856/runs/run_167_h192_objh256_te128_fu256_obj2_ff4_blocks5_drop0p15_lr0p001_wd0p0001,/home/cmantill/narrador-futbol/experiments/positions/grid_search_outputs/20260426_195856/runs/run_167_h192_objh256_te128_fu256_obj2_ff4_blocks5_drop0p15_lr0p001_wd0p0001/best_model.pt,128,256,192,256,2,4,5,0.15,0.001,0.0001,512,True,1,early_stopping_val_macro_f1_patience_3,0.5385576711019628,0.5088738542199278,0.5442565724727889,0.5486443381180224,0.5243662654839659,0.5312127190674705,2.3331958210026778,0.5088738542199278
/home/cmantill/narrador-futbol/experiments/positions/grid_search_outputs/20260426_195856/runs/run_261_h256_objh256_te128_fu256_obj2_ff4_blocks4_drop0p1_lr0p001_wd0p0001,/home/cmantill/narrador-futbol/experiments/positions/grid_search_outputs/20260426_195856/runs/run_261_h256_objh256_te128_fu256_obj2_ff4_blocks4_drop0p1_lr0p001_wd0p0001/best_model.pt,128,256,256,256,2,4,4,0.1,0.001,0.0001,512,True,2,early_stopping_val_loss_overfit_patience_3,0.5431890024259355,0.5087045765897338,0.5582472263905595,0.5167464114832536,0.47619633520186666,0.5061984706361085,2.4696549552458302,0.5087045765897338
/home/cmantill/narrador-futbol/experiments/positions/grid_search_outputs/20260426_195856/runs/run_301_h256_objh256_te128_fu256_obj2_ff2_blocks3_drop0p2_lr0p001_wd0p0005,/home/cmantill/narrador-futbol/experiments/positions/grid_search_outputs/20260426_195856/runs/run_301_h256_objh256_te128_fu256_obj2_ff2_blocks3_drop0p2_lr0p001_wd0p0005/best_model.pt,128,256,256,256,2,2,3,0.2,0.001,0.0005,512,True,1,early_stopping_val_macro_f1_patience_3,0.5487760052929501,0.5084126613129633,0.5519659611722205,0.5150790198637089,0.48441566034128714,0.5009281354450891,1.7013642059432135,0.5084126613129633
/home/cmantill/narrador-futbol/experiments/positions/grid_search_outputs/20260426_195856/runs/run_191_h192_objh256_te128_fu256_obj2_ff4_blocks5_drop0p2_lr0p001_wd0p0005,/home/cmantill/narrador-futbol/experiments/positions/grid_search_outputs/20260426_195856/runs/run_191_h192_objh256_te128_fu256_obj2_ff4_blocks5_drop0p2_lr0p001_wd0p0005/best_model.pt,128,256,192,256,2,4,5,0.2,0.001,0.0005,512,True,3,early_stopping_val_loss_overfit_patience_3,0.5394398294493862,0.5082926943821627,0.5510735393269586,0.5243584167029143,0.4859186073990866,0.5121428211135456,2.10653018951416,0.5082926943821627
/home/cmantill/narrador-futbol/experiments/positions/grid_search_outputs/20260426_195856/runs/run_321_h256_objh256_te128_fu256_obj1_ff4_blocks4_drop0p25_lr0p001_wd0p0005,/home/cmantill/narrador-futbol/experiments/positions/grid_search_outputs/20260426_195856/runs/run_321_h256_objh256_te128_fu256_obj1_ff4_blocks4_drop0p25_lr0p001_wd0p0005/best_model.pt,128,256,256,256,1,4,4,0.25,0.001,0.0005,512,True,1,early_stopping_val_macro_f1_patience_3,0.5367198412114975,0.5078429258574998,0.542302256501321,0.53617514861534,0.49445547568390996,0.5141866834895092,2.1906623906559415,0.5078429258574998
/home/cmantill/narrador-futbol/experiments/positions/grid_search_outputs/20260426_195856/runs/run_152_h192_objh256_te128_fu256_obj1_ff4_blocks3_drop0p15_lr0p0005_wd0p0001,/home/cmantill/narrador-futbol/experiments/positions/grid_search_outputs/20260426_195856/runs/run_152_h192_objh256_te128_fu256_obj1_ff4_blocks3_drop0p15_lr0p0005_wd0p0001/best_model.pt,128,256,192,256,1,4,3,0.15,0.0005,0.0001,512,True,1,early_stopping_val_macro_f1_patience_3,0.5369403807983533,0.5076632221190636,0.5470275436376231,0.5477743946643469,0.512875458458311,0.5252077893634419,1.9549609775896426,0.5076632221190636
/home/cmantill/narrador-futbol/experiments/positions/grid_search_outputs/20260426_195856/runs/run_403_h256_objh384_te256_fu384_obj2_ff4_blocks3_drop0p15_lr0p001_wd0p0001,/home/cmantill/narrador-futbol/experiments/positions/grid_search_outputs/20260426_195856/runs/run_403_h256_objh384_te256_fu384_obj2_ff4_blocks3_drop0p15_lr0p001_wd0p0001/best_model.pt,256,384,256,384,2,4,3,0.15,0.001,0.0001,512,True,2,early_stopping_val_loss_overfit_patience_3,0.5401014482099536,0.5076470566844831,0.5507517190214567,0.5168914020588662,0.4930097954825945,0.512102726627523,2.408544973090843,0.5076470566844831
/home/cmantill/narrador-futbol/experiments/positions/grid_search_outputs/20260426_195856/runs/run_176_h192_objh256_te128_fu256_obj1_ff4_blocks3_drop0p2_lr0p0005_wd0p0005,/home/cmantill/narrador-futbol/experiments/positions/grid_search_outputs/20260426_195856/runs/run_176_h192_objh256_te128_fu256_obj1_ff4_blocks3_drop0p2_lr0p0005_wd0p0005/best_model.pt,128,256,192,256,1,4,3,0.2,0.0005,0.0005,512,True,3,early_stopping_val_loss_overfit_patience_3,0.5284863633022128,0.5068755425499749,0.5410443143356218,0.5134841235319704,0.4805931831032337,0.5064267605049576,1.887411523748327,0.5068755425499749
/home/cmantill/narrador-futbol/experiments/positions/grid_search_outputs/20260426_195856/runs/run_387_h256_objh384_te256_fu384_obj1_ff2_blocks4_drop0p15_lr0p001_wd0p0001,/home/cmantill/narrador-futbol/experiments/positions/grid_search_outputs/20260426_195856/runs/run_387_h256_objh384_te256_fu384_obj1_ff2_blocks4_drop0p15_lr0p001_wd0p0001/best_model.pt,256,384,256,384,1,2,4,0.15,0.001,0.0001,512,True,1,early_stopping_val_macro_f1_patience_3,0.5517900463133132,0.506797192083344,0.545006200473755,0.596636218645788,0.5731906638974916,0.5880358618392673,2.5415633850627475,0.506797192083344
/home/cmantill/narrador-futbol/experiments/positions/grid_search_outputs/20260426_195856/runs/run_383_h256_objh384_te256_fu384_obj2_ff4_blocks5_drop0p1_lr0p001_wd0p0001,/home/cmantill/narrador-futbol/experiments/positions/grid_search_outputs/20260426_195856/runs/run_383_h256_objh384_te256_fu384_obj2_ff4_blocks5_drop0p1_lr0p001_wd0p0001/best_model.pt,256,384,256,384,2,4,5,0.1,0.001,0.0001,512,True,1,early_stopping_val_macro_f1_patience_3,0.5527457178563552,0.5066265665947104,0.5561191816936103,0.5664781789183703,0.5260005862628601,0.5436353520158089,2.6270466866316617,0.5066265665947104
/home/cmantill/narrador-futbol/experiments/positions/grid_search_outputs/20260426_195856/runs/run_015_h128_objh128_te64_fu128_obj2_ff2_blocks4_drop0p1_lr0p001_wd0p0001,/home/cmantill/narrador-futbol/experiments/positions/grid_search_outputs/20260426_195856/runs/run_015_h128_objh128_te64_fu128_obj2_ff2_blocks4_drop0p1_lr0p001_wd0p0001/best_model.pt,64,128,128,128,2,2,4,0.1,0.001,0.0001,512,True,3,early_stopping_val_loss_overfit_patience_3,0.529589061236492,0.50603148036105,0.5442195807072058,0.5390749601275917,0.5001433000404458,0.5324390495095315,2.3473687834209866,0.50603148036105
/home/cmantill/narrador-futbol/experiments/positions/grid_search_outputs/20260426_195856/runs/run_467_h256_objh384_te256_fu384_obj1_ff4_blocks5_drop0p3_lr0p001_wd0p001,/home/cmantill/narrador-futbol/experiments/positions/grid_search_outputs/20260426_195856/runs/run_467_h256_objh384_te256_fu384_obj1_ff4_blocks5_drop0p3_lr0p001_wd0p001/best_model.pt,256,384,256,384,1,4,5,0.3,0.001,0.001,512,True,1,early_stopping_val_macro_f1_patience_3,0.5542159817687274,0.5059805179437102,0.5459700991935281,0.5399449035812672,0.4947568429853186,0.5116366937381183,2.043041619989607,0.5059805179437102
/home/cmantill/narrador-futbol/experiments/positions/grid_search_outputs/20260426_195856/runs/run_295_h256_objh256_te128_fu256_obj1_ff4_blocks3_drop0p2_lr0p001_wd0p0005,/home/cmantill/narrador-futbol/experiments/positions/grid_search_outputs/20260426_195856/runs/run_295_h256_objh256_te128_fu256_obj1_ff4_blocks3_drop0p2_lr0p001_wd0p0005/best_model.pt,128,256,256,256,1,4,3,0.2,0.001,0.0005,512,True,3,early_stopping_val_loss_overfit_patience_3,0.5276042049547894,0.5059718558836264,0.5403526637770665,0.5266782659127157,0.49399734520386845,0.5159686332234665,2.2158469513610557,0.5059718558836264
/home/cmantill/narrador-futbol/experiments/positions/grid_search_outputs/20260426_195856/runs/run_379_h256_objh384_te256_fu384_obj2_ff4_blocks3_drop0p1_lr0p001_wd0p0001,/home/cmantill/narrador-futbol/experiments/positions/grid_search_outputs/20260426_195856/runs/run_379_h256_objh384_te256_fu384_obj2_ff4_blocks3_drop0p1_lr0p001_wd0p0001/best_model.pt,256,384,256,384,2,4,3,0.1,0.001,0.0001,512,True,2,early_stopping_val_loss_overfit_patience_3,0.5451003455120194,0.5057586906075253,0.5530192068035679,0.4983326083804553,0.4626920124874019,0.4899167391993541,2.927148033071447,0.5057586906075253
/home/cmantill/narrador-futbol/experiments/positions/grid_search_outputs/20260426_195856/runs/run_055_h128_objh128_te64_fu128_obj1_ff4_blocks3_drop0p2_lr0p001_wd0p0005,/home/cmantill/narrador-futbol/experiments/positions/grid_search_outputs/20260426_195856/runs/run_055_h128_objh128_te64_fu128_obj1_ff4_blocks3_drop0p2_lr0p001_wd0p0005/best_model.pt,64,128,128,128,1,4,3,0.2,0.001,0.0005,512,True,3,early_stopping_val_loss_overfit_patience_3,0.528045284128501,0.5057545890940915,0.5460187229652232,0.5155139915905466,0.4705568506880059,0.502537104455603,2.0839645509366638,0.5057545890940915
/home/cmantill/narrador-futbol/experiments/positions/grid_search_outputs/20260426_195856/runs/run_128_h192_objh256_te128_fu256_obj1_ff4_blocks3_drop0p1_lr0p0005_wd0p0001,/home/cmantill/narrador-futbol/experiments/positions/grid_search_outputs/20260426_195856/runs/run_128_h192_objh256_te128_fu256_obj1_ff4_blocks3_drop0p1_lr0p0005_wd0p0001/best_model.pt,128,256,192,256,1,4,3,0.1,0.0005,0.0001,512,True,3,early_stopping_val_loss_overfit_patience_3,0.5292950084540174,0.5056300251094906,0.539972342771047,0.5406698564593302,0.5149474317371973,0.5381678789887708,2.0935902374762074,0.5056300251094906
/home/cmantill/narrador-futbol/experiments/positions/grid_search_outputs/20260426_195856/runs/run_368_h256_objh384_te256_fu384_obj1_ff4_blocks3_drop0p1_lr0p0005_wd0p0001,/home/cmantill/narrador-futbol/experiments/positions/grid_search_outputs/20260426_195856/runs/run_368_h256_objh384_te256_fu384_obj1_ff4_blocks3_drop0p1_lr0p0005_wd0p0001/best_model.pt,256,384,256,384,1,4,3,0.1,0.0005,0.0001,512,True,2,early_stopping_val_loss_overfit_patience_3,0.5439976475777402,0.505455899984815,0.5495213458324807,0.5264607800492968,0.4936892898949852,0.5143628412331253,2.296477282488788,0.505455899984815
/home/cmantill/narrador-futbol/experiments/positions/grid_search_outputs/20260426_195856/runs/run_239_h192_objh256_te128_fu256_obj2_ff4_blocks5_drop0p3_lr0p001_wd0p001,/home/cmantill/narrador-futbol/experiments/positions/grid_search_outputs/20260426_195856/runs/run_239_h192_objh256_te128_fu256_obj2_ff4_blocks5_drop0p3_lr0p001_wd0p001/best_model.pt,128,256,192,256,2,4,5,0.3,0.001,0.001,512,True,1,early_stopping_val_macro_f1_patience_3,0.5491435712710432,0.5051753364988169,0.5470527063866095,0.5727852689575178,0.5490721749132433,0.555878314121525,1.9654429003044411,0.5051753364988169
/home/cmantill/narrador-futbol/experiments/positions/grid_search_outputs/20260426_195856/runs/run_453_h256_objh384_te256_fu384_obj2_ff4_blocks4_drop0p25_lr0p001_wd0p0005,/home/cmantill/narrador-futbol/experiments/positions/grid_search_outputs/20260426_195856/runs/run_453_h256_objh384_te256_fu384_obj2_ff4_blocks4_drop0p25_lr0p001_wd0p0005/best_model.pt,256,384,256,384,2,4,4,0.25,0.001,0.0005,512,True,1,early_stopping_val_macro_f1_patience_3,0.5376755127545394,0.5043020073528058,0.5437651533456205,0.557706249093809,0.5221464979493199,0.5345846808127692,2.1319486653363264,0.5043020073528058
/home/cmantill/narrador-futbol/experiments/positions/grid_search_outputs/20260426_195856/runs/run_319_h256_objh256_te128_fu256_obj1_ff4_blocks3_drop0p25_lr0p001_wd0p0005,/home/cmantill/narrador-futbol/experiments/positions/grid_search_outputs/20260426_195856/runs/run_319_h256_objh256_te128_fu256_obj1_ff4_blocks3_drop0p25_lr0p001_wd0p0005/best_model.pt,128,256,256,256,1,4,3,0.25,0.001,0.0005,512,True,1,early_stopping_val_macro_f1_patience_3,0.5310593251488642,0.5040405895557857,0.5282038392236781,0.5663331883427577,0.5231361681849757,0.5395807395937785,2.0406452969268516,0.5040405895557857
/home/cmantill/narrador-futbol/experiments/positions/grid_search_outputs/20260426_195856/runs/run_337_h256_objh256_te128_fu256_obj1_ff2_blocks3_drop0p3_lr0p001_wd0p001,/home/cmantill/narrador-futbol/experiments/positions/grid_search_outputs/20260426_195856/runs/run_337_h256_objh256_te128_fu256_obj1_ff2_blocks3_drop0p3_lr0p001_wd0p001/best_model.pt,128,256,256,256,1,2,3,0.3,0.001,0.001,512,True,1,early_stopping_val_macro_f1_patience_3,0.5581856943321326,0.5039275103550159,0.559118557791285,0.5492243004204727,0.5057904734411097,0.5278796520971668,2.017621612107312,0.5039275103550159
/home/cmantill/narrador-futbol/experiments/positions/grid_search_outputs/20260426_195856/runs/run_362_h256_objh384_te256_fu384_obj1_ff2_blocks3_drop0p1_lr0p0005_wd0p0001,/home/cmantill/narrador-futbol/experiments/positions/grid_search_outputs/20260426_195856/runs/run_362_h256_objh384_te256_fu384_obj1_ff2_blocks3_drop0p1_lr0p0005_wd0p0001/best_model.pt,256,384,256,384,1,2,3,0.1,0.0005,0.0001,512,True,3,early_stopping_val_loss_overfit_patience_3,0.5312063515401014,0.5036389320746119,0.5446792061748338,0.5176888502247354,0.49331150572274896,0.5077951772269091,2.2794159871560558,0.5036389320746119
/home/cmantill/narrador-futbol/experiments/positions/grid_search_outputs/20260426_195856/runs/run_469_h256_objh384_te256_fu384_obj2_ff2_blocks3_drop0p3_lr0p001_wd0p001,/home/cmantill/narrador-futbol/experiments/positions/grid_search_outputs/20260426_195856/runs/run_469_h256_objh384_te256_fu384_obj2_ff2_blocks3_drop0p3_lr0p001_wd0p001/best_model.pt,256,384,256,384,2,2,3,0.3,0.001,0.001,512,True,1,early_stopping_val_macro_f1_patience_3,0.5511284275527457,0.5033134882721618,0.5479182620434732,0.5608235464694795,0.5192455520427285,0.5333708509820433,2.2835596799850464,0.5033134882721618
/home/cmantill/narrador-futbol/experiments/positions/grid_search_outputs/20260426_195856/runs/run_229_h192_objh256_te128_fu256_obj2_ff2_blocks3_drop0p3_lr0p001_wd0p001,/home/cmantill/narrador-futbol/experiments/positions/grid_search_outputs/20260426_195856/runs/run_229_h192_objh256_te128_fu256_obj2_ff2_blocks3_drop0p3_lr0p001_wd0p001/best_model.pt,128,256,192,256,2,2,3,0.3,0.001,0.001,512,True,4,early_stopping_val_loss_overfit_patience_3,0.5158420936558112,0.5033130862655877,0.535763894436503,0.5053646512976656,0.4784965012659992,0.5023912888454333,2.3834697515876204,0.5033130862655877
/home/cmantill/narrador-futbol/experiments/positions/grid_search_outputs/20260426_195856/runs/run_445_h256_objh384_te256_fu384_obj2_ff2_blocks3_drop0p25_lr0p001_wd0p0005,/home/cmantill/narrador-futbol/experiments/positions/grid_search_outputs/20260426_195856/runs/run_445_h256_objh384_te256_fu384_obj2_ff2_blocks3_drop0p25_lr0p001_wd0p0005/best_model.pt,256,384,256,384,2,2,3,0.25,0.001,0.0005,512,True,1,early_stopping_val_macro_f1_patience_3,0.5617878409174447,0.5032278220083655,0.5580685837706789,0.5591561548499348,0.5140276457676042,0.5347892212668932,2.533993575308058,0.5032278220083655
/home/cmantill/narrador-futbol/experiments/positions/grid_search_outputs/20260426_195856/runs/run_476_h256_objh384_te256_fu384_obj2_ff4_blocks3_drop0p3_lr0p0005_wd0p001,/home/cmantill/narrador-futbol/experiments/positions/grid_search_outputs/20260426_195856/runs/run_476_h256_objh384_te256_fu384_obj2_ff4_blocks3_drop0p3_lr0p0005_wd0p001/best_model.pt,256,384,256,384,2,4,3,0.3,0.0005,0.001,512,True,4,early_stopping_val_loss_overfit_patience_3,0.5287804160846872,0.503106756910959,0.5455185500550349,0.5481368711033783,0.5179266748056638,0.5340508903424962,2.191403132897836,0.503106756910959
/home/cmantill/narrador-futbol/experiments/positions/grid_search_outputs/20260426_195856/runs/run_277_h256_objh256_te128_fu256_obj2_ff2_blocks3_drop0p15_lr0p001_wd0p0001,/home/cmantill/narrador-futbol/experiments/positions/grid_search_outputs/20260426_195856/runs/run_277_h256_objh256_te128_fu256_obj2_ff2_blocks3_drop0p15_lr0p001_wd0p0001/best_model.pt,128,256,256,256,2,2,3,0.15,0.001,0.0001,512,True,3,early_stopping_val_loss_overfit_patience_3,0.5079761817246196,0.5029861357485368,0.5337290024573136,0.5028273162244454,0.48330715849165523,0.4973211082985669,2.145126122015494,0.5029861357485368
/home/cmantill/narrador-futbol/experiments/positions/grid_search_outputs/20260426_195856/runs/run_283_h256_objh256_te128_fu256_obj2_ff4_blocks3_drop0p15_lr0p001_wd0p0001,/home/cmantill/narrador-futbol/experiments/positions/grid_search_outputs/20260426_195856/runs/run_283_h256_objh256_te128_fu256_obj2_ff4_blocks3_drop0p15_lr0p001_wd0p0001/best_model.pt,128,256,256,256,2,4,3,0.15,0.001,0.0001,512,True,4,early_stopping_val_loss_overfit_patience_3,0.5250312431081379,0.5026757386211907,0.5337030451645739,0.5395099318544294,0.509617104540922,0.5282665934368266,2.59265168066378,0.5026757386211907
/home/cmantill/narrador-futbol/experiments/positions/grid_search_outputs/20260426_195856/runs/run_357_h256_objh256_te128_fu256_obj2_ff4_blocks4_drop0p3_lr0p001_wd0p001,/home/cmantill/narrador-futbol/experiments/positions/grid_search_outputs/20260426_195856/runs/run_357_h256_objh256_te128_fu256_obj2_ff4_blocks4_drop0p3_lr0p001_wd0p001/best_model.pt,128,256,256,256,2,4,4,0.3,0.001,0.001,512,True,1,early_stopping_val_macro_f1_patience_3,0.531867970300669,0.5025146064994348,0.5390319682648577,0.5448020878642889,0.4994839741914049,0.5122516319891607,2.073823767679709,0.5025146064994348
/home/cmantill/narrador-futbol/experiments/positions/grid_search_outputs/20260426_195856/runs/run_279_h256_objh256_te128_fu256_obj2_ff2_blocks4_drop0p15_lr0p001_wd0p0001,/home/cmantill/narrador-futbol/experiments/positions/grid_search_outputs/20260426_195856/runs/run_279_h256_objh256_te128_fu256_obj2_ff2_blocks4_drop0p15_lr0p001_wd0p0001/best_model.pt,128,256,256,256,2,2,4,0.15,0.001,0.0001,512,True,1,early_stopping_val_macro_f1_patience_3,0.5391457766669117,0.5020676311592215,0.5369001869248179,0.5303755255908366,0.4824769007348374,0.5115087765292683,2.0785629837601274,0.5020676311592215
/home/cmantill/narrador-futbol/experiments/positions/grid_search_outputs/20260426_195856/runs/run_349_h256_objh256_te128_fu256_obj2_ff2_blocks3_drop0p3_lr0p001_wd0p001,/home/cmantill/narrador-futbol/experiments/positions/grid_search_outputs/20260426_195856/runs/run_349_h256_objh256_te128_fu256_obj2_ff2_blocks3_drop0p3_lr0p001_wd0p001/best_model.pt,128,256,256,256,2,2,3,0.3,0.001,0.001,512,True,2,early_stopping_val_loss_overfit_patience_3,0.538337131515107,0.501747168691941,0.5450145027123542,0.5561113527620705,0.5166929834306216,0.5362339708742563,1.9849166649359244,0.501747168691941
/home/cmantill/narrador-futbol/experiments/positions/grid_search_outputs/20260426_195856/runs/run_473_h256_objh384_te256_fu384_obj2_ff2_blocks5_drop0p3_lr0p001_wd0p001,/home/cmantill/narrador-futbol/experiments/positions/grid_search_outputs/20260426_195856/runs/run_473_h256_objh384_te256_fu384_obj2_ff2_blocks5_drop0p3_lr0p001_wd0p001/best_model.pt,256,384,256,384,2,2,5,0.3,0.001,0.001,512,True,1,early_stopping_val_macro_f1_patience_3,0.5298096008233478,0.5016095525272554,0.5326594611281595,0.5813397129186603,0.5585630169458686,0.574225457670603,1.8560873711550678,0.5016095525272554
/home/cmantill/narrador-futbol/experiments/positions/grid_search_outputs/20260426_195856/runs/run_437_h256_objh384_te256_fu384_obj1_ff2_blocks5_drop0p25_lr0p001_wd0p0005,/home/cmantill/narrador-futbol/experiments/positions/grid_search_outputs/20260426_195856/runs/run_437_h256_objh384_te256_fu384_obj1_ff2_blocks5_drop0p25_lr0p001_wd0p0005/best_model.pt,256,384,256,384,1,2,5,0.25,0.001,0.0005,512,True,1,early_stopping_val_macro_f1_patience_3,0.5372344335808278,0.5015032206860573,0.5443033002356759,0.5767000144990576,0.543841101554301,0.5568068204967481,2.108833138589506,0.5015032206860573
/home/cmantill/narrador-futbol/experiments/positions/grid_search_outputs/20260426_195856/runs/run_416_h256_objh384_te256_fu384_obj1_ff4_blocks3_drop0p2_lr0p0005_wd0p0005,/home/cmantill/narrador-futbol/experiments/positions/grid_search_outputs/20260426_195856/runs/run_416_h256_objh384_te256_fu384_obj1_ff4_blocks3_drop0p2_lr0p0005_wd0p0005/best_model.pt,256,384,256,384,1,4,3,0.2,0.0005,0.0005,512,True,2,early_stopping_val_loss_overfit_patience_3,0.5725207674777623,0.5014442959730269,0.5593134372664249,0.5469769464984776,0.50721784094596,0.5259967808406923,2.247141714449282,0.5014442959730269
/home/cmantill/narrador-futbol/experiments/positions/grid_search_outputs/20260426_195856/runs/run_126_h192_objh256_te128_fu256_obj1_ff2_blocks5_drop0p1_lr0p0005_wd0p0001,/home/cmantill/narrador-futbol/experiments/positions/grid_search_outputs/20260426_195856/runs/run_126_h192_objh256_te128_fu256_obj1_ff2_blocks5_drop0p1_lr0p0005_wd0p0001/best_model.pt,128,256,192,256,1,2,5,0.1,0.0005,0.0001,512,True,3,early_stopping_val_loss_overfit_patience_3,0.5287069028890686,0.5013703814360484,0.5425807776108643,0.5218210816296941,0.483487168923559,0.5104904918535309,2.288347354641667,0.5013703814360484
/home/cmantill/narrador-futbol/experiments/positions/grid_search_outputs/20260426_195856/runs/run_397_h256_objh384_te256_fu384_obj2_ff2_blocks3_drop0p15_lr0p001_wd0p0001,/home/cmantill/narrador-futbol/experiments/positions/grid_search_outputs/20260426_195856/runs/run_397_h256_objh384_te256_fu384_obj2_ff2_blocks3_drop0p15_lr0p001_wd0p0001/best_model.pt,256,384,256,384,2,2,3,0.15,0.001,0.0001,512,True,3,early_stopping_val_loss_overfit_patience_3,0.5238550319782401,0.5013693151691823,0.5337807495804232,0.5396549224300421,0.5129560786031548,0.527519833931769,2.6356681143796004,0.5013693151691823
/home/cmantill/narrador-futbol/experiments/positions/grid_search_outputs/20260426_195856/runs/run_205_h192_objh256_te128_fu256_obj2_ff2_blocks3_drop0p25_lr0p001_wd0p0005,/home/cmantill/narrador-futbol/experiments/positions/grid_search_outputs/20260426_195856/runs/run_205_h192_objh256_te128_fu256_obj2_ff2_blocks3_drop0p25_lr0p001_wd0p0005/best_model.pt,128,256,192,256,2,2,3,0.25,0.001,0.0005,512,True,4,early_stopping_val_loss_overfit_patience_3,0.5185620818936999,0.5006759989206713,0.5343305613960799,0.5359576627519211,0.5090089368497701,0.5277856999586586,2.2373474416909396,0.5006759989206713
/home/cmantill/narrador-futbol/experiments/positions/grid_search_outputs/20260426_195856/runs/run_479_h256_objh384_te256_fu384_obj2_ff4_blocks5_drop0p3_lr0p001_wd0p001,/home/cmantill/narrador-futbol/experiments/positions/grid_search_outputs/20260426_195856/runs/run_479_h256_objh384_te256_fu384_obj2_ff4_blocks5_drop0p3_lr0p001_wd0p001/best_model.pt,256,384,256,384,2,4,5,0.3,0.001,0.001,512,True,2,early_stopping_val_loss_overfit_patience_3,0.5444387267514519,0.499877745541546,0.5452928767975777,0.542119762215456,0.5099419362951313,0.5164263335022357,2.2816353374057345,0.499877745541546
/home/cmantill/narrador-futbol/experiments/positions/grid_search_outputs/20260426_195856/runs/run_131_h192_objh256_te128_fu256_obj1_ff4_blocks5_drop0p1_lr0p001_wd0p0001,/home/cmantill/narrador-futbol/experiments/positions/grid_search_outputs/20260426_195856/runs/run_131_h192_objh256_te128_fu256_obj1_ff4_blocks5_drop0p1_lr0p001_wd0p0001/best_model.pt,128,256,192,256,1,4,5,0.1,0.001,0.0001,512,True,1,early_stopping_val_macro_f1_patience_3,0.5705359111960597,0.499822379039902,0.5532160744046352,0.5632883862548934,0.507752970283878,0.5250320618210157,2.3750901928654424,0.499822379039902
/home/cmantill/narrador-futbol/experiments/positions/grid_search_outputs/20260426_195856/runs/run_179_h192_objh256_te128_fu256_obj1_ff4_blocks5_drop0p2_lr0p001_wd0p0005,/home/cmantill/narrador-futbol/experiments/positions/grid_search_outputs/20260426_195856/runs/run_179_h192_objh256_te128_fu256_obj1_ff4_blocks5_drop0p2_lr0p001_wd0p0005/best_model.pt,128,256,192,256,1,4,5,0.2,0.001,0.0005,512,True,2,early_stopping_val_loss_overfit_patience_3,0.527677718150408,0.49977406081347586,0.5417429219953563,0.5451645643033203,0.5196259644322048,0.5371084679887983,2.087318148877886,0.49977406081347586
/home/cmantill/narrador-futbol/experiments/positions/grid_search_outputs/20260426_195856/runs/run_123_h192_objh256_te128_fu256_obj1_ff2_blocks4_drop0p1_lr0p001_wd0p0001,/home/cmantill/narrador-futbol/experiments/positions/grid_search_outputs/20260426_195856/runs/run_123_h192_objh256_te128_fu256_obj1_ff2_blocks4_drop0p1_lr0p001_wd0p0001/best_model.pt,128,256,192,256,1,2,4,0.1,0.001,0.0001,512,True,2,early_stopping_val_loss_overfit_patience_3,0.5596559582445049,0.49967692828731897,0.5491875033625795,0.5179063360881543,0.483048871373109,0.5086002182779394,2.4510968459977045,0.49967692828731897
/home/cmantill/narrador-futbol/experiments/positions/grid_search_outputs/20260426_195856/runs/run_461_h256_objh384_te256_fu384_obj1_ff2_blocks5_drop0p3_lr0p001_wd0p001,/home/cmantill/narrador-futbol/experiments/positions/grid_search_outputs/20260426_195856/runs/run_461_h256_objh384_te256_fu384_obj1_ff2_blocks5_drop0p3_lr0p001_wd0p001/best_model.pt,256,384,256,384,1,2,5,0.3,0.001,0.001,512,True,3,early_stopping_val_loss_overfit_patience_3,0.5384841579063442,0.49947215274739665,0.547633881749949,0.5192837465564738,0.4851246829804536,0.5142006648117174,2.151929572776512,0.49947215274739665
/home/cmantill/narrador-futbol/experiments/positions/grid_search_outputs/20260426_195856/runs/run_347_h256_objh256_te128_fu256_obj1_ff4_blocks5_drop0p3_lr0p001_wd0p001,/home/cmantill/narrador-futbol/experiments/positions/grid_search_outputs/20260426_195856/runs/run_347_h256_objh256_te128_fu256_obj1_ff4_blocks5_drop0p3_lr0p001_wd0p001/best_model.pt,128,256,256,256,1,4,5,0.3,0.001,0.001,512,True,2,early_stopping_val_macro_f1_patience_3,0.5269425861942219,0.499286944063889,0.5368041180528262,0.546831955922865,0.5020058332082971,0.5336169936498038,2.1761468759289495,0.499286944063889
/home/cmantill/narrador-futbol/experiments/positions/grid_search_outputs/20260426_195856/runs/run_165_h192_objh256_te128_fu256_obj2_ff4_blocks4_drop0p15_lr0p001_wd0p0001,/home/cmantill/narrador-futbol/experiments/positions/grid_search_outputs/20260426_195856/runs/run_165_h192_objh256_te128_fu256_obj2_ff4_blocks4_drop0p15_lr0p001_wd0p0001/best_model.pt,128,256,192,256,2,4,4,0.15,0.001,0.0001,512,True,3,early_stopping_val_loss_overfit_patience_3,0.5281187973241197,0.499201163162791,0.5330824241867117,0.5322604030738002,0.49539128003667554,0.5221469878615318,2.223691843174122,0.499201163162791
/home/cmantill/narrador-futbol/experiments/positions/grid_search_outputs/20260426_195856/runs/run_225_h192_objh256_te128_fu256_obj1_ff4_blocks4_drop0p3_lr0p001_wd0p001,/home/cmantill/narrador-futbol/experiments/positions/grid_search_outputs/20260426_195856/runs/run_225_h192_objh256_te128_fu256_obj1_ff4_blocks4_drop0p3_lr0p001_wd0p001/best_model.pt,128,256,192,256,1,4,4,0.3,0.001,0.001,512,True,2,early_stopping_val_macro_f1_patience_3,0.529956627214585,0.49914280793751636,0.5363713114823636,0.5146440481368711,0.4861381216382265,0.50783378774089,2.163719406834355,0.49914280793751636
/home/cmantill/narrador-futbol/experiments/positions/grid_search_outputs/20260426_195856/runs/run_151_h192_objh256_te128_fu256_obj1_ff4_blocks3_drop0p15_lr0p001_wd0p0001,/home/cmantill/narrador-futbol/experiments/positions/grid_search_outputs/20260426_195856/runs/run_151_h192_objh256_te128_fu256_obj1_ff4_blocks3_drop0p15_lr0p001_wd0p0001/best_model.pt,128,256,192,256,1,4,3,0.15,0.001,0.0001,512,True,4,early_stopping_val_loss_overfit_patience_3,0.5381901051238698,0.49878389416633895,0.5410259492543216,0.5371900826446281,0.48875836943550727,0.5178701254293119,2.4815536428380898,0.49878389416633895
/home/cmantill/narrador-futbol/experiments/positions/grid_search_outputs/20260426_195856/runs/run_303_h256_objh256_te128_fu256_obj2_ff2_blocks4_drop0p2_lr0p001_wd0p0005,/home/cmantill/narrador-futbol/experiments/positions/grid_search_outputs/20260426_195856/runs/run_303_h256_objh256_te128_fu256_obj2_ff2_blocks4_drop0p2_lr0p001_wd0p0005/best_model.pt,128,256,256,256,2,2,4,0.2,0.001,0.0005,512,True,1,early_stopping_val_macro_f1_patience_3,0.5336322869955157,0.4984375138682608,0.5318691807609952,0.5417572857764246,0.4897695069841055,0.5172964377236793,2.3255278357753046,0.4984375138682608
/home/cmantill/narrador-futbol/experiments/positions/grid_search_outputs/20260426_195856/runs/run_341_h256_objh256_te128_fu256_obj1_ff2_blocks5_drop0p3_lr0p001_wd0p001,/home/cmantill/narrador-futbol/experiments/positions/grid_search_outputs/20260426_195856/runs/run_341_h256_objh256_te128_fu256_obj1_ff2_blocks5_drop0p3_lr0p001_wd0p001/best_model.pt,128,256,256,256,1,2,5,0.3,0.001,0.001,512,True,2,early_stopping_val_loss_overfit_patience_3,0.5379695655370139,0.49835925624473953,0.5432362916644603,0.5586486878352908,0.5203580831496573,0.5429433245610452,2.3693498814547502,0.49835925624473953
/home/cmantill/narrador-futbol/experiments/positions/grid_search_outputs/20260426_195856/runs/run_409_h256_objh384_te256_fu384_obj1_ff2_blocks3_drop0p2_lr0p001_wd0p0005,/home/cmantill/narrador-futbol/experiments/positions/grid_search_outputs/20260426_195856/runs/run_409_h256_objh384_te256_fu384_obj1_ff2_blocks3_drop0p2_lr0p001_wd0p0005/best_model.pt,256,384,256,384,1,2,3,0.2,0.001,0.0005,512,True,3,early_stopping_val_loss_overfit_patience_3,0.5215026097184444,0.49834110109580687,0.535084623005015,0.5482093663911846,0.5162506379699593,0.5433694963627924,2.237405999943062,0.49834110109580687
/home/cmantill/narrador-futbol/experiments/positions/grid_search_outputs/20260426_195856/runs/run_371_h256_objh384_te256_fu384_obj1_ff4_blocks5_drop0p1_lr0p001_wd0p0001,/home/cmantill/narrador-futbol/experiments/positions/grid_search_outputs/20260426_195856/runs/run_371_h256_objh384_te256_fu384_obj1_ff4_blocks5_drop0p1_lr0p001_wd0p0001/best_model.pt,256,384,256,384,1,4,5,0.1,0.001,0.0001,512,True,1,early_stopping_val_macro_f1_patience_3,0.5487024920973315,0.49831767872924215,0.5460726515514855,0.5645933014354066,0.5225840822590151,0.5434246446237636,2.40436738508719,0.49831767872924215
/home/cmantill/narrador-futbol/experiments/positions/grid_search_outputs/20260426_195856/runs/run_419_h256_objh384_te256_fu384_obj1_ff4_blocks5_drop0p2_lr0p001_wd0p0005,/home/cmantill/narrador-futbol/experiments/positions/grid_search_outputs/20260426_195856/runs/run_419_h256_objh384_te256_fu384_obj1_ff4_blocks5_drop0p2_lr0p001_wd0p0005/best_model.pt,256,384,256,384,1,4,5,0.2,0.001,0.0005,512,True,1,early_stopping_val_macro_f1_patience_3,0.5612732485481143,0.49808447698892555,0.5502013719470896,0.5932289401188923,0.5548188899428135,0.5720152131446253,2.1088672876358032,0.49808447698892555
/home/cmantill/narrador-futbol/experiments/positions/grid_search_outputs/20260426_195856/runs/run_351_h256_objh256_te128_fu256_obj2_ff2_blocks4_drop0p3_lr0p001_wd0p001,/home/cmantill/narrador-futbol/experiments/positions/grid_search_outputs/20260426_195856/runs/run_351_h256_objh256_te128_fu256_obj2_ff2_blocks4_drop0p3_lr0p001_wd0p001/best_model.pt,128,256,256,256,2,2,4,0.3,0.001,0.001,512,True,1,early_stopping_val_macro_f1_patience_3,0.5253988090862309,0.49797790768697003,0.5259869064470541,0.5627809192402494,0.5189645492995089,0.536117854492645,2.349090094919558,0.49797790768697003
/home/cmantill/narrador-futbol/experiments/positions/grid_search_outputs/20260426_195856/runs/run_457_h256_objh384_te256_fu384_obj1_ff2_blocks3_drop0p3_lr0p001_wd0p001,/home/cmantill/narrador-futbol/experiments/positions/grid_search_outputs/20260426_195856/runs/run_457_h256_objh384_te256_fu384_obj1_ff2_blocks3_drop0p3_lr0p001_wd0p001/best_model.pt,256,384,256,384,1,2,3,0.3,0.001,0.001,512,True,2,early_stopping_val_loss_overfit_patience_3,0.5293685216496361,0.497492772946193,0.5336191474780062,0.566405683630564,0.5265341966149829,0.546517205796965,2.180584271748861,0.497492772946193
/home/cmantill/narrador-futbol/experiments/positions/grid_search_outputs/20260426_195856/runs/run_231_h192_objh256_te128_fu256_obj2_ff2_blocks4_drop0p3_lr0p001_wd0p001,/home/cmantill/narrador-futbol/experiments/positions/grid_search_outputs/20260426_195856/runs/run_231_h192_objh256_te128_fu256_obj2_ff2_blocks4_drop0p3_lr0p001_wd0p001/best_model.pt,128,256,192,256,2,2,4,0.3,0.001,0.001,512,True,2,early_stopping_val_loss_overfit_patience_3,0.5552451665073881,0.4974147289806022,0.5507283960808926,0.5569088009279397,0.5166939993004509,0.535630819301457,2.214330271438316,0.4974147289806022
/home/cmantill/narrador-futbol/experiments/positions/grid_search_outputs/20260426_195856/runs/run_374_h256_objh384_te256_fu384_obj2_ff2_blocks3_drop0p1_lr0p0005_wd0p0001,/home/cmantill/narrador-futbol/experiments/positions/grid_search_outputs/20260426_195856/runs/run_374_h256_objh384_te256_fu384_obj2_ff2_blocks3_drop0p1_lr0p0005_wd0p0001/best_model.pt,256,384,256,384,2,2,3,0.1,0.0005,0.0001,512,True,1,early_stopping_val_macro_f1_patience_3,0.55355436300816,0.49719621473903963,0.5389349049411928,0.5696679715818472,0.5291967943463144,0.5456729350056883,2.6879209456620394,0.49719621473903963
/home/cmantill/narrador-futbol/experiments/positions/grid_search_outputs/20260426_195856/runs/run_135_h192_objh256_te128_fu256_obj2_ff2_blocks4_drop0p1_lr0p001_wd0p0001,/home/cmantill/narrador-futbol/experiments/positions/grid_search_outputs/20260426_195856/runs/run_135_h192_objh256_te128_fu256_obj2_ff2_blocks4_drop0p1_lr0p001_wd0p0001/best_model.pt,128,256,192,256,2,2,4,0.1,0.001,0.0001,512,True,4,early_stopping_val_loss_overfit_patience_3,0.5205469381754024,0.4970967026320896,0.5282245395212647,0.5550964187327824,0.5193319635735666,0.5426559474652283,2.4157767251685813,0.4970967026320896
/home/cmantill/narrador-futbol/experiments/positions/grid_search_outputs/20260426_195856/runs/run_427_h256_objh384_te256_fu384_obj2_ff4_blocks3_drop0p2_lr0p001_wd0p0005,/home/cmantill/narrador-futbol/experiments/positions/grid_search_outputs/20260426_195856/runs/run_427_h256_objh384_te256_fu384_obj2_ff4_blocks3_drop0p2_lr0p001_wd0p0005/best_model.pt,256,384,256,384,2,4,3,0.2,0.001,0.0005,512,True,2,early_stopping_val_loss_overfit_patience_3,0.529956627214585,0.49688176992395516,0.5351814656603964,0.5192837465564738,0.4950513729313375,0.5047051213400674,2.2731451899917037,0.49688176992395516
/home/cmantill/narrador-futbol/experiments/positions/grid_search_outputs/20260426_195856/runs/run_421_h256_objh384_te256_fu384_obj2_ff2_blocks3_drop0p2_lr0p001_wd0p0005,/home/cmantill/narrador-futbol/experiments/positions/grid_search_outputs/20260426_195856/runs/run_421_h256_objh384_te256_fu384_obj2_ff2_blocks3_drop0p2_lr0p001_wd0p0005/best_model.pt,256,384,256,384,2,2,3,0.2,0.001,0.0005,512,True,1,early_stopping_val_macro_f1_patience_3,0.5451003455120194,0.4968499819998668,0.5430152950287542,0.586486878352907,0.5395708040855038,0.5534289028559479,2.4267355821750782,0.4968499819998668
/home/cmantill/narrador-futbol/experiments/positions/grid_search_outputs/20260426_195856/runs/run_353_h256_objh256_te128_fu256_obj2_ff2_blocks5_drop0p3_lr0p001_wd0p001,/home/cmantill/narrador-futbol/experiments/positions/grid_search_outputs/20260426_195856/runs/run_353_h256_objh256_te128_fu256_obj2_ff2_blocks5_drop0p3_lr0p001_wd0p001/best_model.pt,128,256,256,256,2,2,5,0.3,0.001,0.001,512,True,3,early_stopping_val_loss_overfit_patience_3,0.5315739175181945,0.4966153299244079,0.5361740286891715,0.5513266637668551,0.5169316297619466,0.5366850026188082,1.9857287340694003,0.4966153299244079
/home/cmantill/narrador-futbol/experiments/positions/grid_search_outputs/20260426_195856/runs/run_402_h256_objh384_te256_fu384_obj2_ff2_blocks5_drop0p15_lr0p0005_wd0p0001,/home/cmantill/narrador-futbol/experiments/positions/grid_search_outputs/20260426_195856/runs/run_402_h256_objh384_te256_fu384_obj2_ff2_blocks5_drop0p15_lr0p0005_wd0p0001/best_model.pt,256,384,256,384,2,2,5,0.15,0.0005,0.0001,512,True,1,early_stopping_val_macro_f1_patience_3,0.5288539292803058,0.4966076847302041,0.540732672599053,0.5456720313179644,0.5128713057646658,0.5367691102334602,2.233419652338381,0.4966076847302041
/home/cmantill/narrador-futbol/experiments/positions/grid_search_outputs/20260426_195856/runs/run_027_h128_objh128_te64_fu128_obj1_ff2_blocks4_drop0p15_lr0p001_wd0p0001,/home/cmantill/narrador-futbol/experiments/positions/grid_search_outputs/20260426_195856/runs/run_027_h128_objh128_te64_fu128_obj1_ff2_blocks4_drop0p15_lr0p001_wd0p0001/best_model.pt,64,128,128,128,1,2,4,0.15,0.001,0.0001,512,True,1,early_stopping_val_macro_f1_patience_3,0.5259869146511799,0.49654469343394686,0.5318643042665046,0.5436421632593882,0.5006264413758337,0.5278785414899898,2.2064500164102623,0.49654469343394686
/home/cmantill/narrador-futbol/experiments/positions/grid_search_outputs/20260426_195856/runs/run_262_h256_objh256_te128_fu256_obj2_ff4_blocks4_drop0p1_lr0p0005_wd0p0001,/home/cmantill/narrador-futbol/experiments/positions/grid_search_outputs/20260426_195856/runs/run_262_h256_objh256_te128_fu256_obj2_ff4_blocks4_drop0p1_lr0p0005_wd0p0001/best_model.pt,128,256,256,256,2,4,4,0.1,0.0005,0.0001,512,True,1,early_stopping_val_macro_f1_patience_3,0.5661251194589428,0.49632138308003015,0.5477236647163976,0.5475569088009279,0.49120105690842036,0.5131457236695873,2.2562394539515176,0.49632138308003015
/home/cmantill/narrador-futbol/experiments/positions/grid_search_outputs/20260426_195856/runs/run_471_h256_objh384_te256_fu384_obj2_ff2_blocks4_drop0p3_lr0p001_wd0p001,/home/cmantill/narrador-futbol/experiments/positions/grid_search_outputs/20260426_195856/runs/run_471_h256_objh384_te256_fu384_obj2_ff2_blocks4_drop0p3_lr0p001_wd0p001/best_model.pt,256,384,256,384,2,2,4,0.3,0.001,0.001,512,True,4,early_stopping_val_loss_overfit_patience_3,0.5524516650738808,0.4962762982576238,0.5448295016208567,0.5321154124981876,0.5011892398812077,0.5161346282883419,2.2201180745054176,0.4962762982576238
/home/cmantill/narrador-futbol/experiments/positions/grid_search_outputs/20260426_195856/runs/run_392_h256_objh384_te256_fu384_obj1_ff4_blocks3_drop0p15_lr0p0005_wd0p0001,/home/cmantill/narrador-futbol/experiments/positions/grid_search_outputs/20260426_195856/runs/run_392_h256_objh384_te256_fu384_obj1_ff4_blocks3_drop0p15_lr0p0005_wd0p0001/best_model.pt,256,384,256,384,1,4,3,0.15,0.0005,0.0001,512,True,2,early_stopping_val_loss_overfit_patience_3,0.5471587149893405,0.49626685827374667,0.5352613535217235,0.5295780774249674,0.49267980383085314,0.5177121292138859,2.246103600219444,0.49626685827374667
/home/cmantill/narrador-futbol/experiments/positions/grid_search_outputs/20260426_195856/runs/run_399_h256_objh384_te256_fu384_obj2_ff2_blocks4_drop0p15_lr0p001_wd0p0001,/home/cmantill/narrador-futbol/experiments/positions/grid_search_outputs/20260426_195856/runs/run_399_h256_objh384_te256_fu384_obj2_ff2_blocks4_drop0p15_lr0p001_wd0p0001/best_model.pt,256,384,256,384,2,2,4,0.15,0.001,0.0001,512,True,1,early_stopping_val_macro_f1_patience_3,0.5479673601411453,0.49624824752592944,0.5451856529527153,0.5627809192402494,0.5342291639833051,0.5481266182037008,2.426491856575012,0.49624824752592944
/home/cmantill/narrador-futbol/experiments/positions/grid_search_outputs/20260426_195856/runs/run_053_h128_objh128_te64_fu128_obj1_ff2_blocks5_drop0p2_lr0p001_wd0p0005,/home/cmantill/narrador-futbol/experiments/positions/grid_search_outputs/20260426_195856/runs/run_053_h128_objh128_te64_fu128_obj1_ff2_blocks5_drop0p2_lr0p001_wd0p0005/best_model.pt,64,128,128,128,1,2,5,0.2,0.001,0.0005,512,True,1,early_stopping_val_macro_f1_patience_3,0.5509078879658899,0.49415591092209593,0.53762190215019,0.5846744961577498,0.5451428255678924,0.5570593902760044,2.0370948093908803,0.49415591092209593
/home/cmantill/narrador-futbol/experiments/positions/grid_search_outputs/20260426_195856/runs/run_475_h256_objh384_te256_fu384_obj2_ff4_blocks3_drop0p3_lr0p001_wd0p001,/home/cmantill/narrador-futbol/experiments/positions/grid_search_outputs/20260426_195856/runs/run_475_h256_objh384_te256_fu384_obj2_ff4_blocks3_drop0p3_lr0p001_wd0p001/best_model.pt,256,384,256,384,2,4,3,0.3,0.001,0.001,512,True,4,early_stopping_val_loss_overfit_patience_3,0.5238550319782401,0.49404470995695654,0.5351370880027214,0.5116717413368131,0.4821309872775728,0.4993932723960453,2.3030235237545438,0.49404470995695654
/home/cmantill/narrador-futbol/experiments/positions/grid_search_outputs/20260426_195856/runs/run_193_h192_objh256_te128_fu256_obj1_ff2_blocks3_drop0p25_lr0p001_wd0p0005,/home/cmantill/narrador-futbol/experiments/positions/grid_search_outputs/20260426_195856/runs/run_193_h192_objh256_te128_fu256_obj1_ff2_blocks3_drop0p25_lr0p001_wd0p0005/best_model.pt,128,256,192,256,1,2,3,0.25,0.001,0.0005,512,True,1,early_stopping_val_macro_f1_patience_3,0.5269425861942219,0.49380774898426777,0.5323724141990195,0.5637958532695375,0.5316554682172931,0.546494839719934,2.191141148408254,0.49380774898426777
/home/cmantill/narrador-futbol/experiments/positions/grid_search_outputs/20260426_195856/runs/run_223_h192_objh256_te128_fu256_obj1_ff4_blocks3_drop0p3_lr0p001_wd0p001,/home/cmantill/narrador-futbol/experiments/positions/grid_search_outputs/20260426_195856/runs/run_223_h192_objh256_te128_fu256_obj1_ff4_blocks3_drop0p3_lr0p001_wd0p001/best_model.pt,128,256,192,256,1,4,3,0.3,0.001,0.001,512,True,1,early_stopping_val_macro_f1_patience_3,0.5320149966919062,0.49345179475920564,0.5360875440863744,0.5759025663331884,0.5399186434954363,0.5513916324709622,2.2379683322376676,0.49345179475920564
/home/cmantill/narrador-futbol/experiments/positions/grid_search_outputs/20260426_195856/runs/run_355_h256_objh256_te128_fu256_obj2_ff4_blocks3_drop0p3_lr0p001_wd0p001,/home/cmantill/narrador-futbol/experiments/positions/grid_search_outputs/20260426_195856/runs/run_355_h256_objh256_te128_fu256_obj2_ff4_blocks3_drop0p3_lr0p001_wd0p001/best_model.pt,128,256,256,256,2,4,3,0.3,0.001,0.001,512,True,1,early_stopping_val_macro_f1_patience_3,0.5224582812614864,0.4932559905282131,0.5285901780577786,0.5504567203131796,0.5208634188572868,0.5342624522684337,2.1725023764151112,0.4932559905282131
/home/cmantill/narrador-futbol/experiments/positions/grid_search_outputs/20260426_195856/runs/run_263_h256_objh256_te128_fu256_obj2_ff4_blocks5_drop0p1_lr0p001_wd0p0001,/home/cmantill/narrador-futbol/experiments/positions/grid_search_outputs/20260426_195856/runs/run_263_h256_objh256_te128_fu256_obj2_ff4_blocks5_drop0p1_lr0p001_wd0p0001/best_model.pt,128,256,256,256,2,4,5,0.1,0.001,0.0001,512,True,2,early_stopping_val_loss_overfit_patience_3,0.5507608615746526,0.49210822885283195,0.5427243221366904,0.5519066260693055,0.5020089751186089,0.529503289804711,2.5645059832820185,0.49210822885283195
/home/cmantill/narrador-futbol/experiments/positions/grid_search_outputs/20260426_195856/runs/run_325_h256_objh256_te128_fu256_obj2_ff2_blocks3_drop0p25_lr0p001_wd0p0005,/home/cmantill/narrador-futbol/experiments/positions/grid_search_outputs/20260426_195856/runs/run_325_h256_objh256_te128_fu256_obj2_ff2_blocks3_drop0p25_lr0p001_wd0p0005/best_model.pt,128,256,256,256,2,2,3,0.25,0.001,0.0005,512,True,1,early_stopping_val_macro_f1_patience_3,0.556788943615379,0.4919143260849577,0.5415276762715396,0.543859649122807,0.49785918691685266,0.5178191334925456,2.405092438062032,0.4919143260849577
/home/cmantill/narrador-futbol/experiments/positions/grid_search_outputs/20260426_195856/runs/run_455_h256_objh384_te256_fu384_obj2_ff4_blocks5_drop0p25_lr0p001_wd0p0005,/home/cmantill/narrador-futbol/experiments/positions/grid_search_outputs/20260426_195856/runs/run_455_h256_objh384_te256_fu384_obj2_ff4_blocks5_drop0p25_lr0p001_wd0p0005/best_model.pt,256,384,256,384,2,4,5,0.25,0.001,0.0005,512,True,1,early_stopping_val_macro_f1_patience_3,0.5452473719032567,0.4913304373658521,0.5414153854492194,0.5507467014644049,0.5049513508507261,0.5230890515647041,2.29485547542572,0.4913304373658521
/home/cmantill/narrador-futbol/experiments/positions/grid_search_outputs/20260426_195856/runs/run_327_h256_objh256_te128_fu256_obj2_ff2_blocks4_drop0p25_lr0p001_wd0p0005,/home/cmantill/narrador-futbol/experiments/positions/grid_search_outputs/20260426_195856/runs/run_327_h256_objh256_te128_fu256_obj2_ff2_blocks4_drop0p25_lr0p001_wd0p0005/best_model.pt,128,256,256,256,2,2,4,0.25,0.001,0.0005,512,True,1,early_stopping_val_macro_f1_patience_3,0.5176799235462766,0.4909601416021147,0.5201537860439869,0.5277656952298101,0.48825356066141,0.5056408986351867,2.3095448745621576,0.4909601416021147
/home/cmantill/narrador-futbol/experiments/positions/grid_search_outputs/20260426_195856/runs/run_459_h256_objh384_te256_fu384_obj1_ff2_blocks4_drop0p3_lr0p001_wd0p001,/home/cmantill/narrador-futbol/experiments/positions/grid_search_outputs/20260426_195856/runs/run_459_h256_objh384_te256_fu384_obj1_ff2_blocks4_drop0p3_lr0p001_wd0p001/best_model.pt,256,384,256,384,1,2,4,0.3,0.001,0.001,512,True,1,early_stopping_val_macro_f1_patience_3,0.5258398882599427,0.49086740564120973,0.5305296639799274,0.5832245904016239,0.5602569273563479,0.5696457671100339,2.0967805054452686,0.49086740564120973
/home/cmantill/narrador-futbol/experiments/positions/grid_search_outputs/20260426_195856/runs/run_333_h256_objh256_te128_fu256_obj2_ff4_blocks4_drop0p25_lr0p001_wd0p0005,/home/cmantill/narrador-futbol/experiments/positions/grid_search_outputs/20260426_195856/runs/run_333_h256_objh256_te128_fu256_obj2_ff4_blocks4_drop0p25_lr0p001_wd0p0005/best_model.pt,128,256,256,256,2,4,4,0.25,0.001,0.0005,512,True,1,early_stopping_val_macro_f1_patience_3,0.5317944571050504,0.4905524571811894,0.5320212059845609,0.5684355516891402,0.5187098678770811,0.5361614217686,2.0698402722676597,0.4905524571811894
/home/cmantill/narrador-futbol/experiments/positions/grid_search_outputs/20260426_195856/runs/run_463_h256_objh384_te256_fu384_obj1_ff4_blocks3_drop0p3_lr0p001_wd0p001,/home/cmantill/narrador-futbol/experiments/positions/grid_search_outputs/20260426_195856/runs/run_463_h256_objh384_te256_fu384_obj1_ff4_blocks3_drop0p3_lr0p001_wd0p001/best_model.pt,256,384,256,384,1,4,3,0.3,0.001,0.001,512,True,1,early_stopping_val_macro_f1_patience_3,0.5456149378813497,0.49022588337539214,0.5441502809328976,0.5671306365086269,0.529721432482647,0.5454658132780045,2.2871061298582287,0.49022588337539214
/home/cmantill/narrador-futbol/experiments/positions/grid_search_outputs/20260426_195856/runs/run_433_h256_objh384_te256_fu384_obj1_ff2_blocks3_drop0p25_lr0p001_wd0p0005,/home/cmantill/narrador-futbol/experiments/positions/grid_search_outputs/20260426_195856/runs/run_433_h256_objh384_te256_fu384_obj1_ff2_blocks3_drop0p25_lr0p001_wd0p0005/best_model.pt,256,384,256,384,1,2,3,0.25,0.001,0.0005,512,True,2,early_stopping_val_loss_overfit_patience_3,0.5120194074836433,0.4897496469074737,0.5312405615628913,0.5170363926344788,0.481550487860885,0.5093623805241434,2.6754384879712707,0.4897496469074737
/home/cmantill/narrador-futbol/experiments/positions/grid_search_outputs/20260426_195856/runs/run_171_h192_objh256_te128_fu256_obj1_ff2_blocks4_drop0p2_lr0p001_wd0p0005,/home/cmantill/narrador-futbol/experiments/positions/grid_search_outputs/20260426_195856/runs/run_171_h192_objh256_te128_fu256_obj1_ff2_blocks4_drop0p2_lr0p001_wd0p0005/best_model.pt,128,256,192,256,1,2,4,0.2,0.001,0.0005,512,True,2,early_stopping_val_loss_overfit_patience_3,0.5125339998529737,0.4897116484023861,0.5263050598179566,0.5455270407423517,0.5108548213991773,0.5281614956096394,2.3516618741883173,0.4897116484023861
/home/cmantill/narrador-futbol/experiments/positions/grid_search_outputs/20260426_195856/runs/run_269_h256_objh256_te128_fu256_obj1_ff2_blocks5_drop0p15_lr0p001_wd0p0001,/home/cmantill/narrador-futbol/experiments/positions/grid_search_outputs/20260426_195856/runs/run_269_h256_objh256_te128_fu256_obj1_ff2_blocks5_drop0p15_lr0p001_wd0p0001/best_model.pt,128,256,256,256,1,2,5,0.15,0.001,0.0001,512,True,2,early_stopping_val_loss_overfit_patience_3,0.5304712195839153,0.48948210841287254,0.5301912465528563,0.5609685370450921,0.5275001650983465,0.5496349832272193,2.373511967835603,0.48948210841287254
/home/cmantill/narrador-futbol/experiments/positions/grid_search_outputs/20260426_195856/runs/run_213_h192_objh256_te128_fu256_obj2_ff4_blocks4_drop0p25_lr0p001_wd0p0005,/home/cmantill/narrador-futbol/experiments/positions/grid_search_outputs/20260426_195856/runs/run_213_h192_objh256_te128_fu256_obj2_ff4_blocks4_drop0p25_lr0p001_wd0p0005/best_model.pt,128,256,192,256,2,4,4,0.25,0.001,0.0005,512,True,2,early_stopping_val_loss_overfit_patience_3,0.5320885098875248,0.4884141967858777,0.5300032081697951,0.5670581412208207,0.5361041517232042,0.5526513099440414,2.1441954021100647,0.4884141967858777
/home/cmantill/narrador-futbol/experiments/positions/grid_search_outputs/20260426_195856/runs/run_431_h256_objh384_te256_fu384_obj2_ff4_blocks5_drop0p2_lr0p001_wd0p0005,/home/cmantill/narrador-futbol/experiments/positions/grid_search_outputs/20260426_195856/runs/run_431_h256_objh384_te256_fu384_obj2_ff4_blocks5_drop0p2_lr0p001_wd0p0005/best_model.pt,256,384,256,384,2,4,5,0.2,0.001,0.0005,512,True,3,early_stopping_val_loss_overfit_patience_3,0.5090788796588988,0.48658166236864775,0.521744868645094,0.5243584167029143,0.4944128816578494,0.5134724654051428,2.2973055000658387,0.48658166236864775
/home/cmantill/narrador-futbol/experiments/positions/grid_search_outputs/20260426_195856/runs/run_243_h256_objh256_te128_fu256_obj1_ff2_blocks4_drop0p1_lr0p001_wd0p0001,/home/cmantill/narrador-futbol/experiments/positions/grid_search_outputs/20260426_195856/runs/run_243_h256_objh256_te128_fu256_obj1_ff2_blocks4_drop0p1_lr0p001_wd0p0001/best_model.pt,128,256,256,256,1,2,4,0.1,0.001,0.0001,512,True,3,early_stopping_val_loss_overfit_patience_3,0.5234874660001471,0.4857683217222469,0.5342884114671117,0.5172538784978976,0.47177847019841435,0.50733872897367,2.510509415909096,0.4857683217222469
/home/cmantill/narrador-futbol/experiments/positions/grid_search_outputs/20260426_195856/runs/run_257_h256_objh256_te128_fu256_obj2_ff2_blocks5_drop0p1_lr0p001_wd0p0001,/home/cmantill/narrador-futbol/experiments/positions/grid_search_outputs/20260426_195856/runs/run_257_h256_objh256_te128_fu256_obj2_ff2_blocks5_drop0p1_lr0p001_wd0p0001/best_model.pt,128,256,256,256,2,2,5,0.1,0.001,0.0001,512,True,1,early_stopping_val_macro_f1_patience_3,0.5265015070205101,0.48571713072888617,0.5254454571866779,0.5550239234449761,0.5284320951798404,0.5407960834281834,2.7648561751400984,0.48571713072888617
/home/cmantill/narrador-futbol/experiments/positions/grid_search_outputs/20260426_195856/runs/run_195_h192_objh256_te128_fu256_obj1_ff2_blocks4_drop0p25_lr0p001_wd0p0005,/home/cmantill/narrador-futbol/experiments/positions/grid_search_outputs/20260426_195856/runs/run_195_h192_objh256_te128_fu256_obj1_ff2_blocks4_drop0p25_lr0p001_wd0p0005/best_model.pt,128,256,192,256,1,2,4,0.25,0.001,0.0005,512,True,1,early_stopping_val_macro_f1_patience_3,0.5113577887230758,0.48538813785391033,0.513461737538351,0.5448020878642889,0.5103131179005499,0.5259614319319087,2.27789886130227,0.48538813785391033
/home/cmantill/narrador-futbol/experiments/positions/grid_search_outputs/20260426_195856/runs/run_307_h256_objh256_te128_fu256_obj2_ff4_blocks3_drop0p2_lr0p001_wd0p0005,/home/cmantill/narrador-futbol/experiments/positions/grid_search_outputs/20260426_195856/runs/run_307_h256_objh256_te128_fu256_obj2_ff4_blocks3_drop0p2_lr0p001_wd0p0005/best_model.pt,128,256,256,256,2,4,3,0.2,0.001,0.0005,512,True,1,early_stopping_val_macro_f1_patience_3,0.5252517826949937,0.4845515590231404,0.522044082189233,0.5509641873278237,0.5181016654746714,0.5323017007043489,2.379897700415717,0.4845515590231404
/home/cmantill/narrador-futbol/experiments/positions/grid_search_outputs/20260426_195856/runs/run_267_h256_objh256_te128_fu256_obj1_ff2_blocks4_drop0p15_lr0p001_wd0p0001,/home/cmantill/narrador-futbol/experiments/positions/grid_search_outputs/20260426_195856/runs/run_267_h256_objh256_te128_fu256_obj1_ff2_blocks4_drop0p15_lr0p001_wd0p0001/best_model.pt,128,256,256,256,1,2,4,0.15,0.001,0.0001,512,True,2,early_stopping_val_loss_overfit_patience_3,0.5015805337058001,0.4843069953144902,0.5090498459799853,0.5237059591126577,0.47411881796015826,0.5136045802168371,2.383597320980496,0.4843069953144902
/home/cmantill/narrador-futbol/experiments/positions/grid_search_outputs/20260426_195856/runs/run_155_h192_objh256_te128_fu256_obj1_ff4_blocks5_drop0p15_lr0p001_wd0p0001,/home/cmantill/narrador-futbol/experiments/positions/grid_search_outputs/20260426_195856/runs/run_155_h192_objh256_te128_fu256_obj1_ff4_blocks5_drop0p15_lr0p001_wd0p0001/best_model.pt,128,256,192,256,1,4,5,0.15,0.001,0.0001,512,True,1,early_stopping_val_macro_f1_patience_3,0.5241490847607145,0.4841256589834923,0.5221791748886783,0.5410323328983616,0.49811035746409327,0.515951715934612,1.9782783212485138,0.4841256589834923
/home/cmantill/narrador-futbol/experiments/positions/grid_search_outputs/20260426_195856/runs/run_391_h256_objh384_te256_fu384_obj1_ff4_blocks3_drop0p15_lr0p001_wd0p0001,/home/cmantill/narrador-futbol/experiments/positions/grid_search_outputs/20260426_195856/runs/run_391_h256_objh384_te256_fu384_obj1_ff4_blocks3_drop0p15_lr0p001_wd0p0001/best_model.pt,256,384,256,384,1,4,3,0.15,0.001,0.0001,512,True,1,early_stopping_val_macro_f1_patience_3,0.5185620818936999,0.483934265694744,0.5320013587455263,0.5530665506742062,0.52491927784316,0.5369011285788512,2.5588798589176602,0.483934265694744
/home/cmantill/narrador-futbol/experiments/positions/grid_search_outputs/20260426_195856/runs/run_331_h256_objh256_te128_fu256_obj2_ff4_blocks3_drop0p25_lr0p001_wd0p0005,/home/cmantill/narrador-futbol/experiments/positions/grid_search_outputs/20260426_195856/runs/run_331_h256_objh256_te128_fu256_obj2_ff4_blocks3_drop0p25_lr0p001_wd0p0005/best_model.pt,128,256,256,256,2,4,3,0.25,0.001,0.0005,512,True,1,early_stopping_val_macro_f1_patience_3,0.545173858707638,0.4838952142557297,0.5326629879716999,0.5876468029578077,0.5540104863402653,0.5662205399497363,2.5284114899458707,0.4838952142557297
/home/cmantill/narrador-futbol/experiments/positions/grid_search_outputs/20260426_195856/runs/run_329_h256_objh256_te128_fu256_obj2_ff2_blocks5_drop0p25_lr0p001_wd0p0005,/home/cmantill/narrador-futbol/experiments/positions/grid_search_outputs/20260426_195856/runs/run_329_h256_objh256_te128_fu256_obj2_ff2_blocks5_drop0p25_lr0p001_wd0p0005/best_model.pt,128,256,256,256,2,2,5,0.25,0.001,0.0005,512,True,1,early_stopping_val_macro_f1_patience_3,0.5039329559655958,0.4820623695941718,0.5135471616973407,0.5735827171233869,0.545249536744991,0.5556102960086671,2.422216865751478,0.4820623695941718
/home/cmantill/narrador-futbol/experiments/positions/grid_search_outputs/20260426_195856/runs/run_315_h256_objh256_te128_fu256_obj1_ff2_blocks4_drop0p25_lr0p001_wd0p0005,/home/cmantill/narrador-futbol/experiments/positions/grid_search_outputs/20260426_195856/runs/run_315_h256_objh256_te128_fu256_obj1_ff2_blocks4_drop0p25_lr0p001_wd0p0005/best_model.pt,128,256,256,256,1,2,4,0.25,0.001,0.0005,512,True,3,early_stopping_val_loss_overfit_patience_3,0.5160626332426671,0.48113164572746725,0.5262393841946453,0.5223285486443381,0.4928455469307104,0.5148811199821297,2.4252847918757685,0.48113164572746725
/home/cmantill/narrador-futbol/experiments/positions/grid_search_outputs/20260426_195856/runs/run_365_h256_objh384_te256_fu384_obj1_ff2_blocks5_drop0p1_lr0p001_wd0p0001,/home/cmantill/narrador-futbol/experiments/positions/grid_search_outputs/20260426_195856/runs/run_365_h256_objh384_te256_fu384_obj1_ff2_blocks5_drop0p1_lr0p001_wd0p0001/best_model.pt,256,384,256,384,1,2,5,0.1,0.001,0.0001,512,True,1,early_stopping_val_macro_f1_patience_3,0.541939278100419,0.4804246146366183,0.5364285082496035,0.5624909380890242,0.5181237992906232,0.5464873448357561,2.5527161448090165,0.4804246146366183
/home/cmantill/narrador-futbol/experiments/positions/grid_search_outputs/20260426_195856/runs/run_203_h192_objh256_te128_fu256_obj1_ff4_blocks5_drop0p25_lr0p001_wd0p0005,/home/cmantill/narrador-futbol/experiments/positions/grid_search_outputs/20260426_195856/runs/run_203_h192_objh256_te128_fu256_obj1_ff4_blocks5_drop0p25_lr0p001_wd0p0005/best_model.pt,128,256,192,256,1,4,5,0.25,0.001,0.0005,512,True,4,early_stopping_val_loss_overfit_patience_3,0.5154010144820995,0.4795116659532782,0.5274116546338646,0.48666086704364214,0.44010584032606653,0.4716529893017467,2.2921105755700006,0.4795116659532782
/home/cmantill/narrador-futbol/experiments/positions/grid_search_outputs/20260426_195856/runs/run_255_h256_objh256_te128_fu256_obj2_ff2_blocks4_drop0p1_lr0p001_wd0p0001,/home/cmantill/narrador-futbol/experiments/positions/grid_search_outputs/20260426_195856/runs/run_255_h256_objh256_te128_fu256_obj2_ff2_blocks4_drop0p1_lr0p001_wd0p0001/best_model.pt,128,256,256,256,2,2,4,0.1,0.001,0.0001,512,True,3,early_stopping_val_loss_overfit_patience_3,0.5049621407042564,0.47906862979826065,0.5120445122786951,0.5336378135421198,0.5039075052959517,0.5198923526511531,2.26530976207168,0.47906862979826065
/home/cmantill/narrador-futbol/experiments/positions/grid_search_outputs/20260426_195856/runs/run_260_h256_objh256_te128_fu256_obj2_ff4_blocks3_drop0p1_lr0p0005_wd0p0001,/home/cmantill/narrador-futbol/experiments/positions/grid_search_outputs/20260426_195856/runs/run_260_h256_objh256_te128_fu256_obj2_ff4_blocks3_drop0p1_lr0p0005_wd0p0001/best_model.pt,128,256,256,256,2,4,3,0.1,0.0005,0.0001,512,True,4,early_stopping_val_loss_overfit_patience_3,0.4926119238403293,0.4786666568364695,0.5050416903298074,0.5505292156009859,0.5099832813261422,0.5373958867405788,2.408283101187812,0.4786666568364695
/home/cmantill/narrador-futbol/experiments/positions/grid_search_outputs/20260426_195856/runs/run_293_h256_objh256_te128_fu256_obj1_ff2_blocks5_drop0p2_lr0p001_wd0p0005,/home/cmantill/narrador-futbol/experiments/positions/grid_search_outputs/20260426_195856/runs/run_293_h256_objh256_te128_fu256_obj1_ff2_blocks5_drop0p2_lr0p001_wd0p0005/best_model.pt,128,256,256,256,1,2,5,0.2,0.001,0.0005,512,True,1,early_stopping_val_macro_f1_patience_3,0.5350290377122694,0.47825995474561706,0.5266228941133391,0.5526315789473685,0.5070901690022138,0.5283904925501169,2.2381269092913025,0.47825995474561706
/home/cmantill/narrador-futbol/experiments/positions/grid_search_outputs/20260426_195856/runs/run_413_h256_objh384_te256_fu384_obj1_ff2_blocks5_drop0p2_lr0p001_wd0p0005,/home/cmantill/narrador-futbol/experiments/positions/grid_search_outputs/20260426_195856/runs/run_413_h256_objh384_te256_fu384_obj1_ff2_blocks5_drop0p2_lr0p001_wd0p0005/best_model.pt,256,384,256,384,1,2,5,0.2,0.001,0.0005,512,True,1,early_stopping_val_macro_f1_patience_3,0.518341542306844,0.47823285063527976,0.5244583708133105,0.5785123966942148,0.5389558892692361,0.5561114151672509,2.3752988047069974,0.47823285063527976
/home/cmantill/narrador-futbol/experiments/positions/grid_search_outputs/20260426_195856/runs/run_373_h256_objh384_te256_fu384_obj2_ff2_blocks3_drop0p1_lr0p001_wd0p0001,/home/cmantill/narrador-futbol/experiments/positions/grid_search_outputs/20260426_195856/runs/run_373_h256_objh384_te256_fu384_obj2_ff2_blocks3_drop0p1_lr0p001_wd0p0001/best_model.pt,256,384,256,384,2,2,3,0.1,0.001,0.0001,512,True,3,early_stopping_val_loss_overfit_patience_3,0.4934205689921341,0.4780598526781308,0.5098742337789186,0.519573727707699,0.47497880736225534,0.5035465058837547,2.7505942980448403,0.4780598526781308
/home/cmantill/narrador-futbol/experiments/positions/grid_search_outputs/20260426_195856/runs/run_439_h256_objh384_te256_fu384_obj1_ff4_blocks3_drop0p25_lr0p001_wd0p0005,/home/cmantill/narrador-futbol/experiments/positions/grid_search_outputs/20260426_195856/runs/run_439_h256_objh384_te256_fu384_obj1_ff4_blocks3_drop0p25_lr0p001_wd0p0005/best_model.pt,256,384,256,384,1,4,3,0.25,0.001,0.0005,512,True,1,early_stopping_val_macro_f1_patience_3,0.5033448504006469,0.47704093079322063,0.5189294727025022,0.5747426417282877,0.5466082771962738,0.5600583005079995,2.442563549236015,0.47704093079322063
/home/cmantill/narrador-futbol/experiments/positions/grid_search_outputs/20260426_195856/runs/run_395_h256_objh384_te256_fu384_obj1_ff4_blocks5_drop0p15_lr0p001_wd0p0001,/home/cmantill/narrador-futbol/experiments/positions/grid_search_outputs/20260426_195856/runs/run_395_h256_objh384_te256_fu384_obj1_ff4_blocks5_drop0p15_lr0p001_wd0p0001/best_model.pt,256,384,256,384,1,4,5,0.15,0.001,0.0001,512,True,1,early_stopping_val_macro_f1_patience_3,0.540248474601191,0.4757409012178528,0.5332027373010226,0.5787298825576338,0.535884840512153,0.5508220921666186,2.4098901240913957,0.4757409012178528
/home/cmantill/narrador-futbol/experiments/positions/grid_search_outputs/20260426_195856/runs/run_369_h256_objh384_te256_fu384_obj1_ff4_blocks4_drop0p1_lr0p001_wd0p0001,/home/cmantill/narrador-futbol/experiments/positions/grid_search_outputs/20260426_195856/runs/run_369_h256_objh384_te256_fu384_obj1_ff4_blocks4_drop0p1_lr0p001_wd0p0001/best_model.pt,256,384,256,384,1,4,4,0.1,0.001,0.0001,512,True,1,early_stopping_val_macro_f1_patience_3,0.5478938469455267,0.4752344896167051,0.538841365689549,0.5355226910250833,0.49035501787369057,0.5185634640627154,2.654829912715488,0.4752344896167051
/home/cmantill/narrador-futbol/experiments/positions/grid_search_outputs/20260426_195856/runs/run_425_h256_objh384_te256_fu384_obj2_ff2_blocks5_drop0p2_lr0p001_wd0p0005,/home/cmantill/narrador-futbol/experiments/positions/grid_search_outputs/20260426_195856/runs/run_425_h256_objh384_te256_fu384_obj2_ff2_blocks5_drop0p2_lr0p001_wd0p0005/best_model.pt,256,384,256,384,2,2,5,0.2,0.001,0.0005,512,True,2,early_stopping_val_loss_overfit_patience_3,0.5173123575681835,0.47507403325746567,0.513385248475261,0.5620559663621865,0.521082152927605,0.5402463588975538,1.9764357253357216,0.47507403325746567
/home/cmantill/narrador-futbol/experiments/positions/grid_search_outputs/20260426_195856/runs/run_377_h256_objh384_te256_fu384_obj2_ff2_blocks5_drop0p1_lr0p001_wd0p0001,/home/cmantill/narrador-futbol/experiments/positions/grid_search_outputs/20260426_195856/runs/run_377_h256_objh384_te256_fu384_obj2_ff2_blocks5_drop0p1_lr0p001_wd0p0001/best_model.pt,256,384,256,384,2,2,5,0.1,0.001,0.0001,512,True,4,early_stopping_val_loss_overfit_patience_3,0.5337058001911343,0.47403027513937884,0.5214901030548192,0.5146440481368711,0.5045609730906437,0.5089855313033491,2.7752043273713856,0.47403027513937884
/home/cmantill/narrador-futbol/experiments/positions/grid_search_outputs/20260426_195856/runs/run_465_h256_objh384_te256_fu384_obj1_ff4_blocks4_drop0p3_lr0p001_wd0p001,/home/cmantill/narrador-futbol/experiments/positions/grid_search_outputs/20260426_195856/runs/run_465_h256_objh384_te256_fu384_obj1_ff4_blocks4_drop0p3_lr0p001_wd0p001/best_model.pt,256,384,256,384,1,4,4,0.3,0.001,0.001,512,True,1,early_stopping_val_macro_f1_patience_3,0.5394398294493862,0.4694680104348014,0.5304286170600158,0.5639408438451501,0.5072499327866103,0.5287770188311607,2.7429125750506365,0.4694680104348014
/home/cmantill/narrador-futbol/experiments/positions/grid_search_outputs/20260426_195856/runs/run_411_h256_objh384_te256_fu384_obj1_ff2_blocks4_drop0p2_lr0p001_wd0p0005,/home/cmantill/narrador-futbol/experiments/positions/grid_search_outputs/20260426_195856/runs/run_411_h256_objh384_te256_fu384_obj1_ff2_blocks4_drop0p2_lr0p001_wd0p0005/best_model.pt,256,384,256,384,1,2,4,0.2,0.001,0.0005,512,True,1,early_stopping_val_macro_f1_patience_3,0.5176064103506579,0.4691109661249521,0.5182720297518941,0.5972886762360446,0.5690432460033439,0.5870122879422968,2.352967096699609,0.4691109661249521
/home/cmantill/narrador-futbol/experiments/positions/grid_search_outputs/20260426_195856/runs/run_441_h256_objh384_te256_fu384_obj1_ff4_blocks4_drop0p25_lr0p001_wd0p0005,/home/cmantill/narrador-futbol/experiments/positions/grid_search_outputs/20260426_195856/runs/run_441_h256_objh384_te256_fu384_obj1_ff4_blocks4_drop0p25_lr0p001_wd0p0005/best_model.pt,256,384,256,384,1,4,4,0.25,0.001,0.0005,512,True,1,early_stopping_val_macro_f1_patience_3,0.5439241343821216,0.4652135691330655,0.5262288117984222,0.5764100333478324,0.5174447455799771,0.5391388605400464,2.8954530733603017,0.4652135691330655
/home/cmantill/narrador-futbol/experiments/positions/grid_search_outputs/20260426_195856/runs/run_443_h256_objh384_te256_fu384_obj1_ff4_blocks5_drop0p25_lr0p001_wd0p0005,/home/cmantill/narrador-futbol/experiments/positions/grid_search_outputs/20260426_195856/runs/run_443_h256_objh384_te256_fu384_obj1_ff4_blocks5_drop0p25_lr0p001_wd0p0005/best_model.pt,256,384,256,384,1,4,5,0.25,0.001,0.0005,512,True,2,early_stopping_val_loss_overfit_patience_3,0.5188561346761744,0.4638986197333175,0.5188011576090378,0.5497317674351168,0.5155633483474511,0.531146703127977,2.5380030473073325,0.4638986197333175
/home/cmantill/narrador-futbol/experiments/positions/grid_search_outputs/20260426_195856/runs/run_259_h256_objh256_te128_fu256_obj2_ff4_blocks3_drop0p1_lr0p001_wd0p0001,/home/cmantill/narrador-futbol/experiments/positions/grid_search_outputs/20260426_195856/runs/run_259_h256_objh256_te128_fu256_obj2_ff4_blocks3_drop0p1_lr0p001_wd0p0001/best_model.pt,128,256,256,256,2,4,3,0.1,0.001,0.0001,512,True,1,early_stopping_val_macro_f1_patience_3,0.4962140704256414,0.4633626911107465,0.499297039721704,0.5290706104103233,0.512992009991168,0.5238124763266149,2.8034249676598444,0.4633626911107465
/home/cmantill/narrador-futbol/experiments/positions/grid_search_outputs/20260426_195856/runs/run_305_h256_objh256_te128_fu256_obj2_ff2_blocks5_drop0p2_lr0p001_wd0p0005,/home/cmantill/narrador-futbol/experiments/positions/grid_search_outputs/20260426_195856/runs/run_305_h256_objh256_te128_fu256_obj2_ff2_blocks5_drop0p2_lr0p001_wd0p0005/best_model.pt,128,256,256,256,2,2,5,0.2,0.001,0.0005,512,True,4,early_stopping_val_loss_overfit_patience_3,0.4863633022127472,0.4617218908624499,0.5008147972221312,0.5311729737567058,0.4985538317377744,0.5201743687768448,2.321159961046996,0.4617218908624499
/home/cmantill/narrador-futbol/experiments/positions/grid_search_outputs/20260426_195856/runs/run_401_h256_objh384_te256_fu384_obj2_ff2_blocks5_drop0p15_lr0p001_wd0p0001,/home/cmantill/narrador-futbol/experiments/positions/grid_search_outputs/20260426_195856/runs/run_401_h256_objh384_te256_fu384_obj2_ff2_blocks5_drop0p15_lr0p001_wd0p0001/best_model.pt,256,384,256,384,2,2,5,0.15,0.001,0.0001,512,True,3,early_stopping_val_loss_overfit_patience_3,0.48026170697640225,0.46084991187978785,0.4898822645442527,0.5140640858344208,0.4731181447790331,0.4977862223489106,2.6072670971905745,0.46084991187978785
/home/cmantill/narrador-futbol/experiments/positions/grid_search_outputs/20260426_195856/runs/run_435_h256_objh384_te256_fu384_obj1_ff2_blocks4_drop0p25_lr0p001_wd0p0005,/home/cmantill/narrador-futbol/experiments/positions/grid_search_outputs/20260426_195856/runs/run_435_h256_objh384_te256_fu384_obj1_ff2_blocks4_drop0p25_lr0p001_wd0p0005/best_model.pt,256,384,256,384,1,2,4,0.25,0.001,0.0005,512,True,4,early_stopping_val_loss_overfit_patience_3,0.5285598764978313,0.459833782874726,0.5206132966786271,0.5227635203711759,0.4803668136541481,0.5070528482948573,2.3620226692270347,0.459833782874726
/home/cmantill/narrador-futbol/experiments/positions/grid_search_outputs/20260426_195856/runs/run_367_h256_objh384_te256_fu384_obj1_ff4_blocks3_drop0p1_lr0p001_wd0p0001,/home/cmantill/narrador-futbol/experiments/positions/grid_search_outputs/20260426_195856/runs/run_367_h256_objh384_te256_fu384_obj1_ff4_blocks3_drop0p1_lr0p001_wd0p0001/best_model.pt,256,384,256,384,1,4,3,0.1,0.001,0.0001,512,True,1,early_stopping_val_macro_f1_patience_3,0.5058442990516798,0.4588515056615799,0.5059928959779253,0.5444396114252573,0.5042786993656534,0.5202170375566295,2.33534464791969,0.4588515056615799
/home/cmantill/narrador-futbol/experiments/positions/grid_search_outputs/20260426_195856/runs/run_389_h256_objh384_te256_fu384_obj1_ff2_blocks5_drop0p15_lr0p001_wd0p0001,/home/cmantill/narrador-futbol/experiments/positions/grid_search_outputs/20260426_195856/runs/run_389_h256_objh384_te256_fu384_obj1_ff2_blocks5_drop0p15_lr0p001_wd0p0001/best_model.pt,256,384,256,384,1,2,5,0.15,0.001,0.0001,512,True,1,early_stopping_val_macro_f1_patience_3,0.49702271557744615,0.457420293119692,0.5008616569407649,0.5824271422357546,0.5470238684898255,0.565607899418852,2.3241603242026434,0.457420293119692
/home/cmantill/narrador-futbol/experiments/positions/grid_search_outputs/20260426_195856/runs/run_415_h256_objh384_te256_fu384_obj1_ff4_blocks3_drop0p2_lr0p001_wd0p0005,/home/cmantill/narrador-futbol/experiments/positions/grid_search_outputs/20260426_195856/runs/run_415_h256_objh384_te256_fu384_obj1_ff4_blocks3_drop0p2_lr0p001_wd0p0005/best_model.pt,256,384,256,384,1,4,3,0.2,0.001,0.0005,512,True,1,early_stopping_val_macro_f1_patience_3,0.5026097184444608,0.45699470094414973,0.506708343450638,0.5638683485573438,0.5377292737349983,0.5531826504296894,2.4431090421146817,0.45699470094414973
/home/cmantill/narrador-futbol/experiments/positions/grid_search_outputs/20260426_195856/runs/run_253_h256_objh256_te128_fu256_obj2_ff2_blocks3_drop0p1_lr0p001_wd0p0001,/home/cmantill/narrador-futbol/experiments/positions/grid_search_outputs/20260426_195856/runs/run_253_h256_objh256_te128_fu256_obj2_ff2_blocks3_drop0p1_lr0p001_wd0p0001/best_model.pt,128,256,256,256,2,2,3,0.1,0.001,0.0001,512,True,2,early_stopping_val_loss_overfit_patience_3,0.4798206278026906,0.4490613356617091,0.49401682350745646,0.548064375815572,0.5081230515133464,0.5370319619821456,2.535630367420338,0.4490613356617091
