video_source,video_filename,video_stem,video_path,tracks_json_path,summary_json_path,updated_at_utc,n_tracks,num_tracks,mean_coverage,median_coverage,25_coverage,mean_fragments,median_fragments,mean_gap_len_mean,median_gap_len_mean,pct_tracks_with_fragments,mean_speed,mean_mean_speed,max_speed,mean_max_speed,mean_team_flip_rate,mean_team_flip_dynamic,entropy,color_var,color_diff,bbox_size,confidence,ball_coverage,ball_tracks,position_role_online_applied,special_seed_processed_frames,special_seed_frames_with_role_predictions,special_seed_position_role_frame_predictions,special_seed_position_role_player_predictions,special_seed_special_seed_assigned_frames,special_seed_special_seed_carry_frames,special_seed_special_seed_unassigned_frames,special_seed_stable_role_tracks_frozen,special_seed_special_ids
/home/cmantill/.cache/kagglehub/datasets/saberghaderi/-dfl-bundesliga-460-mp4-videos-in-30sec-csv/versions/1/DFL Bundesliga Data Shootout/test/test (10).mp4,test (10).mp4,test (10),/home/cmantill/.cache/kagglehub/datasets/saberghaderi/-dfl-bundesliga-460-mp4-videos-in-30sec-csv/versions/1/DFL Bundesliga Data Shootout/test/test (10).mp4,/home/cmantill/narrador-futbol/output/tracks_json/tracker/test_10_tracks.json,/home/cmantill/narrador-futbol/output/tracks_json/tracker/test_10_summary.json,2026-03-13T12:37:04.426084+00:00,25,22,0.5338787878787878,0.5720000000000001,0.45166666666666666,25.863636363636363,24.0,10.965109291816464,10.213557993730408,0.9545454545454546,2.834412599064102,2.6698165997801926,52.899840892824756,20.267178019382197,0.0,0.0,-1.4428232973175175e-12,77.83222413070912,3.858682991752737,0.30204329735768026,0.7214262615010302,,,,,,,,,,,,
/home/cmantill/.cache/kagglehub/datasets/saberghaderi/-dfl-bundesliga-460-mp4-videos-in-30sec-csv/versions/1/DFL Bundesliga Data Shootout/test/test (17).mp4,test (17).mp4,test (17),/home/cmantill/.cache/kagglehub/datasets/saberghaderi/-dfl-bundesliga-460-mp4-videos-in-30sec-csv/versions/1/DFL Bundesliga Data Shootout/test/test (17).mp4,/home/cmantill/narrador-futbol/output/tracks_json/tracker/test_17_tracks.json,/home/cmantill/narrador-futbol/output/tracks_json/tracker/test_17_summary.json,2026-03-13T12:38:22.512182+00:00,22,22,0.648,0.7293333333333334,0.577,25.09090909090909,25.0,8.677096120515053,7.153333333333333,1.0,3.2447979340722988,4.224526418510307,67.80894133595578,39.53460958041853,0.0,0.0,-1.4428232973175175e-12,240.41476556520757,4.997035336268519,0.673254582618868,0.7259398512435428,,,,,,,,,,,,
/home/cmantill/.cache/kagglehub/datasets/saberghaderi/-dfl-bundesliga-460-mp4-videos-in-30sec-csv/versions/1/DFL Bundesliga Data Shootout/test/test (19).mp4,test (19).mp4,test (19),/home/cmantill/.cache/kagglehub/datasets/saberghaderi/-dfl-bundesliga-460-mp4-videos-in-30sec-csv/versions/1/DFL Bundesliga Data Shootout/test/test (19).mp4,/home/cmantill/narrador-futbol/output/tracks_json/tracker/test_19_tracks.json,/home/cmantill/narrador-futbol/output/tracks_json/tracker/test_19_summary.json,2026-03-13T12:41:16.471510+00:00,23,22,0.39236363636363636,0.464,0.405,29.136363636363637,29.0,9.596619239178336,9.901020986954055,0.8181818181818182,4.0707035890391925,3.6904588494313333,1039.2326414696818,134.22296427048457,0.0,0.0,-1.4428232973175175e-12,96.44032462948107,3.839247364036162,0.27038298883263623,0.7789079691639057,,,,,,,,,,,,
/home/cmantill/.cache/kagglehub/datasets/saberghaderi/-dfl-bundesliga-460-mp4-videos-in-30sec-csv/versions/1/DFL Bundesliga Data Shootout/test/test (21).mp4,test (21).mp4,test (21),/home/cmantill/.cache/kagglehub/datasets/saberghaderi/-dfl-bundesliga-460-mp4-videos-in-30sec-csv/versions/1/DFL Bundesliga Data Shootout/test/test (21).mp4,/home/cmantill/narrador-futbol/output/tracks_json/tracker/test_21_tracks.json,/home/cmantill/narrador-futbol/output/tracks_json/tracker/test_21_summary.json,2026-03-13T12:44:14.349385+00:00,24,22,0.6725454545454546,0.684,0.6013333333333333,22.727272727272727,23.5,11.478800478436028,9.253846153846155,1.0,2.4676268893959152,2.453561644856225,27.400927229847053,16.05253727827011,0.0,0.0,-1.4428232973175175e-12,229.87239062019324,5.498494870249155,0.29434658901205163,0.7673099506288875,,,,,,,,,,,,
/home/cmantill/.cache/kagglehub/datasets/saberghaderi/-dfl-bundesliga-460-mp4-videos-in-30sec-csv/versions/1/DFL Bundesliga Data Shootout/test/test (23).mp4,test (23).mp4,test (23),/home/cmantill/.cache/kagglehub/datasets/saberghaderi/-dfl-bundesliga-460-mp4-videos-in-30sec-csv/versions/1/DFL Bundesliga Data Shootout/test/test (23).mp4,/home/cmantill/narrador-futbol/output/tracks_json/tracker/test_23_tracks.json,/home/cmantill/narrador-futbol/output/tracks_json/tracker/test_23_summary.json,2026-03-13T12:45:26.157494+00:00,24,22,0.645090909090909,0.6886666666666668,0.5363333333333333,26.181818181818183,24.5,11.21838596820675,8.542448979591835,1.0,2.451504327507195,2.4663198689227395,52.2592287323406,14.30168274822074,0.0,0.0,-1.4428232973175175e-12,169.6955370270222,4.304698518756073,0.2731006626608821,0.7678275978133758,,,,,,,,,,,,
/home/cmantill/.cache/kagglehub/datasets/saberghaderi/-dfl-bundesliga-460-mp4-videos-in-30sec-csv/versions/1/DFL Bundesliga Data Shootout/test/test (24).mp4,test (24).mp4,test (24),/home/cmantill/.cache/kagglehub/datasets/saberghaderi/-dfl-bundesliga-460-mp4-videos-in-30sec-csv/versions/1/DFL Bundesliga Data Shootout/test/test (24).mp4,/home/cmantill/narrador-futbol/output/tracks_json/tracker/test_24_tracks.json,/home/cmantill/narrador-futbol/output/tracks_json/tracker/test_24_summary.json,2026-03-13T12:48:57.209161+00:00,22,22,0.648,0.7293333333333334,0.577,25.09090909090909,25.0,8.677096120515053,7.153333333333333,1.0,3.2447979340722988,4.224526418510307,67.80894133595578,39.53460958041853,0.0,0.0,-1.4428232973175175e-12,240.41476556520757,4.997035336268519,0.673254582618868,0.7259398512435428,,,,,,,,,,,,
/home/cmantill/.cache/kagglehub/datasets/saberghaderi/-dfl-bundesliga-460-mp4-videos-in-30sec-csv/versions/1/DFL Bundesliga Data Shootout/test/test (25).mp4,test (25).mp4,test (25),/home/cmantill/.cache/kagglehub/datasets/saberghaderi/-dfl-bundesliga-460-mp4-videos-in-30sec-csv/versions/1/DFL Bundesliga Data Shootout/test/test (25).mp4,/home/cmantill/narrador-futbol/output/tracks_json/tracker/test_25_tracks.json,/home/cmantill/narrador-futbol/output/tracks_json/tracker/test_25_summary.json,2026-03-13T12:50:02.037040+00:00,25,22,0.31672727272727275,0.304,0.044333333333333336,22.59090909090909,24.0,9.319746814580169,7.873211446740858,0.7272727272727273,3.4735821054627007,2.7464114958512122,51.13642442439133,18.424590311501984,0.0,0.0,-1.4428232973175175e-12,177.51922051606982,5.302066179751013,0.2651676480239512,0.6944027800622685,,,,,,,,,,,,
/home/cmantill/.cache/kagglehub/datasets/saberghaderi/-dfl-bundesliga-460-mp4-videos-in-30sec-csv/versions/1/DFL Bundesliga Data Shootout/test/test (28).mp4,test (28).mp4,test (28),/home/cmantill/.cache/kagglehub/datasets/saberghaderi/-dfl-bundesliga-460-mp4-videos-in-30sec-csv/versions/1/DFL Bundesliga Data Shootout/test/test (28).mp4,/home/cmantill/narrador-futbol/output/tracks_json/tracker/test_28_tracks.json,/home/cmantill/narrador-futbol/output/tracks_json/tracker/test_28_summary.json,2026-03-13T12:51:50.751718+00:00,23,22,0.3926666666666666,0.4673333333333334,0.405,29.227272727272727,28.0,9.619816174946928,9.140151515151516,0.8181818181818182,4.102313445760036,3.6934296173352448,1039.2326414696818,132.66509033400453,0.0,0.0,-1.4428232973175175e-12,97.72647622762379,3.811725388786534,0.2714409788762578,0.7779860912958487,,,,,,,,,,,,
/home/cmantill/.cache/kagglehub/datasets/saberghaderi/-dfl-bundesliga-460-mp4-videos-in-30sec-csv/versions/1/DFL Bundesliga Data Shootout/test/test (3).mp4,test (3).mp4,test (3),/home/cmantill/.cache/kagglehub/datasets/saberghaderi/-dfl-bundesliga-460-mp4-videos-in-30sec-csv/versions/1/DFL Bundesliga Data Shootout/test/test (3).mp4,/home/cmantill/narrador-futbol/output/tracks_json/tracker/test_3_tracks.json,/home/cmantill/narrador-futbol/output/tracks_json/tracker/test_3_summary.json,2026-03-13T12:13:12.170968+00:00,25,22,0.4913939393939394,0.5646666666666667,0.448,11.954545454545455,12.5,29.851103841119322,23.8,0.9545454545454546,2.031109160673659,1.9252393248716897,350.8435342532617,53.97847947044143,0.0,0.0,-1.4428232973175175e-12,34.68419679052919,2.846229997263727,0.2819774068882595,0.8094363724230837,,,,,,,,,,,,
/home/cmantill/.cache/kagglehub/datasets/saberghaderi/-dfl-bundesliga-460-mp4-videos-in-30sec-csv/versions/1/DFL Bundesliga Data Shootout/test/test (30).mp4,test (30).mp4,test (30),/home/cmantill/.cache/kagglehub/datasets/saberghaderi/-dfl-bundesliga-460-mp4-videos-in-30sec-csv/versions/1/DFL Bundesliga Data Shootout/test/test (30).mp4,/home/cmantill/narrador-futbol/output/tracks_json/tracker/test_30_tracks.json,/home/cmantill/narrador-futbol/output/tracks_json/tracker/test_30_summary.json,2026-03-13T12:57:02.571804+00:00,25,22,0.5623030303030304,0.5373333333333333,0.32366666666666666,21.772727272727273,21.5,9.390247918105462,6.413461538461538,0.9545454545454546,2.362113586116508,2.329504793919458,42.12652712087524,14.021882502428474,0.0,0.0,-1.4428232973175175e-12,27.370093631513246,3.4141327054179977,0.3013458497885384,0.7517209725665747,,,,,,,,,,,,
/home/cmantill/.cache/kagglehub/datasets/saberghaderi/-dfl-bundesliga-460-mp4-videos-in-30sec-csv/versions/1/DFL Bundesliga Data Shootout/test/test (31).mp4,test (31).mp4,test (31),/home/cmantill/.cache/kagglehub/datasets/saberghaderi/-dfl-bundesliga-460-mp4-videos-in-30sec-csv/versions/1/DFL Bundesliga Data Shootout/test/test (31).mp4,/home/cmantill/narrador-futbol/output/tracks_json/tracker/test_31_tracks.json,/home/cmantill/narrador-futbol/output/tracks_json/tracker/test_31_summary.json,2026-03-13T12:55:47.991116+00:00,25,22,0.31672727272727275,0.304,0.044333333333333336,22.59090909090909,24.0,9.319746814580169,7.873211446740858,0.7272727272727273,3.4735821054627007,2.7464114958512122,51.13642442439133,18.424590311501984,0.0,0.0,-1.4428232973175175e-12,177.51922051606982,5.302066179751013,0.2651676480239512,0.6944027800622685,,,,,,,,,,,,
/home/cmantill/.cache/kagglehub/datasets/saberghaderi/-dfl-bundesliga-460-mp4-videos-in-30sec-csv/versions/1/DFL Bundesliga Data Shootout/test/test (32).mp4,test (32).mp4,test (32),/home/cmantill/.cache/kagglehub/datasets/saberghaderi/-dfl-bundesliga-460-mp4-videos-in-30sec-csv/versions/1/DFL Bundesliga Data Shootout/test/test (32).mp4,/home/cmantill/narrador-futbol/output/tracks_json/tracker/test_32_tracks.json,/home/cmantill/narrador-futbol/output/tracks_json/tracker/test_32_summary.json,2026-03-13T12:58:18.079783+00:00,25,21,0.41892063492063486,0.444,0.364,51.61904761904762,52.0,22.514314038515103,7.0588235294117645,0.9523809523809523,2.292489927692923,2.257146265320769,23.40014979962169,12.325357048255553,0.0,0.0,-1.4428232973175173e-12,66.9146722959191,3.6264045830223575,0.2791937579808964,0.7478787349433309,,,,,,,,,,,,
/home/cmantill/.cache/kagglehub/datasets/saberghaderi/-dfl-bundesliga-460-mp4-videos-in-30sec-csv/versions/1/DFL Bundesliga Data Shootout/test/test (33).mp4,test (33).mp4,test (33),/home/cmantill/.cache/kagglehub/datasets/saberghaderi/-dfl-bundesliga-460-mp4-videos-in-30sec-csv/versions/1/DFL Bundesliga Data Shootout/test/test (33).mp4,/home/cmantill/narrador-futbol/output/tracks_json/tracker/test_33_tracks.json,/home/cmantill/narrador-futbol/output/tracks_json/tracker/test_33_summary.json,2026-03-13T13:03:19.946658+00:00,25,22,0.5487272727272727,0.5746666666666667,0.49033333333333334,30.863636363636363,30.0,11.021452542295346,9.614285714285714,1.0,3.3107921745992446,3.2454727955240923,27.960619869707003,18.775464322884332,0.0,0.0,-1.4428232973175175e-12,149.7647959376152,3.9926250771369634,0.3135096111094853,0.7734266514593525,,,,,,,,,,,,
/home/cmantill/.cache/kagglehub/datasets/saberghaderi/-dfl-bundesliga-460-mp4-videos-in-30sec-csv/versions/1/DFL Bundesliga Data Shootout/test/test (34).mp4,test (34).mp4,test (34),/home/cmantill/.cache/kagglehub/datasets/saberghaderi/-dfl-bundesliga-460-mp4-videos-in-30sec-csv/versions/1/DFL Bundesliga Data Shootout/test/test (34).mp4,/home/cmantill/narrador-futbol/output/tracks_json/tracker/test_34_tracks.json,/home/cmantill/narrador-futbol/output/tracks_json/tracker/test_34_summary.json,2026-03-13T13:04:14.928140+00:00,23,22,0.33818181818181814,0.252,0.161,23.363636363636363,27.0,11.858065703748633,8.075184275184276,0.7727272727272727,2.9515319734753533,3.0070044096095185,48.68838373437492,15.773104293306837,0.0,0.0,-1.4428232973175175e-12,137.63795680272372,4.76645913904924,0.3201463561118585,0.7711883541132489,,,,,,,,,,,,
/home/cmantill/.cache/kagglehub/datasets/saberghaderi/-dfl-bundesliga-460-mp4-videos-in-30sec-csv/versions/1/DFL Bundesliga Data Shootout/test/test (35).mp4,test (35).mp4,test (35),/home/cmantill/.cache/kagglehub/datasets/saberghaderi/-dfl-bundesliga-460-mp4-videos-in-30sec-csv/versions/1/DFL Bundesliga Data Shootout/test/test (35).mp4,/home/cmantill/narrador-futbol/output/tracks_json/tracker/test_35_tracks.json,/home/cmantill/narrador-futbol/output/tracks_json/tracker/test_35_summary.json,2026-03-13T13:05:51.166486+00:00,25,22,0.5487272727272727,0.5746666666666667,0.49033333333333334,30.863636363636363,30.0,11.021452542295346,9.614285714285714,1.0,3.3107921745992446,3.2454727955240923,27.960619869707003,18.775464322884332,0.0,0.0,-1.4428232973175175e-12,149.7647959376152,3.9926250771369634,0.3135096111094853,0.7734266514593525,,,,,,,,,,,,
/home/cmantill/.cache/kagglehub/datasets/saberghaderi/-dfl-bundesliga-460-mp4-videos-in-30sec-csv/versions/1/DFL Bundesliga Data Shootout/test/test (4).mp4,test (4).mp4,test (4),/home/cmantill/.cache/kagglehub/datasets/saberghaderi/-dfl-bundesliga-460-mp4-videos-in-30sec-csv/versions/1/DFL Bundesliga Data Shootout/test/test (4).mp4,/home/cmantill/narrador-futbol/output/tracks_json/tracker/test_4_tracks.json,/home/cmantill/narrador-futbol/output/tracks_json/tracker/test_4_summary.json,2026-03-13T12:25:49.799973+00:00,25,22,0.570121212121212,0.6466666666666666,0.578,45.18181818181818,49.5,4.403046494185075,4.438690476190477,0.9545454545454546,2.6324227067608628,2.34234407257987,30.196413803760816,14.747351310644511,0.0,0.0,-1.4428232973175175e-12,24.737587296296862,3.136718644726321,0.2831878651295807,0.7929899382989561,,,,,,,,,,,,
/home/cmantill/.cache/kagglehub/datasets/saberghaderi/-dfl-bundesliga-460-mp4-videos-in-30sec-csv/versions/1/DFL Bundesliga Data Shootout/test/test (5).mp4,test (5).mp4,test (5),/home/cmantill/.cache/kagglehub/datasets/saberghaderi/-dfl-bundesliga-460-mp4-videos-in-30sec-csv/versions/1/DFL Bundesliga Data Shootout/test/test (5).mp4,/home/cmantill/narrador-futbol/output/tracks_json/tracker/test_5_tracks.json,/home/cmantill/narrador-futbol/output/tracks_json/tracker/test_5_summary.json,2026-03-13T12:25:01.758500+00:00,23,22,0.5658787878787878,0.6066666666666667,0.54,41.04545454545455,44.5,7.543330123306916,6.524364406779661,0.9545454545454546,2.803038922481238,2.667827937989168,22.604434821776696,13.679409640778012,0.0,0.0,-1.4428232973175175e-12,113.69871376041054,3.476814344473453,0.277062702680558,0.7802760617529141,,,,,,,,,,,,
/home/cmantill/.cache/kagglehub/datasets/saberghaderi/-dfl-bundesliga-460-mp4-videos-in-30sec-csv/versions/1/DFL Bundesliga Data Shootout/test/test (6).mp4,test (6).mp4,test (6),/home/cmantill/.cache/kagglehub/datasets/saberghaderi/-dfl-bundesliga-460-mp4-videos-in-30sec-csv/versions/1/DFL Bundesliga Data Shootout/test/test (6).mp4,/home/cmantill/narrador-futbol/output/tracks_json/tracker/test_6_tracks.json,/home/cmantill/narrador-futbol/output/tracks_json/tracker/test_6_summary.json,2026-03-13T12:24:50.954775+00:00,24,22,0.3601818181818181,0.41933333333333334,0.3526666666666667,50.40909090909091,59.0,27.945804517355008,6.388549057988745,0.9545454545454546,2.569839557199774,2.367209155518432,64.53987881153795,17.289623134231885,0.0,0.0,-1.4428232973175175e-12,87.22784336507424,4.994190074556051,0.26252790420772293,0.7690466010716371,,,,,,,,,,,,
/home/cmantill/.cache/kagglehub/datasets/saberghaderi/-dfl-bundesliga-460-mp4-videos-in-30sec-csv/versions/1/DFL Bundesliga Data Shootout/test/test (7).mp4,test (7).mp4,test (7),/home/cmantill/.cache/kagglehub/datasets/saberghaderi/-dfl-bundesliga-460-mp4-videos-in-30sec-csv/versions/1/DFL Bundesliga Data Shootout/test/test (7).mp4,/home/cmantill/narrador-futbol/output/tracks_json/tracker/test_7_tracks.json,/home/cmantill/narrador-futbol/output/tracks_json/tracker/test_7_summary.json,2026-03-13T12:30:48.070941+00:00,25,22,0.6659999999999999,0.6679999999999999,0.586,20.363636363636363,20.0,10.57830082335614,8.044969512195122,0.9545454545454546,1.8579349214926106,1.8416547571550048,22.24844550913483,10.8207077593335,0.0,0.0,-1.4428232973175175e-12,61.03193593278158,3.2309375938188367,0.225810308176433,0.7512130064117968,,,,,,,,,,,,
/home/cmantill/.cache/kagglehub/datasets/saberghaderi/-dfl-bundesliga-460-mp4-videos-in-30sec-csv/versions/1/DFL Bundesliga Data Shootout/test/test (8).mp4,test (8).mp4,test (8),/home/cmantill/.cache/kagglehub/datasets/saberghaderi/-dfl-bundesliga-460-mp4-videos-in-30sec-csv/versions/1/DFL Bundesliga Data Shootout/test/test (8).mp4,/home/cmantill/narrador-futbol/output/tracks_json/tracker/test_8_tracks.json,/home/cmantill/narrador-futbol/output/tracks_json/tracker/test_8_summary.json,2026-03-13T12:29:55.054274+00:00,23,22,0.3258787878787878,0.32199999999999995,0.16633333333333333,13.954545454545455,13.0,27.5491809071249,22.3122009569378,0.8636363636363636,0.8509797214125506,0.8158045796491088,30.170576606943385,9.213885732422865,0.0,0.0,-1.4428232973175175e-12,49.13615583971082,3.512653804848575,0.2079217287680026,0.624252834928393,,,,,,,,,,,,
/home/cmantill/.cache/kagglehub/datasets/saberghaderi/-dfl-bundesliga-460-mp4-videos-in-30sec-csv/versions/1/DFL Bundesliga Data Shootout/test/test (9).mp4,test (9).mp4,test (9),/home/cmantill/.cache/kagglehub/datasets/saberghaderi/-dfl-bundesliga-460-mp4-videos-in-30sec-csv/versions/1/DFL Bundesliga Data Shootout/test/test (9).mp4,/home/cmantill/narrador-futbol/output/tracks_json/tracker/test_9_tracks.json,/home/cmantill/narrador-futbol/output/tracks_json/tracker/test_9_summary.json,2026-03-13T12:34:53.519819+00:00,24,22,0.5722424242424242,0.5733333333333334,0.4923333333333333,33.68181818181818,34.5,9.55937789781522,8.904220779220779,1.0,2.8535272280493325,2.8425793107528086,52.42373984164629,18.232121519110848,0.0,0.0,-1.4428232973175175e-12,85.6953417755323,4.615821974727597,0.30217071754481867,0.7689359259442246,,,,,,,,,,,,
/home/cmantill/.cache/kagglehub/datasets/saberghaderi/-dfl-bundesliga-460-mp4-videos-in-30sec-csv/versions/1/DFL Bundesliga Data Shootout/train/A1606b0e6_0/A1606b0e6_0 (1).mp4,A1606b0e6_0 (1).mp4,A1606b0e6_0 (1),/home/cmantill/.cache/kagglehub/datasets/saberghaderi/-dfl-bundesliga-460-mp4-videos-in-30sec-csv/versions/1/DFL Bundesliga Data Shootout/train/A1606b0e6_0/A1606b0e6_0 (1).mp4,/home/cmantill/narrador-futbol/output/tracks_json/tracker/A1606b0e6_0_1_tracks.json,/home/cmantill/narrador-futbol/output/tracks_json/tracker/A1606b0e6_0_1_summary.json,2026-03-13T13:09:25.010648+00:00,25,22,0.45642424242424245,0.5073333333333334,0.41933333333333334,21.545454545454547,24.5,43.96323023514565,10.50189393939394,0.9090909090909091,1.1279402380889254,1.0013329696699744,348.23828438163844,72.32340117729889,0.0,0.0,-1.4428232973175175e-12,80.16263614123096,3.8040189066584476,0.2043127656637243,0.5854048836218897,,,,,,,,,,,,
/home/cmantill/.cache/kagglehub/datasets/saberghaderi/-dfl-bundesliga-460-mp4-videos-in-30sec-csv/versions/1/DFL Bundesliga Data Shootout/train/A1606b0e6_0/A1606b0e6_0 (10).mp4,A1606b0e6_0 (10).mp4,A1606b0e6_0 (10),/home/cmantill/.cache/kagglehub/datasets/saberghaderi/-dfl-bundesliga-460-mp4-videos-in-30sec-csv/versions/1/DFL Bundesliga Data Shootout/train/A1606b0e6_0/A1606b0e6_0 (10).mp4,/home/cmantill/narrador-futbol/output/tracks_json/tracker/A1606b0e6_0_10_tracks.json,/home/cmantill/narrador-futbol/output/tracks_json/tracker/A1606b0e6_0_10_summary.json,2026-03-13T13:30:48.497639+00:00,25,22,0.7434545454545455,0.7406666666666666,0.6266666666666667,10.136363636363637,9.5,18.921725433657254,14.833333333333332,1.0,3.5035764203191775,3.479050607511999,36.270869651230896,22.327322376623542,0.0,0.0,-1.4428232973175175e-12,34.88698357242,2.6195152169557945,0.4075171771833506,0.8246492990475922,,,,,,,,,,,,
/home/cmantill/.cache/kagglehub/datasets/saberghaderi/-dfl-bundesliga-460-mp4-videos-in-30sec-csv/versions/1/DFL Bundesliga Data Shootout/train/A1606b0e6_0/A1606b0e6_0 (11).mp4,A1606b0e6_0 (11).mp4,A1606b0e6_0 (11),/home/cmantill/.cache/kagglehub/datasets/saberghaderi/-dfl-bundesliga-460-mp4-videos-in-30sec-csv/versions/1/DFL Bundesliga Data Shootout/train/A1606b0e6_0/A1606b0e6_0 (11).mp4,/home/cmantill/narrador-futbol/output/tracks_json/tracker/A1606b0e6_0_11_tracks.json,/home/cmantill/narrador-futbol/output/tracks_json/tracker/A1606b0e6_0_11_summary.json,2026-03-13T13:32:25.579167+00:00,25,21,0.7967619047619048,0.8546666666666667,0.756,20.714285714285715,20.0,5.015436696090367,5.0,1.0,2.402156033776471,2.4073528673610793,58.810139444836786,18.833179511184678,0.0,0.0,-1.4428232973175173e-12,25.194622782440412,2.223500425641192,0.4463618066737459,0.7721584014565004,,,,,,,,,,,,
/home/cmantill/.cache/kagglehub/datasets/saberghaderi/-dfl-bundesliga-460-mp4-videos-in-30sec-csv/versions/1/DFL Bundesliga Data Shootout/train/A1606b0e6_0/A1606b0e6_0 (12).mp4,A1606b0e6_0 (12).mp4,A1606b0e6_0 (12),/home/cmantill/.cache/kagglehub/datasets/saberghaderi/-dfl-bundesliga-460-mp4-videos-in-30sec-csv/versions/1/DFL Bundesliga Data Shootout/train/A1606b0e6_0/A1606b0e6_0 (12).mp4,/home/cmantill/narrador-futbol/output/tracks_json/tracker/A1606b0e6_0_12_tracks.json,/home/cmantill/narrador-futbol/output/tracks_json/tracker/A1606b0e6_0_12_summary.json,2026-03-13T13:34:42.615969+00:00,23,22,0.7528219444107294,0.7890520694259012,0.7052736982643525,17.045454545454547,17.0,11.09315884749758,8.893939393939394,1.0,2.577685556106615,2.625365032344815,43.250799087154775,19.629231212922146,0.0,0.0,-1.4428232973175175e-12,38.4350202308648,3.241575767784167,0.4550699594422982,0.7736029674964169,,,,,,,,,,,,
/home/cmantill/.cache/kagglehub/datasets/saberghaderi/-dfl-bundesliga-460-mp4-videos-in-30sec-csv/versions/1/DFL Bundesliga Data Shootout/train/A1606b0e6_0/A1606b0e6_0 (13).mp4,A1606b0e6_0 (13).mp4,A1606b0e6_0 (13),/home/cmantill/.cache/kagglehub/datasets/saberghaderi/-dfl-bundesliga-460-mp4-videos-in-30sec-csv/versions/1/DFL Bundesliga Data Shootout/train/A1606b0e6_0/A1606b0e6_0 (13).mp4,/home/cmantill/narrador-futbol/output/tracks_json/tracker/A1606b0e6_0_13_tracks.json,/home/cmantill/narrador-futbol/output/tracks_json/tracker/A1606b0e6_0_13_summary.json,2026-03-13T13:38:22.274319+00:00,25,22,0.6474545454545455,0.608,0.56,21.681818181818183,23.5,13.445256655884236,12.291666666666668,1.0,2.6660650893196682,2.6155770875809177,64.65665074450864,18.7080215225921,0.0,0.0,-1.4428232973175175e-12,42.98530190098708,2.8579850095338704,0.424461601699554,0.8035512052563814,,,,,,,,,,,,
/home/cmantill/.cache/kagglehub/datasets/saberghaderi/-dfl-bundesliga-460-mp4-videos-in-30sec-csv/versions/1/DFL Bundesliga Data Shootout/train/A1606b0e6_0/A1606b0e6_0 (14).mp4,A1606b0e6_0 (14).mp4,A1606b0e6_0 (14),/home/cmantill/.cache/kagglehub/datasets/saberghaderi/-dfl-bundesliga-460-mp4-videos-in-30sec-csv/versions/1/DFL Bundesliga Data Shootout/train/A1606b0e6_0/A1606b0e6_0 (14).mp4,/home/cmantill/narrador-futbol/output/tracks_json/tracker/A1606b0e6_0_14_tracks.json,/home/cmantill/narrador-futbol/output/tracks_json/tracker/A1606b0e6_0_14_summary.json,2026-03-13T13:40:31.741042+00:00,23,22,0.8205486102682364,0.9018691588785046,0.7853805073431241,16.5,12.5,4.869010179745826,3.6899038461538463,0.9545454545454546,3.0633905256822898,3.065978992949569,44.90002162280601,21.864736639334225,0.0,0.0,-1.4428232973175175e-12,36.086444341572886,2.2328264651115988,0.3251716031020655,0.8220048433018317,,,,,,,,,,,,
/home/cmantill/.cache/kagglehub/datasets/saberghaderi/-dfl-bundesliga-460-mp4-videos-in-30sec-csv/versions/1/DFL Bundesliga Data Shootout/train/A1606b0e6_0/A1606b0e6_0 (15).mp4,A1606b0e6_0 (15).mp4,A1606b0e6_0 (15),/home/cmantill/.cache/kagglehub/datasets/saberghaderi/-dfl-bundesliga-460-mp4-videos-in-30sec-csv/versions/1/DFL Bundesliga Data Shootout/train/A1606b0e6_0/A1606b0e6_0 (15).mp4,/home/cmantill/narrador-futbol/output/tracks_json/tracker/A1606b0e6_0_15_tracks.json,/home/cmantill/narrador-futbol/output/tracks_json/tracker/A1606b0e6_0_15_summary.json,2026-03-13T13:40:46.570161+00:00,25,22,0.8563030303030302,0.956,0.759,5.454545454545454,5.5,11.017558830058832,4.888888888888889,0.8636363636363636,2.80481787932245,2.752618789709972,26.886739474500157,15.971244413904195,0.0,0.0,-1.4428232973175175e-12,29.02974731802311,2.456610909897069,0.2776259000997623,0.8152195897511493,,,,,,,,,,,,
/home/cmantill/.cache/kagglehub/datasets/saberghaderi/-dfl-bundesliga-460-mp4-videos-in-30sec-csv/versions/1/DFL Bundesliga Data Shootout/train/A1606b0e6_0/A1606b0e6_0 (16).mp4,A1606b0e6_0 (16).mp4,A1606b0e6_0 (16),/home/cmantill/.cache/kagglehub/datasets/saberghaderi/-dfl-bundesliga-460-mp4-videos-in-30sec-csv/versions/1/DFL Bundesliga Data Shootout/train/A1606b0e6_0/A1606b0e6_0 (16).mp4,/home/cmantill/narrador-futbol/output/tracks_json/tracker/A1606b0e6_0_16_tracks.json,/home/cmantill/narrador-futbol/output/tracks_json/tracker/A1606b0e6_0_16_summary.json,2026-03-13T13:44:44.050780+00:00,25,22,0.8292268479184366,0.9679572763684914,0.6555407209612818,4.136363636363637,3.0,19.122262541380188,3.416666666666667,0.9545454545454546,3.236879672264605,3.2320494270319173,47.180291527311724,20.40650463690158,0.0,0.0,-1.4428232973175175e-12,39.16120085394641,2.422540199707578,0.23702850416633334,0.8251596673280925,,,,,,,,,,,,
/home/cmantill/.cache/kagglehub/datasets/saberghaderi/-dfl-bundesliga-460-mp4-videos-in-30sec-csv/versions/1/DFL Bundesliga Data Shootout/train/A1606b0e6_0/A1606b0e6_0 (17).mp4,A1606b0e6_0 (17).mp4,A1606b0e6_0 (17),/home/cmantill/.cache/kagglehub/datasets/saberghaderi/-dfl-bundesliga-460-mp4-videos-in-30sec-csv/versions/1/DFL Bundesliga Data Shootout/train/A1606b0e6_0/A1606b0e6_0 (17).mp4,/home/cmantill/narrador-futbol/output/tracks_json/tracker/A1606b0e6_0_17_tracks.json,/home/cmantill/narrador-futbol/output/tracks_json/tracker/A1606b0e6_0_17_summary.json,2026-03-13T13:47:59.020907+00:00,25,22,0.8246060606060607,0.894,0.77,10.727272727272727,9.5,11.34407186306163,6.289130434782608,1.0,2.51001364634188,2.5429029624000794,25.77716587575837,14.5953791239645,0.0,0.0,-1.4428232973175175e-12,40.98231315620536,2.5473742787386424,0.3857825976007012,0.799042102042976,,,,,,,,,,,,
/home/cmantill/.cache/kagglehub/datasets/saberghaderi/-dfl-bundesliga-460-mp4-videos-in-30sec-csv/versions/1/DFL Bundesliga Data Shootout/train/A1606b0e6_0/A1606b0e6_0 (18).mp4,A1606b0e6_0 (18).mp4,A1606b0e6_0 (18),/home/cmantill/.cache/kagglehub/datasets/saberghaderi/-dfl-bundesliga-460-mp4-videos-in-30sec-csv/versions/1/DFL Bundesliga Data Shootout/train/A1606b0e6_0/A1606b0e6_0 (18).mp4,/home/cmantill/narrador-futbol/output/tracks_json/tracker/A1606b0e6_0_18_tracks.json,/home/cmantill/narrador-futbol/output/tracks_json/tracker/A1606b0e6_0_18_summary.json,2026-03-13T13:47:11.799225+00:00,25,21,0.8385148451904126,0.9385847797062751,0.7556742323097463,4.571428571428571,4.0,10.928835978835979,4.25,0.8571428571428571,2.8318482701079226,2.7745187057245517,25.72157296323293,15.920695196694076,0.0,0.0,-1.4428232973175173e-12,40.67091594279305,2.0056766720657646,0.2732748742190149,0.8314131797611505,,,,,,,,,,,,
/home/cmantill/.cache/kagglehub/datasets/saberghaderi/-dfl-bundesliga-460-mp4-videos-in-30sec-csv/versions/1/DFL Bundesliga Data Shootout/train/A1606b0e6_0/A1606b0e6_0 (19).mp4,A1606b0e6_0 (19).mp4,A1606b0e6_0 (19),/home/cmantill/.cache/kagglehub/datasets/saberghaderi/-dfl-bundesliga-460-mp4-videos-in-30sec-csv/versions/1/DFL Bundesliga Data Shootout/train/A1606b0e6_0/A1606b0e6_0 (19).mp4,/home/cmantill/narrador-futbol/output/tracks_json/tracker/A1606b0e6_0_19_tracks.json,/home/cmantill/narrador-futbol/output/tracks_json/tracker/A1606b0e6_0_19_summary.json,2026-03-13T13:51:01.814555+00:00,24,22,0.7926060606060606,0.792,0.6573333333333333,11.909090909090908,13.0,9.898777769781606,7.540404040404041,1.0,2.2549127370311353,2.217560320598323,23.845796444298085,13.721831979760024,0.0,0.0,-1.4428232973175175e-12,51.317570575320424,3.141919393486685,0.3142567661101705,0.7756060177785383,,,,,,,,,,,,
/home/cmantill/.cache/kagglehub/datasets/saberghaderi/-dfl-bundesliga-460-mp4-videos-in-30sec-csv/versions/1/DFL Bundesliga Data Shootout/train/A1606b0e6_0/A1606b0e6_0 (2).mp4,A1606b0e6_0 (2).mp4,A1606b0e6_0 (2),/home/cmantill/.cache/kagglehub/datasets/saberghaderi/-dfl-bundesliga-460-mp4-videos-in-30sec-csv/versions/1/DFL Bundesliga Data Shootout/train/A1606b0e6_0/A1606b0e6_0 (2).mp4,/home/cmantill/narrador-futbol/output/tracks_json/tracker/A1606b0e6_0_2_tracks.json,/home/cmantill/narrador-futbol/output/tracks_json/tracker/A1606b0e6_0_2_summary.json,2026-03-13T13:11:23.223928+00:00,22,22,0.47272727272727283,0.5473333333333333,0.3413333333333333,32.0,31.5,12.673135595818872,11.442190669371197,1.0,2.828579190285951,2.6227205131800564,272.0540538908755,116.25583824758378,0.0,0.0,-1.4428232973175175e-12,42.92356785315755,3.0160551188117197,0.6503978244417273,0.700459389269141,,,,,,,,,,,,
/home/cmantill/.cache/kagglehub/datasets/saberghaderi/-dfl-bundesliga-460-mp4-videos-in-30sec-csv/versions/1/DFL Bundesliga Data Shootout/train/A1606b0e6_0/A1606b0e6_0 (20).mp4,A1606b0e6_0 (20).mp4,A1606b0e6_0 (20),/home/cmantill/.cache/kagglehub/datasets/saberghaderi/-dfl-bundesliga-460-mp4-videos-in-30sec-csv/versions/1/DFL Bundesliga Data Shootout/train/A1606b0e6_0/A1606b0e6_0 (20).mp4,/home/cmantill/narrador-futbol/output/tracks_json/tracker/A1606b0e6_0_20_tracks.json,/home/cmantill/narrador-futbol/output/tracks_json/tracker/A1606b0e6_0_20_summary.json,2026-03-13T13:53:31.786663+00:00,25,22,0.8483636363636363,0.9386666666666666,0.7963333333333333,7.136363636363637,4.5,15.43812853812854,5.0,0.9090909090909091,3.0929184321663716,3.049789694661912,27.854047675846072,17.829767565910544,0.0,0.0,-1.4428232973175175e-12,54.94151533162795,2.6771641002230897,0.31784649762167194,0.8176379834783181,,,,,,,,,,,,
/home/cmantill/.cache/kagglehub/datasets/saberghaderi/-dfl-bundesliga-460-mp4-videos-in-30sec-csv/versions/1/DFL Bundesliga Data Shootout/train/A1606b0e6_0/A1606b0e6_0 (21).mp4,A1606b0e6_0 (21).mp4,A1606b0e6_0 (21),/home/cmantill/.cache/kagglehub/datasets/saberghaderi/-dfl-bundesliga-460-mp4-videos-in-30sec-csv/versions/1/DFL Bundesliga Data Shootout/train/A1606b0e6_0/A1606b0e6_0 (21).mp4,/home/cmantill/narrador-futbol/output/tracks_json/tracker/A1606b0e6_0_21_tracks.json,/home/cmantill/narrador-futbol/output/tracks_json/tracker/A1606b0e6_0_21_summary.json,2026-03-13T13:55:26.742784+00:00,23,22,0.6623030303030303,0.728,0.627,22.863636363636363,24.0,12.386076750980305,7.421875,0.9545454545454546,3.039549830761886,3.097995322572291,40.603199029547696,22.776493654564753,0.0,0.0,-1.4428232973175175e-12,36.01084346177459,2.951747404212483,0.4714784355212403,0.7248568405905452,,,,,,,,,,,,
/home/cmantill/.cache/kagglehub/datasets/saberghaderi/-dfl-bundesliga-460-mp4-videos-in-30sec-csv/versions/1/DFL Bundesliga Data Shootout/train/A1606b0e6_0/A1606b0e6_0 (22).mp4,A1606b0e6_0 (22).mp4,A1606b0e6_0 (22),/home/cmantill/.cache/kagglehub/datasets/saberghaderi/-dfl-bundesliga-460-mp4-videos-in-30sec-csv/versions/1/DFL Bundesliga Data Shootout/train/A1606b0e6_0/A1606b0e6_0 (22).mp4,/home/cmantill/narrador-futbol/output/tracks_json/tracker/A1606b0e6_0_22_tracks.json,/home/cmantill/narrador-futbol/output/tracks_json/tracker/A1606b0e6_0_22_summary.json,2026-03-13T13:56:48.604606+00:00,25,22,0.7692121212121215,0.8766666666666667,0.613,9.227272727272727,7.0,11.43496310135326,13.0,0.9545454545454546,1.5389975492765664,1.4682115156318112,20.90987641410779,10.821933756074854,0.0,0.0,-1.4428232973175175e-12,70.8955519479719,2.831282873025639,0.3834857772727882,0.7409147908131775,,,,,,,,,,,,
/home/cmantill/.cache/kagglehub/datasets/saberghaderi/-dfl-bundesliga-460-mp4-videos-in-30sec-csv/versions/1/DFL Bundesliga Data Shootout/train/A1606b0e6_0/A1606b0e6_0 (23).mp4,A1606b0e6_0 (23).mp4,A1606b0e6_0 (23),/home/cmantill/.cache/kagglehub/datasets/saberghaderi/-dfl-bundesliga-460-mp4-videos-in-30sec-csv/versions/1/DFL Bundesliga Data Shootout/train/A1606b0e6_0/A1606b0e6_0 (23).mp4,/home/cmantill/narrador-futbol/output/tracks_json/tracker/A1606b0e6_0_23_tracks.json,/home/cmantill/narrador-futbol/output/tracks_json/tracker/A1606b0e6_0_23_summary.json,2026-03-13T14:01:17.322225+00:00,24,21,0.7575238095238095,0.8053333333333333,0.652,14.142857142857142,13.0,14.205799674316046,8.5,1.0,3.010584569326223,2.970193950615213,51.318352604764335,17.08863347518883,0.0,0.0,-1.4428232973175173e-12,36.68216468672357,2.9708265587970106,0.4125342097375103,0.8016049713351827,,,,,,,,,,,,
/home/cmantill/.cache/kagglehub/datasets/saberghaderi/-dfl-bundesliga-460-mp4-videos-in-30sec-csv/versions/1/DFL Bundesliga Data Shootout/train/A1606b0e6_0/A1606b0e6_0 (24).mp4,A1606b0e6_0 (24).mp4,A1606b0e6_0 (24),/home/cmantill/.cache/kagglehub/datasets/saberghaderi/-dfl-bundesliga-460-mp4-videos-in-30sec-csv/versions/1/DFL Bundesliga Data Shootout/train/A1606b0e6_0/A1606b0e6_0 (24).mp4,/home/cmantill/narrador-futbol/output/tracks_json/tracker/A1606b0e6_0_24_tracks.json,/home/cmantill/narrador-futbol/output/tracks_json/tracker/A1606b0e6_0_24_summary.json,2026-03-13T14:01:33.926982+00:00,25,22,0.7857749726908605,0.9092122830440588,0.6415220293724967,7.181818181818182,4.5,15.75620409002762,6.7,0.9090909090909091,2.749713787661597,2.9623549867544963,40.25981545939105,17.527886812870612,0.0,0.0,-1.4428232973175175e-12,32.692760861325446,2.672950172088352,0.4336477838046012,0.7946940528435551,,,,,,,,,,,,
/home/cmantill/.cache/kagglehub/datasets/saberghaderi/-dfl-bundesliga-460-mp4-videos-in-30sec-csv/versions/1/DFL Bundesliga Data Shootout/train/A1606b0e6_0/A1606b0e6_0 (25).mp4,A1606b0e6_0 (25).mp4,A1606b0e6_0 (25),/home/cmantill/.cache/kagglehub/datasets/saberghaderi/-dfl-bundesliga-460-mp4-videos-in-30sec-csv/versions/1/DFL Bundesliga Data Shootout/train/A1606b0e6_0/A1606b0e6_0 (25).mp4,/home/cmantill/narrador-futbol/output/tracks_json/tracker/A1606b0e6_0_25_tracks.json,/home/cmantill/narrador-futbol/output/tracks_json/tracker/A1606b0e6_0_25_summary.json,2026-03-13T14:02:52.013583+00:00,24,22,0.8512121212121214,0.9486666666666667,0.798,8.954545454545455,5.5,7.960906139315228,3.458333333333333,0.9545454545454546,2.6170214538910193,2.5612697795872124,26.785076868630295,16.020573321938972,0.0,0.0,-1.4428232973175175e-12,36.17677277061745,2.6187165143350297,0.32955017666326203,0.8104051349058594,,,,,,,,,,,,
/home/cmantill/.cache/kagglehub/datasets/saberghaderi/-dfl-bundesliga-460-mp4-videos-in-30sec-csv/versions/1/DFL Bundesliga Data Shootout/train/A1606b0e6_0/A1606b0e6_0 (26).mp4,A1606b0e6_0 (26).mp4,A1606b0e6_0 (26),/home/cmantill/.cache/kagglehub/datasets/saberghaderi/-dfl-bundesliga-460-mp4-videos-in-30sec-csv/versions/1/DFL Bundesliga Data Shootout/train/A1606b0e6_0/A1606b0e6_0 (26).mp4,/home/cmantill/narrador-futbol/output/tracks_json/tracker/A1606b0e6_0_26_tracks.json,/home/cmantill/narrador-futbol/output/tracks_json/tracker/A1606b0e6_0_26_summary.json,2026-03-13T14:08:53.781653+00:00,24,22,0.820848484848485,0.8593333333333333,0.78,9.363636363636363,8.5,18.501852427601797,7.705882352941177,1.0,3.031502375311289,3.057431569282383,36.60298555085083,22.5043712444119,0.0,0.0,-1.4428232973175175e-12,39.22549138165133,2.791969811148613,0.5441484649344841,0.7961133240432573,,,,,,,,,,,,
/home/cmantill/.cache/kagglehub/datasets/saberghaderi/-dfl-bundesliga-460-mp4-videos-in-30sec-csv/versions/1/DFL Bundesliga Data Shootout/train/A1606b0e6_0/A1606b0e6_0 (27).mp4,A1606b0e6_0 (27).mp4,A1606b0e6_0 (27),/home/cmantill/.cache/kagglehub/datasets/saberghaderi/-dfl-bundesliga-460-mp4-videos-in-30sec-csv/versions/1/DFL Bundesliga Data Shootout/train/A1606b0e6_0/A1606b0e6_0 (27).mp4,/home/cmantill/narrador-futbol/output/tracks_json/tracker/A1606b0e6_0_27_tracks.json,/home/cmantill/narrador-futbol/output/tracks_json/tracker/A1606b0e6_0_27_summary.json,2026-03-13T14:08:38.477618+00:00,25,22,0.7071853380264596,0.7376502002670227,0.630173564753004,11.045454545454545,10.5,20.054868987221926,15.857142857142858,1.0,2.723868697774252,2.7759791605622013,31.27577456362697,14.47362511639165,0.0,0.0,-1.4428232973175175e-12,35.597209922910515,2.7390024057998947,0.424640238314312,0.8072600539545114,,,,,,,,,,,,
/home/cmantill/.cache/kagglehub/datasets/saberghaderi/-dfl-bundesliga-460-mp4-videos-in-30sec-csv/versions/1/DFL Bundesliga Data Shootout/train/A1606b0e6_0/A1606b0e6_0 (28).mp4,A1606b0e6_0 (28).mp4,A1606b0e6_0 (28),/home/cmantill/.cache/kagglehub/datasets/saberghaderi/-dfl-bundesliga-460-mp4-videos-in-30sec-csv/versions/1/DFL Bundesliga Data Shootout/train/A1606b0e6_0/A1606b0e6_0 (28).mp4,/home/cmantill/narrador-futbol/output/tracks_json/tracker/A1606b0e6_0_28_tracks.json,/home/cmantill/narrador-futbol/output/tracks_json/tracker/A1606b0e6_0_28_summary.json,2026-03-13T14:09:58.571344+00:00,25,22,0.756909090909091,0.8440000000000001,0.7706666666666666,10.909090909090908,12.0,7.25099615179829,5.9,0.9090909090909091,1.4912734227909237,1.5674283357290497,26.562780486424632,10.034633606938565,0.0,0.0,-1.4428232973175175e-12,30.0171301509919,2.4210715277977104,0.2160806567101772,0.7564838129937901,,,,,,,,,,,,
/home/cmantill/.cache/kagglehub/datasets/saberghaderi/-dfl-bundesliga-460-mp4-videos-in-30sec-csv/versions/1/DFL Bundesliga Data Shootout/train/A1606b0e6_0/A1606b0e6_0 (29).mp4,A1606b0e6_0 (29).mp4,A1606b0e6_0 (29),/home/cmantill/.cache/kagglehub/datasets/saberghaderi/-dfl-bundesliga-460-mp4-videos-in-30sec-csv/versions/1/DFL Bundesliga Data Shootout/train/A1606b0e6_0/A1606b0e6_0 (29).mp4,/home/cmantill/narrador-futbol/output/tracks_json/tracker/A1606b0e6_0_29_tracks.json,/home/cmantill/narrador-futbol/output/tracks_json/tracker/A1606b0e6_0_29_summary.json,2026-03-13T14:16:07.251482+00:00,25,21,0.8912836162502383,0.9559412550066756,0.8918558077436582,5.380952380952381,5.0,16.13667800453515,1.6666666666666667,1.0,3.4613069344171508,3.4559211922665543,60.27218624233582,22.16275642193551,0.0,0.0,-1.4428232973175173e-12,32.404174154919126,2.6789331398369827,0.4336821183672606,0.8180379591074806,,,,,,,,,,,,
/home/cmantill/.cache/kagglehub/datasets/saberghaderi/-dfl-bundesliga-460-mp4-videos-in-30sec-csv/versions/1/DFL Bundesliga Data Shootout/train/A1606b0e6_0/A1606b0e6_0 (3).mp4,A1606b0e6_0 (3).mp4,A1606b0e6_0 (3),/home/cmantill/.cache/kagglehub/datasets/saberghaderi/-dfl-bundesliga-460-mp4-videos-in-30sec-csv/versions/1/DFL Bundesliga Data Shootout/train/A1606b0e6_0/A1606b0e6_0 (3).mp4,/home/cmantill/narrador-futbol/output/tracks_json/tracker/A1606b0e6_0_3_tracks.json,/home/cmantill/narrador-futbol/output/tracks_json/tracker/A1606b0e6_0_3_summary.json,2026-03-13T13:11:58.463429+00:00,25,22,0.8472727272727272,0.9586666666666667,0.8023333333333333,6.318181818181818,4.0,15.097470206561116,3.333333333333333,0.9545454545454546,4.273306498184476,4.285143284840827,40.64851550628682,23.880640081468563,0.0,0.0,-1.4428232973175175e-12,49.08726549149871,2.7265264369574314,0.3383640230480465,0.8192972343590235,,,,,,,,,,,,
/home/cmantill/.cache/kagglehub/datasets/saberghaderi/-dfl-bundesliga-460-mp4-videos-in-30sec-csv/versions/1/DFL Bundesliga Data Shootout/train/A1606b0e6_0/A1606b0e6_0 (30).mp4,A1606b0e6_0 (30).mp4,A1606b0e6_0 (30),/home/cmantill/.cache/kagglehub/datasets/saberghaderi/-dfl-bundesliga-460-mp4-videos-in-30sec-csv/versions/1/DFL Bundesliga Data Shootout/train/A1606b0e6_0/A1606b0e6_0 (30).mp4,/home/cmantill/narrador-futbol/output/tracks_json/tracker/A1606b0e6_0_30_tracks.json,/home/cmantill/narrador-futbol/output/tracks_json/tracker/A1606b0e6_0_30_summary.json,2026-03-13T14:16:29.111978+00:00,25,21,0.8975873015873016,0.948,0.9106666666666666,9.761904761904763,8.0,4.987484800683559,3.5,1.0,1.6730929968580672,1.709569983601728,27.893069933267117,12.205152762341191,0.0,0.0,-1.4428232973175173e-12,20.24361616897365,2.5010840274894806,0.25148240575135067,0.8002804991009501,,,,,,,,,,,,
/home/cmantill/.cache/kagglehub/datasets/saberghaderi/-dfl-bundesliga-460-mp4-videos-in-30sec-csv/versions/1/DFL Bundesliga Data Shootout/train/A1606b0e6_0/A1606b0e6_0 (31).mp4,A1606b0e6_0 (31).mp4,A1606b0e6_0 (31),/home/cmantill/.cache/kagglehub/datasets/saberghaderi/-dfl-bundesliga-460-mp4-videos-in-30sec-csv/versions/1/DFL Bundesliga Data Shootout/train/A1606b0e6_0/A1606b0e6_0 (31).mp4,/home/cmantill/narrador-futbol/output/tracks_json/tracker/A1606b0e6_0_31_tracks.json,/home/cmantill/narrador-futbol/output/tracks_json/tracker/A1606b0e6_0_31_summary.json,2026-03-13T14:17:14.155487+00:00,22,22,0.7823158150260953,0.8624833110814419,0.5957943925233644,7.363636363636363,6.0,15.325223072382164,8.716666666666667,1.0,3.777543473396009,3.735514212879698,52.67016535559397,20.075220993858107,0.0,0.0,-1.4428232973175175e-12,36.09010055073201,2.8600219139107144,0.38770553121762313,0.8152410488949507,,,,,,,,,,,,
/home/cmantill/.cache/kagglehub/datasets/saberghaderi/-dfl-bundesliga-460-mp4-videos-in-30sec-csv/versions/1/DFL Bundesliga Data Shootout/train/A1606b0e6_0/A1606b0e6_0 (32).mp4,A1606b0e6_0 (32).mp4,A1606b0e6_0 (32),/home/cmantill/.cache/kagglehub/datasets/saberghaderi/-dfl-bundesliga-460-mp4-videos-in-30sec-csv/versions/1/DFL Bundesliga Data Shootout/train/A1606b0e6_0/A1606b0e6_0 (32).mp4,/home/cmantill/narrador-futbol/output/tracks_json/tracker/A1606b0e6_0_32_tracks.json,/home/cmantill/narrador-futbol/output/tracks_json/tracker/A1606b0e6_0_32_summary.json,2026-03-13T14:23:14.679617+00:00,25,22,0.7069696969696969,0.8286666666666667,0.6993333333333334,18.772727272727273,14.0,15.090288173373308,4.847222222222221,0.9090909090909091,2.967747489173685,3.033356325942644,32.87984649701574,17.38654924444405,0.0,0.0,-1.4428232973175175e-12,28.711528000851526,2.8707891627100555,0.2698394135321817,0.8191466607741418,,,,,,,,,,,,
/home/cmantill/.cache/kagglehub/datasets/saberghaderi/-dfl-bundesliga-460-mp4-videos-in-30sec-csv/versions/1/DFL Bundesliga Data Shootout/train/A1606b0e6_0/A1606b0e6_0 (33).mp4,A1606b0e6_0 (33).mp4,A1606b0e6_0 (33),/home/cmantill/.cache/kagglehub/datasets/saberghaderi/-dfl-bundesliga-460-mp4-videos-in-30sec-csv/versions/1/DFL Bundesliga Data Shootout/train/A1606b0e6_0/A1606b0e6_0 (33).mp4,/home/cmantill/narrador-futbol/output/tracks_json/tracker/A1606b0e6_0_33_tracks.json,/home/cmantill/narrador-futbol/output/tracks_json/tracker/A1606b0e6_0_33_summary.json,2026-03-13T14:24:21.290143+00:00,25,22,0.8130234251729579,0.8571428571428572,0.787716955941255,11.409090909090908,10.5,7.38357441548147,5.721967963386728,0.9545454545454546,3.8110171899787906,3.7275549295924857,38.79295968495533,20.381912408449406,0.0,0.0,-1.4428232973175175e-12,34.05627793750027,2.7009881615233517,0.3606006978314195,0.8177565087406006,,,,,,,,,,,,
/home/cmantill/.cache/kagglehub/datasets/saberghaderi/-dfl-bundesliga-460-mp4-videos-in-30sec-csv/versions/1/DFL Bundesliga Data Shootout/train/A1606b0e6_0/A1606b0e6_0 (34).mp4,A1606b0e6_0 (34).mp4,A1606b0e6_0 (34),/home/cmantill/.cache/kagglehub/datasets/saberghaderi/-dfl-bundesliga-460-mp4-videos-in-30sec-csv/versions/1/DFL Bundesliga Data Shootout/train/A1606b0e6_0/A1606b0e6_0 (34).mp4,/home/cmantill/narrador-futbol/output/tracks_json/tracker/A1606b0e6_0_34_tracks.json,/home/cmantill/narrador-futbol/output/tracks_json/tracker/A1606b0e6_0_34_summary.json,2026-03-13T14:24:50.564554+00:00,25,22,0.8116363636363637,0.8733333333333333,0.773,16.0,14.5,5.998467190938342,4.941558441558442,0.9545454545454546,2.7794119583171497,3.2653773817254206,24.34466692788542,16.38631064591573,0.0,0.0,-1.4428232973175175e-12,37.4172821651002,3.2749160627769145,0.45067855524691325,0.7709971072563454,,,,,,,,,,,,
/home/cmantill/.cache/kagglehub/datasets/saberghaderi/-dfl-bundesliga-460-mp4-videos-in-30sec-csv/versions/1/DFL Bundesliga Data Shootout/train/A1606b0e6_0/A1606b0e6_0 (35).mp4,A1606b0e6_0 (35).mp4,A1606b0e6_0 (35),/home/cmantill/.cache/kagglehub/datasets/saberghaderi/-dfl-bundesliga-460-mp4-videos-in-30sec-csv/versions/1/DFL Bundesliga Data Shootout/train/A1606b0e6_0/A1606b0e6_0 (35).mp4,/home/cmantill/narrador-futbol/output/tracks_json/tracker/A1606b0e6_0_35_tracks.json,/home/cmantill/narrador-futbol/output/tracks_json/tracker/A1606b0e6_0_35_summary.json,2026-03-13T14:31:23.007026+00:00,22,22,0.7212647165918195,0.8304405874499332,0.7473297730307076,19.772727272727273,20.5,4.607658795537592,4.203463203463203,0.8636363636363636,2.380731354565217,2.9536789299600468,54.00566078740987,20.99729820233795,0.0,0.0,-1.4428232973175175e-12,25.37098805855902,2.0041996346303774,0.40167074025069704,0.794088051915431,,,,,,,,,,,,
/home/cmantill/.cache/kagglehub/datasets/saberghaderi/-dfl-bundesliga-460-mp4-videos-in-30sec-csv/versions/1/DFL Bundesliga Data Shootout/train/A1606b0e6_0/A1606b0e6_0 (36).mp4,A1606b0e6_0 (36).mp4,A1606b0e6_0 (36),/home/cmantill/.cache/kagglehub/datasets/saberghaderi/-dfl-bundesliga-460-mp4-videos-in-30sec-csv/versions/1/DFL Bundesliga Data Shootout/train/A1606b0e6_0/A1606b0e6_0 (36).mp4,/home/cmantill/narrador-futbol/output/tracks_json/tracker/A1606b0e6_0_36_tracks.json,/home/cmantill/narrador-futbol/output/tracks_json/tracker/A1606b0e6_0_36_summary.json,2026-03-13T14:32:12.757471+00:00,22,22,0.6547878787878788,0.648,0.569,29.90909090909091,30.0,10.09011883884812,8.103337612323491,1.0,3.28630980676822,3.2976912235372877,79.31763003508824,29.38202715141565,0.0,0.0,-1.4428232973175175e-12,69.02424781136459,3.046074122241461,0.425039142177217,0.7611660174792513,,,,,,,,,,,,
/home/cmantill/.cache/kagglehub/datasets/saberghaderi/-dfl-bundesliga-460-mp4-videos-in-30sec-csv/versions/1/DFL Bundesliga Data Shootout/train/A1606b0e6_0/A1606b0e6_0 (37).mp4,A1606b0e6_0 (37).mp4,A1606b0e6_0 (37),/home/cmantill/.cache/kagglehub/datasets/saberghaderi/-dfl-bundesliga-460-mp4-videos-in-30sec-csv/versions/1/DFL Bundesliga Data Shootout/train/A1606b0e6_0/A1606b0e6_0 (37).mp4,/home/cmantill/narrador-futbol/output/tracks_json/tracker/A1606b0e6_0_37_tracks.json,/home/cmantill/narrador-futbol/output/tracks_json/tracker/A1606b0e6_0_37_summary.json,2026-03-13T14:33:45.277228+00:00,24,22,0.7499696565117125,0.8871829105473965,0.7202937249666221,8.909090909090908,9.5,14.114804292929295,6.063636363636364,0.9545454545454546,2.7387950676959565,2.6824989838040607,29.82215845158853,16.64283603537979,0.0,0.0,-1.4428232973175175e-12,38.038270067592585,3.157821096605569,0.43273893860092494,0.7955318126165938,,,,,,,,,,,,
/home/cmantill/.cache/kagglehub/datasets/saberghaderi/-dfl-bundesliga-460-mp4-videos-in-30sec-csv/versions/1/DFL Bundesliga Data Shootout/train/A1606b0e6_0/A1606b0e6_0 (38).mp4,A1606b0e6_0 (38).mp4,A1606b0e6_0 (38),/home/cmantill/.cache/kagglehub/datasets/saberghaderi/-dfl-bundesliga-460-mp4-videos-in-30sec-csv/versions/1/DFL Bundesliga Data Shootout/train/A1606b0e6_0/A1606b0e6_0 (38).mp4,/home/cmantill/narrador-futbol/output/tracks_json/tracker/A1606b0e6_0_38_tracks.json,/home/cmantill/narrador-futbol/output/tracks_json/tracker/A1606b0e6_0_38_summary.json,2026-03-13T14:38:15.089546+00:00,22,22,0.6824848484848484,0.6866666666666666,0.6016666666666667,21.136363636363637,21.0,11.192482191311342,10.087533156498672,1.0,1.7836924262634122,1.8526963322359167,33.56607312857927,15.455744621288408,0.0,0.0,-1.4428232973175175e-12,40.27885176164353,3.0676398683456116,0.3056147156269308,0.6857402728721178,,,,,,,,,,,,
/home/cmantill/.cache/kagglehub/datasets/saberghaderi/-dfl-bundesliga-460-mp4-videos-in-30sec-csv/versions/1/DFL Bundesliga Data Shootout/train/A1606b0e6_0/A1606b0e6_0 (39).mp4,A1606b0e6_0 (39).mp4,A1606b0e6_0 (39),/home/cmantill/.cache/kagglehub/datasets/saberghaderi/-dfl-bundesliga-460-mp4-videos-in-30sec-csv/versions/1/DFL Bundesliga Data Shootout/train/A1606b0e6_0/A1606b0e6_0 (39).mp4,/home/cmantill/narrador-futbol/output/tracks_json/tracker/A1606b0e6_0_39_tracks.json,/home/cmantill/narrador-futbol/output/tracks_json/tracker/A1606b0e6_0_39_summary.json,2026-03-13T14:39:53.337818+00:00,24,22,0.8193333333333335,0.8733333333333333,0.842,13.0,13.0,38.261812946711274,6.521978021978022,1.0,2.432389122454491,2.3668083613805955,36.94685328794382,17.18472503355372,0.0,0.0,-1.4428232973175175e-12,27.999222449723632,2.908014774627435,0.43494722981461964,0.7902991051951394,,,,,,,,,,,,
/home/cmantill/.cache/kagglehub/datasets/saberghaderi/-dfl-bundesliga-460-mp4-videos-in-30sec-csv/versions/1/DFL Bundesliga Data Shootout/train/A1606b0e6_0/A1606b0e6_0 (4).mp4,A1606b0e6_0 (4).mp4,A1606b0e6_0 (4),/home/cmantill/.cache/kagglehub/datasets/saberghaderi/-dfl-bundesliga-460-mp4-videos-in-30sec-csv/versions/1/DFL Bundesliga Data Shootout/train/A1606b0e6_0/A1606b0e6_0 (4).mp4,/home/cmantill/narrador-futbol/output/tracks_json/tracker/A1606b0e6_0_4_tracks.json,/home/cmantill/narrador-futbol/output/tracks_json/tracker/A1606b0e6_0_4_summary.json,2026-03-13T13:17:10.134879+00:00,25,22,0.7175757575757575,0.734,0.5783333333333334,18.545454545454547,20.0,12.104190341937375,10.790890269151138,1.0,2.8604772033828407,2.873133220587019,53.62502086776964,19.854504373701168,0.0,0.0,-1.4428232973175175e-12,34.44590106703191,2.56593899008925,0.40846482614126567,0.814851817541202,,,,,,,,,,,,
/home/cmantill/.cache/kagglehub/datasets/saberghaderi/-dfl-bundesliga-460-mp4-videos-in-30sec-csv/versions/1/DFL Bundesliga Data Shootout/train/A1606b0e6_0/A1606b0e6_0 (40).mp4,A1606b0e6_0 (40).mp4,A1606b0e6_0 (40),/home/cmantill/.cache/kagglehub/datasets/saberghaderi/-dfl-bundesliga-460-mp4-videos-in-30sec-csv/versions/1/DFL Bundesliga Data Shootout/train/A1606b0e6_0/A1606b0e6_0 (40).mp4,/home/cmantill/narrador-futbol/output/tracks_json/tracker/A1606b0e6_0_40_tracks.json,/home/cmantill/narrador-futbol/output/tracks_json/tracker/A1606b0e6_0_40_summary.json,2026-03-13T14:41:04.791862+00:00,25,21,0.8506031746031746,0.8986666666666666,0.856,10.761904761904763,11.0,5.277337282600441,4.636363636363637,0.9523809523809523,2.288970862884996,2.171040543323412,41.89148610997948,17.05192575134084,0.0,0.0,-1.4428232973175173e-12,17.84744447974372,1.9711110258136357,0.2676012381882369,0.7960280730252522,,,,,,,,,,,,
/home/cmantill/.cache/kagglehub/datasets/saberghaderi/-dfl-bundesliga-460-mp4-videos-in-30sec-csv/versions/1/DFL Bundesliga Data Shootout/train/A1606b0e6_0/A1606b0e6_0 (41).mp4,A1606b0e6_0 (41).mp4,A1606b0e6_0 (41),/home/cmantill/.cache/kagglehub/datasets/saberghaderi/-dfl-bundesliga-460-mp4-videos-in-30sec-csv/versions/1/DFL Bundesliga Data Shootout/train/A1606b0e6_0/A1606b0e6_0 (41).mp4,/home/cmantill/narrador-futbol/output/tracks_json/tracker/A1606b0e6_0_41_tracks.json,/home/cmantill/narrador-futbol/output/tracks_json/tracker/A1606b0e6_0_41_summary.json,2026-03-13T14:45:45.762803+00:00,23,22,0.7936035926690134,0.8711615487316422,0.6755674232309746,10.818181818181818,9.5,9.978173879260837,7.8125,1.0,1.509867972976194,1.547908690375931,37.39489005445031,15.971433873816222,0.0,0.0,-1.4428232973175175e-12,40.06067116213063,2.643096638483381,0.45350046133860106,0.7276443175642263,,,,,,,,,,,,
/home/cmantill/.cache/kagglehub/datasets/saberghaderi/-dfl-bundesliga-460-mp4-videos-in-30sec-csv/versions/1/DFL Bundesliga Data Shootout/train/A1606b0e6_0/A1606b0e6_0 (42).mp4,A1606b0e6_0 (42).mp4,A1606b0e6_0 (42),/home/cmantill/.cache/kagglehub/datasets/saberghaderi/-dfl-bundesliga-460-mp4-videos-in-30sec-csv/versions/1/DFL Bundesliga Data Shootout/train/A1606b0e6_0/A1606b0e6_0 (42).mp4,/home/cmantill/narrador-futbol/output/tracks_json/tracker/A1606b0e6_0_42_tracks.json,/home/cmantill/narrador-futbol/output/tracks_json/tracker/A1606b0e6_0_42_summary.json,2026-03-13T14:46:18.900284+00:00,24,22,0.8047272727272727,0.8726666666666667,0.6663333333333333,6.045454545454546,5.5,22.255348943985304,13.25,1.0,1.2616584703986522,1.313707210039,17.39157913579699,10.773472473487605,0.0,0.0,-1.4428232973175175e-12,25.45326954335643,1.9246245017917922,0.24337377258855095,0.7359690565021367,,,,,,,,,,,,
/home/cmantill/.cache/kagglehub/datasets/saberghaderi/-dfl-bundesliga-460-mp4-videos-in-30sec-csv/versions/1/DFL Bundesliga Data Shootout/train/A1606b0e6_0/A1606b0e6_0 (43).mp4,A1606b0e6_0 (43).mp4,A1606b0e6_0 (43),/home/cmantill/.cache/kagglehub/datasets/saberghaderi/-dfl-bundesliga-460-mp4-videos-in-30sec-csv/versions/1/DFL Bundesliga Data Shootout/train/A1606b0e6_0/A1606b0e6_0 (43).mp4,/home/cmantill/narrador-futbol/output/tracks_json/tracker/A1606b0e6_0_43_tracks.json,/home/cmantill/narrador-futbol/output/tracks_json/tracker/A1606b0e6_0_43_summary.json,2026-03-13T14:47:16.756638+00:00,25,22,0.8212161670105594,0.9132176234979973,0.8057409879839786,4.545454545454546,4.0,18.254895104895102,8.403846153846153,0.8181818181818182,0.772388210700891,0.778198677282277,17.916706615514816,7.608612205539969,0.0,0.0,-1.4428232973175175e-12,40.5889220212143,2.0124185894710775,0.19484913034357942,0.7238986124184148,,,,,,,,,,,,
/home/cmantill/.cache/kagglehub/datasets/saberghaderi/-dfl-bundesliga-460-mp4-videos-in-30sec-csv/versions/1/DFL Bundesliga Data Shootout/train/A1606b0e6_0/A1606b0e6_0 (44).mp4,A1606b0e6_0 (44).mp4,A1606b0e6_0 (44),/home/cmantill/.cache/kagglehub/datasets/saberghaderi/-dfl-bundesliga-460-mp4-videos-in-30sec-csv/versions/1/DFL Bundesliga Data Shootout/train/A1606b0e6_0/A1606b0e6_0 (44).mp4,/home/cmantill/narrador-futbol/output/tracks_json/tracker/A1606b0e6_0_44_tracks.json,/home/cmantill/narrador-futbol/output/tracks_json/tracker/A1606b0e6_0_44_summary.json,2026-03-13T14:51:53.240562+00:00,22,22,0.7616969696969698,0.7853333333333333,0.6513333333333333,6.318181818181818,6.0,16.59383924898631,13.035714285714285,0.9545454545454546,1.661382542795792,1.6410681780897176,25.50495276697308,13.865897976959387,0.0,0.0,-1.4428232973175175e-12,20.406377432570746,2.1322058556927854,0.3663446096234279,0.7914473727846368,,,,,,,,,,,,
/home/cmantill/.cache/kagglehub/datasets/saberghaderi/-dfl-bundesliga-460-mp4-videos-in-30sec-csv/versions/1/DFL Bundesliga Data Shootout/train/A1606b0e6_0/A1606b0e6_0 (45).mp4,A1606b0e6_0 (45).mp4,A1606b0e6_0 (45),/home/cmantill/.cache/kagglehub/datasets/saberghaderi/-dfl-bundesliga-460-mp4-videos-in-30sec-csv/versions/1/DFL Bundesliga Data Shootout/train/A1606b0e6_0/A1606b0e6_0 (45).mp4,/home/cmantill/narrador-futbol/output/tracks_json/tracker/A1606b0e6_0_45_tracks.json,/home/cmantill/narrador-futbol/output/tracks_json/tracker/A1606b0e6_0_45_summary.json,2026-03-13T14:53:52.701226+00:00,24,22,0.7696322369219566,0.8190921228304406,0.6885847797062751,19.0,20.5,8.074223443679385,6.838235294117647,0.9545454545454546,1.995346444296668,2.0060310272032003,40.29416187367138,18.6612006596439,0.0,0.0,-1.4428232973175175e-12,23.56136908998724,2.2885102815818197,0.34974145095698994,0.7986585005748853,,,,,,,,,,,,
/home/cmantill/.cache/kagglehub/datasets/saberghaderi/-dfl-bundesliga-460-mp4-videos-in-30sec-csv/versions/1/DFL Bundesliga Data Shootout/train/A1606b0e6_0/A1606b0e6_0 (46).mp4,A1606b0e6_0 (46).mp4,A1606b0e6_0 (46),/home/cmantill/.cache/kagglehub/datasets/saberghaderi/-dfl-bundesliga-460-mp4-videos-in-30sec-csv/versions/1/DFL Bundesliga Data Shootout/train/A1606b0e6_0/A1606b0e6_0 (46).mp4,/home/cmantill/narrador-futbol/output/tracks_json/tracker/A1606b0e6_0_46_tracks.json,/home/cmantill/narrador-futbol/output/tracks_json/tracker/A1606b0e6_0_46_summary.json,2026-03-13T14:54:24.815734+00:00,24,22,0.8163030303030304,0.938,0.716,6.0,4.5,10.090869736324281,6.0,0.8636363636363636,2.964321745260642,2.837535085570878,24.6082716919306,14.082444428667769,0.0,0.0,-1.4428232973175175e-12,26.43683207570264,2.6076401832480633,0.3107253750577032,0.8081117156737566,,,,,,,,,,,,
/home/cmantill/.cache/kagglehub/datasets/saberghaderi/-dfl-bundesliga-460-mp4-videos-in-30sec-csv/versions/1/DFL Bundesliga Data Shootout/train/A1606b0e6_0/A1606b0e6_0 (47).mp4,A1606b0e6_0 (47).mp4,A1606b0e6_0 (47),/home/cmantill/.cache/kagglehub/datasets/saberghaderi/-dfl-bundesliga-460-mp4-videos-in-30sec-csv/versions/1/DFL Bundesliga Data Shootout/train/A1606b0e6_0/A1606b0e6_0 (47).mp4,/home/cmantill/narrador-futbol/output/tracks_json/tracker/A1606b0e6_0_47_tracks.json,/home/cmantill/narrador-futbol/output/tracks_json/tracker/A1606b0e6_0_47_summary.json,2026-03-13T14:58:43.604337+00:00,24,22,0.7018181818181818,0.7073333333333334,0.5966666666666667,20.181818181818183,22.0,10.943331286092716,9.476923076923077,1.0,3.429138528737862,3.4329727994461083,41.151362714086225,21.837772558728556,0.0,0.0,-1.4428232973175175e-12,27.676643436934285,2.61469882556958,0.4568273820585967,0.8082508415767983,,,,,,,,,,,,
/home/cmantill/.cache/kagglehub/datasets/saberghaderi/-dfl-bundesliga-460-mp4-videos-in-30sec-csv/versions/1/DFL Bundesliga Data Shootout/train/A1606b0e6_0/A1606b0e6_0 (48).mp4,A1606b0e6_0 (48).mp4,A1606b0e6_0 (48),/home/cmantill/.cache/kagglehub/datasets/saberghaderi/-dfl-bundesliga-460-mp4-videos-in-30sec-csv/versions/1/DFL Bundesliga Data Shootout/train/A1606b0e6_0/A1606b0e6_0 (48).mp4,/home/cmantill/narrador-futbol/output/tracks_json/tracker/A1606b0e6_0_48_tracks.json,/home/cmantill/narrador-futbol/output/tracks_json/tracker/A1606b0e6_0_48_summary.json,2026-03-13T15:00:43.400713+00:00,25,22,0.8079393939393941,0.924,0.8433333333333334,11.545454545454545,10.5,7.254185110320771,3.625,0.9545454545454546,2.9803150580826476,2.859581827294364,50.55075918645689,18.01829631976091,0.0,0.0,-1.4428232973175175e-12,25.85183578713008,3.1759995154566583,0.3278965936175688,0.7830319485166811,,,,,,,,,,,,
/home/cmantill/.cache/kagglehub/datasets/saberghaderi/-dfl-bundesliga-460-mp4-videos-in-30sec-csv/versions/1/DFL Bundesliga Data Shootout/train/A1606b0e6_0/A1606b0e6_0 (49).mp4,A1606b0e6_0 (49).mp4,A1606b0e6_0 (49),/home/cmantill/.cache/kagglehub/datasets/saberghaderi/-dfl-bundesliga-460-mp4-videos-in-30sec-csv/versions/1/DFL Bundesliga Data Shootout/train/A1606b0e6_0/A1606b0e6_0 (49).mp4,/home/cmantill/narrador-futbol/output/tracks_json/tracker/A1606b0e6_0_49_tracks.json,/home/cmantill/narrador-futbol/output/tracks_json/tracker/A1606b0e6_0_49_summary.json,2026-03-13T15:02:19.517658+00:00,23,22,0.7181089938099284,0.7456608811748999,0.57543391188251,9.409090909090908,8.5,14.334506298811108,8.75,1.0,2.677311761258936,2.6188926342900496,24.8707199581788,16.81495809331781,0.0,0.0,-1.4428232973175175e-12,23.541839320823154,2.490635629991966,0.3126114926327634,0.7810727388487588,,,,,,,,,,,,
/home/cmantill/.cache/kagglehub/datasets/saberghaderi/-dfl-bundesliga-460-mp4-videos-in-30sec-csv/versions/1/DFL Bundesliga Data Shootout/train/A1606b0e6_0/A1606b0e6_0 (5).mp4,A1606b0e6_0 (5).mp4,A1606b0e6_0 (5),/home/cmantill/.cache/kagglehub/datasets/saberghaderi/-dfl-bundesliga-460-mp4-videos-in-30sec-csv/versions/1/DFL Bundesliga Data Shootout/train/A1606b0e6_0/A1606b0e6_0 (5).mp4,/home/cmantill/narrador-futbol/output/tracks_json/tracker/A1606b0e6_0_5_tracks.json,/home/cmantill/narrador-futbol/output/tracks_json/tracker/A1606b0e6_0_5_summary.json,2026-03-13T13:17:17.858589+00:00,24,22,0.7214467775215438,0.8644859813084111,0.4773030707610147,7.363636363636363,3.5,51.76779811097993,4.0095238095238095,0.8181818181818182,2.7308453667046577,2.914089303945453,28.219588852625684,16.224271166396118,0.0,0.0,-1.4428232973175175e-12,33.59138638407821,2.6715293844331254,0.23595475145892414,0.8153728493439117,,,,,,,,,,,,
/home/cmantill/.cache/kagglehub/datasets/saberghaderi/-dfl-bundesliga-460-mp4-videos-in-30sec-csv/versions/1/DFL Bundesliga Data Shootout/train/A1606b0e6_0/A1606b0e6_0 (50).mp4,A1606b0e6_0 (50).mp4,A1606b0e6_0 (50),/home/cmantill/.cache/kagglehub/datasets/saberghaderi/-dfl-bundesliga-460-mp4-videos-in-30sec-csv/versions/1/DFL Bundesliga Data Shootout/train/A1606b0e6_0/A1606b0e6_0 (50).mp4,/home/cmantill/narrador-futbol/output/tracks_json/tracker/A1606b0e6_0_50_tracks.json,/home/cmantill/narrador-futbol/output/tracks_json/tracker/A1606b0e6_0_50_summary.json,2026-03-13T15:05:00.661817+00:00,25,21,0.9198095238095236,0.9613333333333334,0.932,5.0,5.0,6.486683971834348,4.0,0.8571428571428571,2.165101409478871,2.202872137163896,49.996009578018516,17.611349460012473,0.0,0.0,-1.4428232973175173e-12,16.24427231016924,1.7366111552578016,0.30517522584119394,0.8231973984803316,,,,,,,,,,,,
/home/cmantill/.cache/kagglehub/datasets/saberghaderi/-dfl-bundesliga-460-mp4-videos-in-30sec-csv/versions/1/DFL Bundesliga Data Shootout/train/A1606b0e6_0/A1606b0e6_0 (51).mp4,A1606b0e6_0 (51).mp4,A1606b0e6_0 (51),/home/cmantill/.cache/kagglehub/datasets/saberghaderi/-dfl-bundesliga-460-mp4-videos-in-30sec-csv/versions/1/DFL Bundesliga Data Shootout/train/A1606b0e6_0/A1606b0e6_0 (51).mp4,/home/cmantill/narrador-futbol/output/tracks_json/tracker/A1606b0e6_0_51_tracks.json,/home/cmantill/narrador-futbol/output/tracks_json/tracker/A1606b0e6_0_51_summary.json,2026-03-13T15:07:21.257967+00:00,25,22,0.8478181818181819,0.9366666666666666,0.8089999999999999,7.2272727272727275,6.5,10.235094709915284,6.733333333333333,1.0,3.525288098632767,3.521898821262273,28.70725033523732,15.939786956696269,0.0,0.0,-1.4428232973175175e-12,26.49632061043179,2.4113369325943186,0.33635713128673667,0.8140764399332869,,,,,,,,,,,,
/home/cmantill/.cache/kagglehub/datasets/saberghaderi/-dfl-bundesliga-460-mp4-videos-in-30sec-csv/versions/1/DFL Bundesliga Data Shootout/train/A1606b0e6_0/A1606b0e6_0 (52).mp4,A1606b0e6_0 (52).mp4,A1606b0e6_0 (52),/home/cmantill/.cache/kagglehub/datasets/saberghaderi/-dfl-bundesliga-460-mp4-videos-in-30sec-csv/versions/1/DFL Bundesliga Data Shootout/train/A1606b0e6_0/A1606b0e6_0 (52).mp4,/home/cmantill/narrador-futbol/output/tracks_json/tracker/A1606b0e6_0_52_tracks.json,/home/cmantill/narrador-futbol/output/tracks_json/tracker/A1606b0e6_0_52_summary.json,2026-03-13T15:09:40.081719+00:00,24,22,0.7835902415341668,0.8144192256341789,0.7746995994659547,11.590909090909092,9.5,14.656399508644093,11.580882352941178,1.0,3.3927549844539393,3.3805895988028283,34.92648859505588,20.037548255766165,0.0,0.0,-1.4428232973175175e-12,32.3346296769051,2.3436346067277856,0.3201137963330386,0.8233175574070728,,,,,,,,,,,,
/home/cmantill/.cache/kagglehub/datasets/saberghaderi/-dfl-bundesliga-460-mp4-videos-in-30sec-csv/versions/1/DFL Bundesliga Data Shootout/train/A1606b0e6_0/A1606b0e6_0 (53).mp4,A1606b0e6_0 (53).mp4,A1606b0e6_0 (53),/home/cmantill/.cache/kagglehub/datasets/saberghaderi/-dfl-bundesliga-460-mp4-videos-in-30sec-csv/versions/1/DFL Bundesliga Data Shootout/train/A1606b0e6_0/A1606b0e6_0 (53).mp4,/home/cmantill/narrador-futbol/output/tracks_json/tracker/A1606b0e6_0_53_tracks.json,/home/cmantill/narrador-futbol/output/tracks_json/tracker/A1606b0e6_0_53_summary.json,2026-03-13T15:11:36.445609+00:00,25,22,0.8158181818181819,0.8440000000000001,0.7276666666666667,11.318181818181818,9.0,15.263919867763452,7.400673400673401,1.0,3.192093183069427,3.160018759266249,44.167236560116216,23.005042975100697,0.0,0.0,-1.4428232973175175e-12,31.124337200002618,3.0171324352217095,0.5476414524636571,0.7860113668698585,,,,,,,,,,,,
/home/cmantill/.cache/kagglehub/datasets/saberghaderi/-dfl-bundesliga-460-mp4-videos-in-30sec-csv/versions/1/DFL Bundesliga Data Shootout/train/A1606b0e6_0/A1606b0e6_0 (54).mp4,A1606b0e6_0 (54).mp4,A1606b0e6_0 (54),/home/cmantill/.cache/kagglehub/datasets/saberghaderi/-dfl-bundesliga-460-mp4-videos-in-30sec-csv/versions/1/DFL Bundesliga Data Shootout/train/A1606b0e6_0/A1606b0e6_0 (54).mp4,/home/cmantill/narrador-futbol/output/tracks_json/tracker/A1606b0e6_0_54_tracks.json,/home/cmantill/narrador-futbol/output/tracks_json/tracker/A1606b0e6_0_54_summary.json,2026-03-13T15:15:07.211094+00:00,25,22,0.765939393939394,0.902,0.7933333333333333,9.363636363636363,9.0,11.395325099736866,7.788888888888889,0.9545454545454546,2.8400447148994994,2.694812017555064,24.99652795314649,14.399428139978015,0.0,0.0,-1.4428232973175175e-12,19.416769020424677,2.5895652294986786,0.40474641562611163,0.7600526667104667,,,,,,,,,,,,
/home/cmantill/.cache/kagglehub/datasets/saberghaderi/-dfl-bundesliga-460-mp4-videos-in-30sec-csv/versions/1/DFL Bundesliga Data Shootout/train/A1606b0e6_0/A1606b0e6_0 (55).mp4,A1606b0e6_0 (55).mp4,A1606b0e6_0 (55),/home/cmantill/.cache/kagglehub/datasets/saberghaderi/-dfl-bundesliga-460-mp4-videos-in-30sec-csv/versions/1/DFL Bundesliga Data Shootout/train/A1606b0e6_0/A1606b0e6_0 (55).mp4,/home/cmantill/narrador-futbol/output/tracks_json/tracker/A1606b0e6_0_55_tracks.json,/home/cmantill/narrador-futbol/output/tracks_json/tracker/A1606b0e6_0_55_summary.json,2026-03-13T15:16:19.110936+00:00,24,22,0.8762592547639275,0.9646194926568759,0.913551401869159,8.045454545454545,7.0,6.072335997335998,2.585714285714286,0.9545454545454546,2.4616506783795864,2.4407903964786177,43.888034731263595,18.23209995129798,0.0,0.0,-1.4428232973175175e-12,25.355133184563623,2.4639571473820805,0.3466570530190648,0.7938999603652799,,,,,,,,,,,,
/home/cmantill/.cache/kagglehub/datasets/saberghaderi/-dfl-bundesliga-460-mp4-videos-in-30sec-csv/versions/1/DFL Bundesliga Data Shootout/train/A1606b0e6_0/A1606b0e6_0 (56).mp4,A1606b0e6_0 (56).mp4,A1606b0e6_0 (56),/home/cmantill/.cache/kagglehub/datasets/saberghaderi/-dfl-bundesliga-460-mp4-videos-in-30sec-csv/versions/1/DFL Bundesliga Data Shootout/train/A1606b0e6_0/A1606b0e6_0 (56).mp4,/home/cmantill/narrador-futbol/output/tracks_json/tracker/A1606b0e6_0_56_tracks.json,/home/cmantill/narrador-futbol/output/tracks_json/tracker/A1606b0e6_0_56_summary.json,2026-03-13T15:18:29.342538+00:00,25,21,0.8283174603174602,0.8466666666666667,0.7693333333333333,6.857142857142857,6.0,31.481187222363694,12.636363636363637,1.0,2.9933035433862716,2.989866438923854,30.635454176457028,18.901233282271473,0.0,0.0,-1.4428232973175173e-12,33.25496003142871,2.269158091762373,0.3354435348639273,0.8178105126847893,,,,,,,,,,,,
/home/cmantill/.cache/kagglehub/datasets/saberghaderi/-dfl-bundesliga-460-mp4-videos-in-30sec-csv/versions/1/DFL Bundesliga Data Shootout/train/A1606b0e6_0/A1606b0e6_0 (57).mp4,A1606b0e6_0 (57).mp4,A1606b0e6_0 (57),/home/cmantill/.cache/kagglehub/datasets/saberghaderi/-dfl-bundesliga-460-mp4-videos-in-30sec-csv/versions/1/DFL Bundesliga Data Shootout/train/A1606b0e6_0/A1606b0e6_0 (57).mp4,/home/cmantill/narrador-futbol/output/tracks_json/tracker/A1606b0e6_0_57_tracks.json,/home/cmantill/narrador-futbol/output/tracks_json/tracker/A1606b0e6_0_57_summary.json,2026-03-13T15:24:09.416039+00:00,25,22,0.8405753125379295,0.8785046728971962,0.7620160213618158,6.863636363636363,6.5,11.021145710350256,4.416666666666666,0.9545454545454546,3.3357609316515706,3.337201483517987,94.4567276692157,22.147922849370495,0.0,0.0,-1.4428232973175175e-12,28.429178996858617,2.880653755263576,0.4126430352546956,0.8075059275754957,,,,,,,,,,,,
/home/cmantill/.cache/kagglehub/datasets/saberghaderi/-dfl-bundesliga-460-mp4-videos-in-30sec-csv/versions/1/DFL Bundesliga Data Shootout/train/A1606b0e6_0/A1606b0e6_0 (58).mp4,A1606b0e6_0 (58).mp4,A1606b0e6_0 (58),/home/cmantill/.cache/kagglehub/datasets/saberghaderi/-dfl-bundesliga-460-mp4-videos-in-30sec-csv/versions/1/DFL Bundesliga Data Shootout/train/A1606b0e6_0/A1606b0e6_0 (58).mp4,/home/cmantill/narrador-futbol/output/tracks_json/tracker/A1606b0e6_0_58_tracks.json,/home/cmantill/narrador-futbol/output/tracks_json/tracker/A1606b0e6_0_58_summary.json,2026-03-13T15:24:05.747793+00:00,23,20,0.8312666666666667,0.8253333333333334,0.7853333333333333,14.35,13.5,7.695398502392749,7.7973684210526315,1.0,1.475885284331987,1.4758778488539162,39.95469049277216,19.20727007193805,0.0,0.0,-1.4428232973175173e-12,28.465245279706533,2.335301622578057,0.22588882641825717,0.7317171031739624,,,,,,,,,,,,
/home/cmantill/.cache/kagglehub/datasets/saberghaderi/-dfl-bundesliga-460-mp4-videos-in-30sec-csv/versions/1/DFL Bundesliga Data Shootout/train/A1606b0e6_0/A1606b0e6_0 (59).mp4,A1606b0e6_0 (59).mp4,A1606b0e6_0 (59),/home/cmantill/.cache/kagglehub/datasets/saberghaderi/-dfl-bundesliga-460-mp4-videos-in-30sec-csv/versions/1/DFL Bundesliga Data Shootout/train/A1606b0e6_0/A1606b0e6_0 (59).mp4,/home/cmantill/narrador-futbol/output/tracks_json/tracker/A1606b0e6_0_59_tracks.json,/home/cmantill/narrador-futbol/output/tracks_json/tracker/A1606b0e6_0_59_summary.json,2026-03-13T15:26:11.018595+00:00,24,20,0.7259012016021361,0.7149532710280374,0.5877837116154873,17.6,20.0,8.803180657533375,8.604166666666668,0.95,2.451984771313256,2.571176691607323,60.98415225598959,26.238456412288496,0.0,0.0,-1.4428232973175173e-12,28.252568969181134,2.139287602802565,0.4094032069126657,0.7626717711736432,,,,,,,,,,,,
/home/cmantill/.cache/kagglehub/datasets/saberghaderi/-dfl-bundesliga-460-mp4-videos-in-30sec-csv/versions/1/DFL Bundesliga Data Shootout/train/A1606b0e6_0/A1606b0e6_0 (6).mp4,A1606b0e6_0 (6).mp4,A1606b0e6_0 (6),/home/cmantill/.cache/kagglehub/datasets/saberghaderi/-dfl-bundesliga-460-mp4-videos-in-30sec-csv/versions/1/DFL Bundesliga Data Shootout/train/A1606b0e6_0/A1606b0e6_0 (6).mp4,/home/cmantill/narrador-futbol/output/tracks_json/tracker/A1606b0e6_0_6_tracks.json,/home/cmantill/narrador-futbol/output/tracks_json/tracker/A1606b0e6_0_6_summary.json,2026-03-13T13:20:04.543386+00:00,25,22,0.7776363636363637,0.81,0.6713333333333333,31.863636363636363,29.5,4.644566728117099,4.2297101449275365,1.0,2.5859757094824922,2.583355176053084,71.4675362676618,29.414768504383616,0.0,0.0,-1.4428232973175175e-12,58.132848773321605,2.7906370564063585,0.41610915305935414,0.7792886733141681,,,,,,,,,,,,
/home/cmantill/.cache/kagglehub/datasets/saberghaderi/-dfl-bundesliga-460-mp4-videos-in-30sec-csv/versions/1/DFL Bundesliga Data Shootout/train/A1606b0e6_0/A1606b0e6_0 (60).mp4,A1606b0e6_0 (60).mp4,A1606b0e6_0 (60),/home/cmantill/.cache/kagglehub/datasets/saberghaderi/-dfl-bundesliga-460-mp4-videos-in-30sec-csv/versions/1/DFL Bundesliga Data Shootout/train/A1606b0e6_0/A1606b0e6_0 (60).mp4,/home/cmantill/narrador-futbol/output/tracks_json/tracker/A1606b0e6_0_60_tracks.json,/home/cmantill/narrador-futbol/output/tracks_json/tracker/A1606b0e6_0_60_summary.json,2026-03-13T15:31:29.975801+00:00,24,22,0.677212121212121,0.7433333333333334,0.627,21.636363636363637,22.5,7.077456536228161,6.636363636363637,0.9545454545454546,3.830359917434786,3.6778675317911493,41.05282184946864,18.30820836655635,0.0,0.0,-1.4428232973175175e-12,32.31762565801047,2.79148924249597,0.3162261013876967,0.7853337630447779,,,,,,,,,,,,
/home/cmantill/.cache/kagglehub/datasets/saberghaderi/-dfl-bundesliga-460-mp4-videos-in-30sec-csv/versions/1/DFL Bundesliga Data Shootout/train/A1606b0e6_0/A1606b0e6_0 (61).mp4,A1606b0e6_0 (61).mp4,A1606b0e6_0 (61),/home/cmantill/.cache/kagglehub/datasets/saberghaderi/-dfl-bundesliga-460-mp4-videos-in-30sec-csv/versions/1/DFL Bundesliga Data Shootout/train/A1606b0e6_0/A1606b0e6_0 (61).mp4,/home/cmantill/narrador-futbol/output/tracks_json/tracker/A1606b0e6_0_61_tracks.json,/home/cmantill/narrador-futbol/output/tracks_json/tracker/A1606b0e6_0_61_summary.json,2026-03-13T15:30:47.507948+00:00,25,22,0.7971515151515152,0.8200000000000001,0.7613333333333333,11.727272727272727,11.0,12.99055899908173,7.371428571428572,1.0,3.012293404542842,3.042535260738624,25.868343498837927,16.127370486648257,0.0,0.0,-1.4428232973175175e-12,46.656829145098435,3.47134740600719,0.46705470944289024,0.7890150042535083,,,,,,,,,,,,
/home/cmantill/.cache/kagglehub/datasets/saberghaderi/-dfl-bundesliga-460-mp4-videos-in-30sec-csv/versions/1/DFL Bundesliga Data Shootout/train/A1606b0e6_0/A1606b0e6_0 (62).mp4,A1606b0e6_0 (62).mp4,A1606b0e6_0 (62),/home/cmantill/.cache/kagglehub/datasets/saberghaderi/-dfl-bundesliga-460-mp4-videos-in-30sec-csv/versions/1/DFL Bundesliga Data Shootout/train/A1606b0e6_0/A1606b0e6_0 (62).mp4,/home/cmantill/narrador-futbol/output/tracks_json/tracker/A1606b0e6_0_62_tracks.json,/home/cmantill/narrador-futbol/output/tracks_json/tracker/A1606b0e6_0_62_summary.json,2026-03-13T15:32:50.781061+00:00,25,22,0.82801310838694,0.9025367156208277,0.8374499332443257,8.636363636363637,7.0,10.972576854963219,6.6,1.0,3.0376820709128167,2.968107906455158,44.01079041853588,17.19782076101999,0.0,0.0,-1.4428232973175175e-12,22.87947120339317,2.4116527544652184,0.3115824685893744,0.822436761219132,,,,,,,,,,,,
/home/cmantill/.cache/kagglehub/datasets/saberghaderi/-dfl-bundesliga-460-mp4-videos-in-30sec-csv/versions/1/DFL Bundesliga Data Shootout/train/A1606b0e6_0/A1606b0e6_0 (63).mp4,A1606b0e6_0 (63).mp4,A1606b0e6_0 (63),/home/cmantill/.cache/kagglehub/datasets/saberghaderi/-dfl-bundesliga-460-mp4-videos-in-30sec-csv/versions/1/DFL Bundesliga Data Shootout/train/A1606b0e6_0/A1606b0e6_0 (63).mp4,/home/cmantill/narrador-futbol/output/tracks_json/tracker/A1606b0e6_0_63_tracks.json,/home/cmantill/narrador-futbol/output/tracks_json/tracker/A1606b0e6_0_63_summary.json,2026-03-13T15:37:37.350846+00:00,25,22,0.8119999999999998,0.9013333333333333,0.7866666666666666,12.454545454545455,11.5,7.9884009490728864,4.597222222222222,0.9545454545454546,2.9851797027667386,2.839853640647995,31.6467672128358,17.6797743926546,0.0,0.0,-1.4428232973175175e-12,32.655173989453694,2.323160357664146,0.41365515892663796,0.8137102275940301,,,,,,,,,,,,
/home/cmantill/.cache/kagglehub/datasets/saberghaderi/-dfl-bundesliga-460-mp4-videos-in-30sec-csv/versions/1/DFL Bundesliga Data Shootout/train/A1606b0e6_0/A1606b0e6_0 (64).mp4,A1606b0e6_0 (64).mp4,A1606b0e6_0 (64),/home/cmantill/.cache/kagglehub/datasets/saberghaderi/-dfl-bundesliga-460-mp4-videos-in-30sec-csv/versions/1/DFL Bundesliga Data Shootout/train/A1606b0e6_0/A1606b0e6_0 (64).mp4,/home/cmantill/narrador-futbol/output/tracks_json/tracker/A1606b0e6_0_64_tracks.json,/home/cmantill/narrador-futbol/output/tracks_json/tracker/A1606b0e6_0_64_summary.json,2026-03-13T15:38:54.746123+00:00,24,22,0.7830303030303031,0.9,0.767,14.090909090909092,10.0,6.372120278806927,4.724264705882353,0.8636363636363636,1.7594723177589242,1.7417430843834412,28.0893374667788,10.245811097635102,0.0,0.0,-1.4428232973175175e-12,19.10314780566921,2.3547891691091696,0.22268171648799956,0.8059779574242006,,,,,,,,,,,,
/home/cmantill/.cache/kagglehub/datasets/saberghaderi/-dfl-bundesliga-460-mp4-videos-in-30sec-csv/versions/1/DFL Bundesliga Data Shootout/train/A1606b0e6_0/A1606b0e6_0 (65).mp4,A1606b0e6_0 (65).mp4,A1606b0e6_0 (65),/home/cmantill/.cache/kagglehub/datasets/saberghaderi/-dfl-bundesliga-460-mp4-videos-in-30sec-csv/versions/1/DFL Bundesliga Data Shootout/train/A1606b0e6_0/A1606b0e6_0 (65).mp4,/home/cmantill/narrador-futbol/output/tracks_json/tracker/A1606b0e6_0_65_tracks.json,/home/cmantill/narrador-futbol/output/tracks_json/tracker/A1606b0e6_0_65_summary.json,2026-03-13T15:39:07.921224+00:00,24,22,0.8234615851438282,0.9532710280373832,0.8124165554072096,5.454545454545454,5.5,11.594042699724518,5.916666666666667,1.0,2.622944000765265,2.509302841083549,34.92311336979974,19.11606420252648,0.0,0.0,-1.4428232973175175e-12,23.69807185374931,2.098569126971662,0.3622247409381949,0.7825062167570684,,,,,,,,,,,,
/home/cmantill/.cache/kagglehub/datasets/saberghaderi/-dfl-bundesliga-460-mp4-videos-in-30sec-csv/versions/1/DFL Bundesliga Data Shootout/train/A1606b0e6_0/A1606b0e6_0 (66).mp4,A1606b0e6_0 (66).mp4,A1606b0e6_0 (66),/home/cmantill/.cache/kagglehub/datasets/saberghaderi/-dfl-bundesliga-460-mp4-videos-in-30sec-csv/versions/1/DFL Bundesliga Data Shootout/train/A1606b0e6_0/A1606b0e6_0 (66).mp4,/home/cmantill/narrador-futbol/output/tracks_json/tracker/A1606b0e6_0_66_tracks.json,/home/cmantill/narrador-futbol/output/tracks_json/tracker/A1606b0e6_0_66_summary.json,2026-03-13T15:44:15.586166+00:00,25,22,0.7897575757575758,0.8386666666666667,0.7303333333333334,7.5,5.5,24.507898419663125,10.58831908831909,0.9090909090909091,0.9348229519290298,0.9554179208199041,34.0328443626119,13.062446411872768,0.0,0.0,-1.4428232973175175e-12,28.911255595934207,1.9787591819971149,0.21047259784849937,0.7178863137510585,,,,,,,,,,,,
/home/cmantill/.cache/kagglehub/datasets/saberghaderi/-dfl-bundesliga-460-mp4-videos-in-30sec-csv/versions/1/DFL Bundesliga Data Shootout/train/A1606b0e6_0/A1606b0e6_0 (67).mp4,A1606b0e6_0 (67).mp4,A1606b0e6_0 (67),/home/cmantill/.cache/kagglehub/datasets/saberghaderi/-dfl-bundesliga-460-mp4-videos-in-30sec-csv/versions/1/DFL Bundesliga Data Shootout/train/A1606b0e6_0/A1606b0e6_0 (67).mp4,/home/cmantill/narrador-futbol/output/tracks_json/tracker/A1606b0e6_0_67_tracks.json,/home/cmantill/narrador-futbol/output/tracks_json/tracker/A1606b0e6_0_67_summary.json,2026-03-13T15:46:22.023563+00:00,24,22,0.6814545454545455,0.6646666666666667,0.573,10.590909090909092,11.5,30.012259069151128,12.858299595141702,0.9545454545454546,2.734656105741025,2.7728379149833824,34.87144565685139,22.80615866043372,0.0,0.0,-1.4428232973175175e-12,43.13372460139479,2.738504924062001,0.3457173479527304,0.7495487909012649,,,,,,,,,,,,
/home/cmantill/.cache/kagglehub/datasets/saberghaderi/-dfl-bundesliga-460-mp4-videos-in-30sec-csv/versions/1/DFL Bundesliga Data Shootout/train/A1606b0e6_0/A1606b0e6_0 (68).mp4,A1606b0e6_0 (68).mp4,A1606b0e6_0 (68),/home/cmantill/.cache/kagglehub/datasets/saberghaderi/-dfl-bundesliga-460-mp4-videos-in-30sec-csv/versions/1/DFL Bundesliga Data Shootout/train/A1606b0e6_0/A1606b0e6_0 (68).mp4,/home/cmantill/narrador-futbol/output/tracks_json/tracker/A1606b0e6_0_68_tracks.json,/home/cmantill/narrador-futbol/output/tracks_json/tracker/A1606b0e6_0_68_summary.json,2026-03-13T15:44:13.882541+00:00,24,21,0.32869841269841266,0.37733333333333335,0.15866666666666668,19.476190476190474,21.0,13.2392958037916,12.5,0.8571428571428571,1.038061294835649,0.9854869660908689,39.57731772867174,9.699517264089067,0.0,0.0,-1.4428232973175173e-12,42.04342618703087,3.020841495396507,0.19650985121429781,0.6711418768088517,,,,,,,,,,,,
/home/cmantill/.cache/kagglehub/datasets/saberghaderi/-dfl-bundesliga-460-mp4-videos-in-30sec-csv/versions/1/DFL Bundesliga Data Shootout/train/A1606b0e6_0/A1606b0e6_0 (69).mp4,A1606b0e6_0 (69).mp4,A1606b0e6_0 (69),/home/cmantill/.cache/kagglehub/datasets/saberghaderi/-dfl-bundesliga-460-mp4-videos-in-30sec-csv/versions/1/DFL Bundesliga Data Shootout/train/A1606b0e6_0/A1606b0e6_0 (69).mp4,/home/cmantill/narrador-futbol/output/tracks_json/tracker/A1606b0e6_0_69_tracks.json,/home/cmantill/narrador-futbol/output/tracks_json/tracker/A1606b0e6_0_69_summary.json,2026-03-13T15:48:52.991218+00:00,24,19,0.1913684210526316,0.128,0.05733333333333333,8.31578947368421,8.0,27.348877000192786,25.866666666666667,0.8421052631578947,0.6130751133829577,0.653132186461302,59.71898403065892,11.680094054744348,0.0,0.0,-1.4428232973175173e-12,8.585545724036955,1.4688629143348255,0.12116738245005901,0.6548908412352288,,,,,,,,,,,,
/home/cmantill/.cache/kagglehub/datasets/saberghaderi/-dfl-bundesliga-460-mp4-videos-in-30sec-csv/versions/1/DFL Bundesliga Data Shootout/train/A1606b0e6_0/A1606b0e6_0 (7).mp4,A1606b0e6_0 (7).mp4,A1606b0e6_0 (7),/home/cmantill/.cache/kagglehub/datasets/saberghaderi/-dfl-bundesliga-460-mp4-videos-in-30sec-csv/versions/1/DFL Bundesliga Data Shootout/train/A1606b0e6_0/A1606b0e6_0 (7).mp4,/home/cmantill/narrador-futbol/output/tracks_json/tracker/A1606b0e6_0_7_tracks.json,/home/cmantill/narrador-futbol/output/tracks_json/tracker/A1606b0e6_0_7_summary.json,2026-03-13T13:24:57.882095+00:00,24,22,0.7165311324189827,0.7389853137516689,0.6672229639519359,18.772727272727273,19.0,11.374625367295003,7.821548821548822,1.0,3.6530448954621586,3.662972565862863,77.819931504311,35.678708501787234,0.0,0.0,-1.4428232973175175e-12,44.89015097973391,2.8835371310239046,0.4814773653899106,0.7971376163653425,,,,,,,,,,,,
/home/cmantill/.cache/kagglehub/datasets/saberghaderi/-dfl-bundesliga-460-mp4-videos-in-30sec-csv/versions/1/DFL Bundesliga Data Shootout/train/A1606b0e6_0/A1606b0e6_0 (70).mp4,A1606b0e6_0 (70).mp4,A1606b0e6_0 (70),/home/cmantill/.cache/kagglehub/datasets/saberghaderi/-dfl-bundesliga-460-mp4-videos-in-30sec-csv/versions/1/DFL Bundesliga Data Shootout/train/A1606b0e6_0/A1606b0e6_0 (70).mp4,/home/cmantill/narrador-futbol/output/tracks_json/tracker/A1606b0e6_0_70_tracks.json,/home/cmantill/narrador-futbol/output/tracks_json/tracker/A1606b0e6_0_70_summary.json,2026-03-13T15:49:00.031359+00:00,25,14,0.2707419416364677,0.2136181575433912,0.13584779706275033,7.714285714285714,8.0,90.41120872591459,56.766666666666666,1.0,0.5683110572310792,0.5814778981932056,9.713888318604727,5.460503554823106,0.0,0.0,-1.4428232973175173e-12,58.89845780131454,1.9414141154169802,0.1307037058480661,0.5525497111196056,,,,,,,,,,,,
/home/cmantill/.cache/kagglehub/datasets/saberghaderi/-dfl-bundesliga-460-mp4-videos-in-30sec-csv/versions/1/DFL Bundesliga Data Shootout/train/A1606b0e6_0/A1606b0e6_0 (71).mp4,A1606b0e6_0 (71).mp4,A1606b0e6_0 (71),/home/cmantill/.cache/kagglehub/datasets/saberghaderi/-dfl-bundesliga-460-mp4-videos-in-30sec-csv/versions/1/DFL Bundesliga Data Shootout/train/A1606b0e6_0/A1606b0e6_0 (71).mp4,/home/cmantill/narrador-futbol/output/tracks_json/tracker/A1606b0e6_0_71_tracks.json,/home/cmantill/narrador-futbol/output/tracks_json/tracker/A1606b0e6_0_71_summary.json,2026-03-13T15:51:26.986996+00:00,23,16,0.214,0.186,0.13533333333333333,9.6875,10.5,41.028578192640694,32.75595238095238,0.875,0.9248945060868913,1.1243746196645075,165.95855626828398,31.494637908240996,0.0,0.0,-1.4428232973175175e-12,21.725367999457823,2.0623825523906225,0.12729497203484427,0.5517299844955044,,,,,,,,,,,,
/home/cmantill/.cache/kagglehub/datasets/saberghaderi/-dfl-bundesliga-460-mp4-videos-in-30sec-csv/versions/1/DFL Bundesliga Data Shootout/train/A1606b0e6_0/A1606b0e6_0 (72).mp4,A1606b0e6_0 (72).mp4,A1606b0e6_0 (72),/home/cmantill/.cache/kagglehub/datasets/saberghaderi/-dfl-bundesliga-460-mp4-videos-in-30sec-csv/versions/1/DFL Bundesliga Data Shootout/train/A1606b0e6_0/A1606b0e6_0 (72).mp4,/home/cmantill/narrador-futbol/output/tracks_json/tracker/A1606b0e6_0_72_tracks.json,/home/cmantill/narrador-futbol/output/tracks_json/tracker/A1606b0e6_0_72_summary.json,2026-03-13T15:54:01.149679+00:00,25,16,0.19826435246995994,0.17489986648865152,0.002336448598130841,7.0,8.0,25.337263431013433,30.55,0.6875,0.4611268689934197,0.40722220780997337,102.46036635002257,10.698431964208211,0.0,0.0,-1.4428232973175175e-12,14.221533368850244,1.6127829593816236,0.14051362833040493,0.5812681053565638,,,,,,,,,,,,
/home/cmantill/.cache/kagglehub/datasets/saberghaderi/-dfl-bundesliga-460-mp4-videos-in-30sec-csv/versions/1/DFL Bundesliga Data Shootout/train/A1606b0e6_0/A1606b0e6_0 (73).mp4,A1606b0e6_0 (73).mp4,A1606b0e6_0 (73),/home/cmantill/.cache/kagglehub/datasets/saberghaderi/-dfl-bundesliga-460-mp4-videos-in-30sec-csv/versions/1/DFL Bundesliga Data Shootout/train/A1606b0e6_0/A1606b0e6_0 (73).mp4,/home/cmantill/narrador-futbol/output/tracks_json/tracker/A1606b0e6_0_73_tracks.json,/home/cmantill/narrador-futbol/output/tracks_json/tracker/A1606b0e6_0_73_summary.json,2026-03-13T15:54:02.005336+00:00,25,13,0.1285128205128205,0.156,0.03333333333333333,8.538461538461538,4.0,38.53865319031102,17.583333333333332,0.8461538461538461,0.489669629880896,0.43620861963889035,32.4444609202498,5.665548650373326,0.0,0.0,-1.4428232973175173e-12,4.635621591541048,1.5648835589398555,0.13205067663590322,0.6287532218411312,,,,,,,,,,,,
/home/cmantill/.cache/kagglehub/datasets/saberghaderi/-dfl-bundesliga-460-mp4-videos-in-30sec-csv/versions/1/DFL Bundesliga Data Shootout/train/A1606b0e6_0/A1606b0e6_0 (74).mp4,A1606b0e6_0 (74).mp4,A1606b0e6_0 (74),/home/cmantill/.cache/kagglehub/datasets/saberghaderi/-dfl-bundesliga-460-mp4-videos-in-30sec-csv/versions/1/DFL Bundesliga Data Shootout/train/A1606b0e6_0/A1606b0e6_0 (74).mp4,/home/cmantill/narrador-futbol/output/tracks_json/tracker/A1606b0e6_0_74_tracks.json,/home/cmantill/narrador-futbol/output/tracks_json/tracker/A1606b0e6_0_74_summary.json,2026-03-13T15:56:22.174712+00:00,25,21,0.17064021870430415,0.16822429906542055,0.09879839786381843,9.19047619047619,10.0,35.90003568253458,26.25,0.7619047619047619,0.7055918801015033,0.7365499630963163,43.88934591249463,11.065118087033337,0.0,0.0,-1.4428232973175173e-12,164.15864280668805,3.790698963445019,0.19125493079300357,0.6204542610654776,,,,,,,,,,,,
/home/cmantill/.cache/kagglehub/datasets/saberghaderi/-dfl-bundesliga-460-mp4-videos-in-30sec-csv/versions/1/DFL Bundesliga Data Shootout/train/A1606b0e6_0/A1606b0e6_0 (75).mp4,A1606b0e6_0 (75).mp4,A1606b0e6_0 (75),/home/cmantill/.cache/kagglehub/datasets/saberghaderi/-dfl-bundesliga-460-mp4-videos-in-30sec-csv/versions/1/DFL Bundesliga Data Shootout/train/A1606b0e6_0/A1606b0e6_0 (75).mp4,/home/cmantill/narrador-futbol/output/tracks_json/tracker/A1606b0e6_0_75_tracks.json,/home/cmantill/narrador-futbol/output/tracks_json/tracker/A1606b0e6_0_75_summary.json,2026-03-13T15:59:26.387664+00:00,25,21,0.21206349206349207,0.24,0.058666666666666666,18.904761904761905,17.0,26.107807757244203,14.633333333333333,0.8571428571428571,1.0505880396620915,0.9333596008042684,78.46613696921688,15.808675728898791,0.0,0.0,-1.4428232973175173e-12,136.35744749058824,4.494909230017211,0.23695436173958825,0.5648386606296564,,,,,,,,,,,,
/home/cmantill/.cache/kagglehub/datasets/saberghaderi/-dfl-bundesliga-460-mp4-videos-in-30sec-csv/versions/1/DFL Bundesliga Data Shootout/train/A1606b0e6_0/A1606b0e6_0 (76).mp4,A1606b0e6_0 (76).mp4,A1606b0e6_0 (76),/home/cmantill/.cache/kagglehub/datasets/saberghaderi/-dfl-bundesliga-460-mp4-videos-in-30sec-csv/versions/1/DFL Bundesliga Data Shootout/train/A1606b0e6_0/A1606b0e6_0 (76).mp4,/home/cmantill/narrador-futbol/output/tracks_json/tracker/A1606b0e6_0_76_tracks.json,/home/cmantill/narrador-futbol/output/tracks_json/tracker/A1606b0e6_0_76_summary.json,2026-03-13T15:59:01.540458+00:00,24,20,0.2672229639519359,0.2349799732977303,0.004005340453938585,14.7,10.5,21.05859616498973,9.50859950859951,0.7,1.0732262296548336,0.7538247817591205,38.77625732831187,9.243628978565457,0.0,0.0,-1.4428232973175173e-12,206.82934729889263,6.3640855361001885,0.2187331456357447,0.6644098060733474,,,,,,,,,,,,
/home/cmantill/.cache/kagglehub/datasets/saberghaderi/-dfl-bundesliga-460-mp4-videos-in-30sec-csv/versions/1/DFL Bundesliga Data Shootout/train/A1606b0e6_0/A1606b0e6_0 (8).mp4,A1606b0e6_0 (8).mp4,A1606b0e6_0 (8),/home/cmantill/.cache/kagglehub/datasets/saberghaderi/-dfl-bundesliga-460-mp4-videos-in-30sec-csv/versions/1/DFL Bundesliga Data Shootout/train/A1606b0e6_0/A1606b0e6_0 (8).mp4,/home/cmantill/narrador-futbol/output/tracks_json/tracker/A1606b0e6_0_8_tracks.json,/home/cmantill/narrador-futbol/output/tracks_json/tracker/A1606b0e6_0_8_summary.json,2026-03-13T13:23:52.155663+00:00,24,22,0.815878787878788,0.878,0.6696666666666666,6.863636363636363,6.0,15.24855762923945,4.611111111111111,0.9090909090909091,3.6751099935138396,3.6857929577324557,36.94699476724254,18.531299200831167,0.0,0.0,-1.4428232973175175e-12,43.4410695614841,2.570419464946662,0.2936436778635989,0.8181520444451119,,,,,,,,,,,,
/home/cmantill/.cache/kagglehub/datasets/saberghaderi/-dfl-bundesliga-460-mp4-videos-in-30sec-csv/versions/1/DFL Bundesliga Data Shootout/train/A1606b0e6_0/A1606b0e6_0 (9).mp4,A1606b0e6_0 (9).mp4,A1606b0e6_0 (9),/home/cmantill/.cache/kagglehub/datasets/saberghaderi/-dfl-bundesliga-460-mp4-videos-in-30sec-csv/versions/1/DFL Bundesliga Data Shootout/train/A1606b0e6_0/A1606b0e6_0 (9).mp4,/home/cmantill/narrador-futbol/output/tracks_json/tracker/A1606b0e6_0_9_tracks.json,/home/cmantill/narrador-futbol/output/tracks_json/tracker/A1606b0e6_0_9_summary.json,2026-03-13T13:26:57.543728+00:00,24,22,0.729878787878788,0.8366666666666667,0.6606666666666666,10.409090909090908,8.0,14.037185335267175,7.8125,0.9090909090909091,3.120424312995602,3.7257764487771485,30.074583777746653,17.43722985893875,0.0,0.0,-1.4428232973175175e-12,27.798247475679872,2.7776822099540435,0.2941806608554469,0.807714550050454,,,,,,,,,,,,
/home/cmantill/.cache/kagglehub/datasets/saberghaderi/-dfl-bundesliga-460-mp4-videos-in-30sec-csv/versions/1/DFL Bundesliga Data Shootout/train/B1606b0e6_1/B1606b0e6_1 (1).mp4,B1606b0e6_1 (1).mp4,B1606b0e6_1 (1),/home/cmantill/.cache/kagglehub/datasets/saberghaderi/-dfl-bundesliga-460-mp4-videos-in-30sec-csv/versions/1/DFL Bundesliga Data Shootout/train/B1606b0e6_1/B1606b0e6_1 (1).mp4,/home/cmantill/narrador-futbol/output/tracks_json/tracker/B1606b0e6_1_1_tracks.json,/home/cmantill/narrador-futbol/output/tracks_json/tracker/B1606b0e6_1_1_summary.json,2026-03-13T16:01:39.562467+00:00,23,22,0.31266666666666665,0.31799999999999995,0.23900000000000002,14.227272727272727,12.5,29.883543144745286,19.738095238095237,0.8636363636363636,1.2144803008762188,1.0300507846965739,648.7496557033036,42.20500871719861,0.0,0.0,-1.4428232973175175e-12,62.31638921430492,4.1079891036878236,0.18933465145434092,0.6185254797940242,,,,,,,,,,,,
/home/cmantill/.cache/kagglehub/datasets/saberghaderi/-dfl-bundesliga-460-mp4-videos-in-30sec-csv/versions/1/DFL Bundesliga Data Shootout/train/B1606b0e6_1/B1606b0e6_1 (10).mp4,B1606b0e6_1 (10).mp4,B1606b0e6_1 (10),/home/cmantill/.cache/kagglehub/datasets/saberghaderi/-dfl-bundesliga-460-mp4-videos-in-30sec-csv/versions/1/DFL Bundesliga Data Shootout/train/B1606b0e6_1/B1606b0e6_1 (10).mp4,/home/cmantill/narrador-futbol/output/tracks_json/tracker/B1606b0e6_1_10_tracks.json,/home/cmantill/narrador-futbol/output/tracks_json/tracker/B1606b0e6_1_10_summary.json,2026-03-13T16:19:53.338707+00:00,23,22,0.5293939393939394,0.5333333333333333,0.4136666666666667,37.86363636363637,36.5,10.76341892596504,8.591185410334347,1.0,1.8755498627785985,2.0656533260493894,616.5329128019296,185.84243062403843,0.0,0.0,-1.4428232973175175e-12,74.69590181297238,3.0408640403851774,0.2458400514810809,0.6404817802625634,,,,,,,,,,,,
/home/cmantill/.cache/kagglehub/datasets/saberghaderi/-dfl-bundesliga-460-mp4-videos-in-30sec-csv/versions/1/DFL Bundesliga Data Shootout/train/B1606b0e6_1/B1606b0e6_1 (11).mp4,B1606b0e6_1 (11).mp4,B1606b0e6_1 (11),/home/cmantill/.cache/kagglehub/datasets/saberghaderi/-dfl-bundesliga-460-mp4-videos-in-30sec-csv/versions/1/DFL Bundesliga Data Shootout/train/B1606b0e6_1/B1606b0e6_1 (11).mp4,/home/cmantill/narrador-futbol/output/tracks_json/tracker/B1606b0e6_1_11_tracks.json,/home/cmantill/narrador-futbol/output/tracks_json/tracker/B1606b0e6_1_11_summary.json,2026-03-13T16:22:23.507594+00:00,24,22,0.4844848484848484,0.514,0.447,20.0,18.5,20.958353528477666,17.522222222222222,0.9545454545454546,1.1309641624894153,1.1294476755608611,172.15690521222922,40.62002109992492,0.0,0.0,-1.4428232973175175e-12,52.69887740166096,2.703012060601491,0.2987869717552632,0.6297427212111318,,,,,,,,,,,,
/home/cmantill/.cache/kagglehub/datasets/saberghaderi/-dfl-bundesliga-460-mp4-videos-in-30sec-csv/versions/1/DFL Bundesliga Data Shootout/train/B1606b0e6_1/B1606b0e6_1 (12).mp4,B1606b0e6_1 (12).mp4,B1606b0e6_1 (12),/home/cmantill/.cache/kagglehub/datasets/saberghaderi/-dfl-bundesliga-460-mp4-videos-in-30sec-csv/versions/1/DFL Bundesliga Data Shootout/train/B1606b0e6_1/B1606b0e6_1 (12).mp4,/home/cmantill/narrador-futbol/output/tracks_json/tracker/B1606b0e6_1_12_tracks.json,/home/cmantill/narrador-futbol/output/tracks_json/tracker/B1606b0e6_1_12_summary.json,2026-03-13T16:22:42.437975+00:00,22,22,0.3641818181818182,0.368,0.203,16.363636363636363,14.5,19.514874054706592,18.98076923076923,0.9090909090909091,1.086220728667233,1.136319521410235,79.63366523736323,17.121945937695145,0.0,0.0,-1.4428232973175175e-12,48.01252287750978,3.6216149763704304,0.24095429688016012,0.6213443669088794,,,,,,,,,,,,
/home/cmantill/.cache/kagglehub/datasets/saberghaderi/-dfl-bundesliga-460-mp4-videos-in-30sec-csv/versions/1/DFL Bundesliga Data Shootout/train/B1606b0e6_1/B1606b0e6_1 (13).mp4,B1606b0e6_1 (13).mp4,B1606b0e6_1 (13),/home/cmantill/.cache/kagglehub/datasets/saberghaderi/-dfl-bundesliga-460-mp4-videos-in-30sec-csv/versions/1/DFL Bundesliga Data Shootout/train/B1606b0e6_1/B1606b0e6_1 (13).mp4,/home/cmantill/narrador-futbol/output/tracks_json/tracker/B1606b0e6_1_13_tracks.json,/home/cmantill/narrador-futbol/output/tracks_json/tracker/B1606b0e6_1_13_summary.json,2026-03-13T16:25:09.995153+00:00,25,22,0.29090909090909084,0.30733333333333335,0.06233333333333334,20.636363636363637,20.0,12.105992162175317,12.017857142857142,0.8181818181818182,1.5626372930426098,1.282872105384281,735.0742777024378,54.425785382003816,0.0,0.0,-1.4428232973175175e-12,37.56025453724503,2.696433268629708,0.23563762096613494,0.7005211559945521,,,,,,,,,,,,
/home/cmantill/.cache/kagglehub/datasets/saberghaderi/-dfl-bundesliga-460-mp4-videos-in-30sec-csv/versions/1/DFL Bundesliga Data Shootout/train/B1606b0e6_1/B1606b0e6_1 (14).mp4,B1606b0e6_1 (14).mp4,B1606b0e6_1 (14),/home/cmantill/.cache/kagglehub/datasets/saberghaderi/-dfl-bundesliga-460-mp4-videos-in-30sec-csv/versions/1/DFL Bundesliga Data Shootout/train/B1606b0e6_1/B1606b0e6_1 (14).mp4,/home/cmantill/narrador-futbol/output/tracks_json/tracker/B1606b0e6_1_14_tracks.json,/home/cmantill/narrador-futbol/output/tracks_json/tracker/B1606b0e6_1_14_summary.json,2026-03-13T16:27:24.147892+00:00,25,19,0.29431578947368414,0.30266666666666664,0.0026666666666666666,15.421052631578947,17.0,14.113457215327179,10.068965517241379,0.7894736842105263,1.2377501598215606,1.3585264874005634,23.580329473835725,8.928847528843114,0.0,0.0,-1.4428232973175173e-12,28.43833278854454,3.0094692979247353,0.18949276643755386,0.6326646911755948,,,,,,,,,,,,
/home/cmantill/.cache/kagglehub/datasets/saberghaderi/-dfl-bundesliga-460-mp4-videos-in-30sec-csv/versions/1/DFL Bundesliga Data Shootout/train/B1606b0e6_1/B1606b0e6_1 (15).mp4,B1606b0e6_1 (15).mp4,B1606b0e6_1 (15),/home/cmantill/.cache/kagglehub/datasets/saberghaderi/-dfl-bundesliga-460-mp4-videos-in-30sec-csv/versions/1/DFL Bundesliga Data Shootout/train/B1606b0e6_1/B1606b0e6_1 (15).mp4,/home/cmantill/narrador-futbol/output/tracks_json/tracker/B1606b0e6_1_15_tracks.json,/home/cmantill/narrador-futbol/output/tracks_json/tracker/B1606b0e6_1_15_summary.json,2026-03-13T16:28:34.913208+00:00,25,22,0.46369696969696966,0.516,0.37,14.318181818181818,14.5,19.21561630763946,17.795833333333334,0.8636363636363636,1.2130744810142406,1.409314538552813,1067.3256688939607,125.80875145638153,0.0,0.0,-1.4428232973175175e-12,61.7189770152535,3.2077204774797137,0.2068367280966539,0.6566824726397392,,,,,,,,,,,,
/home/cmantill/.cache/kagglehub/datasets/saberghaderi/-dfl-bundesliga-460-mp4-videos-in-30sec-csv/versions/1/DFL Bundesliga Data Shootout/train/B1606b0e6_1/B1606b0e6_1 (16).mp4,B1606b0e6_1 (16).mp4,B1606b0e6_1 (16),/home/cmantill/.cache/kagglehub/datasets/saberghaderi/-dfl-bundesliga-460-mp4-videos-in-30sec-csv/versions/1/DFL Bundesliga Data Shootout/train/B1606b0e6_1/B1606b0e6_1 (16).mp4,/home/cmantill/narrador-futbol/output/tracks_json/tracker/B1606b0e6_1_16_tracks.json,/home/cmantill/narrador-futbol/output/tracks_json/tracker/B1606b0e6_1_16_summary.json,2026-03-13T16:30:49.788246+00:00,25,19,0.4905964912280702,0.552,0.43933333333333335,14.473684210526315,14.0,20.616912079711803,21.0,0.8947368421052632,1.6195032506406213,1.575245265836594,179.8983065665221,30.376136861942733,0.0,0.0,-1.4428232973175173e-12,51.540031873938446,2.961354997765337,0.6604213097349049,0.6959399386540127,,,,,,,,,,,,
/home/cmantill/.cache/kagglehub/datasets/saberghaderi/-dfl-bundesliga-460-mp4-videos-in-30sec-csv/versions/1/DFL Bundesliga Data Shootout/train/B1606b0e6_1/B1606b0e6_1 (17).mp4,B1606b0e6_1 (17).mp4,B1606b0e6_1 (17),/home/cmantill/.cache/kagglehub/datasets/saberghaderi/-dfl-bundesliga-460-mp4-videos-in-30sec-csv/versions/1/DFL Bundesliga Data Shootout/train/B1606b0e6_1/B1606b0e6_1 (17).mp4,/home/cmantill/narrador-futbol/output/tracks_json/tracker/B1606b0e6_1_17_tracks.json,/home/cmantill/narrador-futbol/output/tracks_json/tracker/B1606b0e6_1_17_summary.json,2026-03-13T16:33:35.350999+00:00,25,22,0.8364848484848484,0.9566666666666667,0.7606666666666666,5.590909090909091,3.5,8.282549521185885,3.4545454545454546,0.8636363636363636,3.5180016115344226,3.4168621228189484,31.22498057454912,17.16832101404975,0.0,0.0,-1.4428232973175175e-12,25.051982020906983,2.2445669874000207,0.28735999637396176,0.8162236451512208,,,,,,,,,,,,
/home/cmantill/.cache/kagglehub/datasets/saberghaderi/-dfl-bundesliga-460-mp4-videos-in-30sec-csv/versions/1/DFL Bundesliga Data Shootout/train/B1606b0e6_1/B1606b0e6_1 (18).mp4,B1606b0e6_1 (18).mp4,B1606b0e6_1 (18),/home/cmantill/.cache/kagglehub/datasets/saberghaderi/-dfl-bundesliga-460-mp4-videos-in-30sec-csv/versions/1/DFL Bundesliga Data Shootout/train/B1606b0e6_1/B1606b0e6_1 (18).mp4,/home/cmantill/narrador-futbol/output/tracks_json/tracker/B1606b0e6_1_18_tracks.json,/home/cmantill/narrador-futbol/output/tracks_json/tracker/B1606b0e6_1_18_summary.json,2026-03-13T16:36:10.686031+00:00,25,21,0.8387936507936506,0.9226666666666666,0.7146666666666667,7.9523809523809526,8.0,11.497121529264387,7.5,0.9523809523809523,3.073685456031352,3.0642749657691595,25.213899648308548,15.281594713746163,0.0,0.0,-1.4428232973175173e-12,22.837667786808897,2.4862864994485427,0.31045528073872386,0.8138493940728118,,,,,,,,,,,,
/home/cmantill/.cache/kagglehub/datasets/saberghaderi/-dfl-bundesliga-460-mp4-videos-in-30sec-csv/versions/1/DFL Bundesliga Data Shootout/train/B1606b0e6_1/B1606b0e6_1 (19).mp4,B1606b0e6_1 (19).mp4,B1606b0e6_1 (19),/home/cmantill/.cache/kagglehub/datasets/saberghaderi/-dfl-bundesliga-460-mp4-videos-in-30sec-csv/versions/1/DFL Bundesliga Data Shootout/train/B1606b0e6_1/B1606b0e6_1 (19).mp4,/home/cmantill/narrador-futbol/output/tracks_json/tracker/B1606b0e6_1_19_tracks.json,/home/cmantill/narrador-futbol/output/tracks_json/tracker/B1606b0e6_1_19_summary.json,2026-03-13T16:37:18.449801+00:00,25,22,0.7967878787878786,0.882,0.7686666666666667,9.227272727272727,8.5,7.89718400286582,5.5,0.9090909090909091,3.477310200710757,3.172450940023299,33.90968872494393,16.698375986627664,0.0,0.0,-1.4428232973175175e-12,30.814258939948186,2.6990360468002668,0.43593348798024456,0.7861320606124008,,,,,,,,,,,,
/home/cmantill/.cache/kagglehub/datasets/saberghaderi/-dfl-bundesliga-460-mp4-videos-in-30sec-csv/versions/1/DFL Bundesliga Data Shootout/train/B1606b0e6_1/B1606b0e6_1 (2).mp4,B1606b0e6_1 (2).mp4,B1606b0e6_1 (2),/home/cmantill/.cache/kagglehub/datasets/saberghaderi/-dfl-bundesliga-460-mp4-videos-in-30sec-csv/versions/1/DFL Bundesliga Data Shootout/train/B1606b0e6_1/B1606b0e6_1 (2).mp4,/home/cmantill/narrador-futbol/output/tracks_json/tracker/B1606b0e6_1_2_tracks.json,/home/cmantill/narrador-futbol/output/tracks_json/tracker/B1606b0e6_1_2_summary.json,2026-03-13T16:04:45.579063+00:00,24,22,0.3226060606060606,0.352,0.25,23.545454545454547,27.5,15.954677602973646,13.633049242424242,0.8636363636363636,1.6919223839271094,1.4652093026064918,694.4184758558774,103.87783640777688,0.0,0.0,-1.4428232973175175e-12,76.7957082691309,3.335115677751001,0.23713962217489507,0.6186385683643087,,,,,,,,,,,,
/home/cmantill/.cache/kagglehub/datasets/saberghaderi/-dfl-bundesliga-460-mp4-videos-in-30sec-csv/versions/1/DFL Bundesliga Data Shootout/train/B1606b0e6_1/B1606b0e6_1 (20).mp4,B1606b0e6_1 (20).mp4,B1606b0e6_1 (20),/home/cmantill/.cache/kagglehub/datasets/saberghaderi/-dfl-bundesliga-460-mp4-videos-in-30sec-csv/versions/1/DFL Bundesliga Data Shootout/train/B1606b0e6_1/B1606b0e6_1 (20).mp4,/home/cmantill/narrador-futbol/output/tracks_json/tracker/B1606b0e6_1_20_tracks.json,/home/cmantill/narrador-futbol/output/tracks_json/tracker/B1606b0e6_1_20_summary.json,2026-03-13T16:40:21.800984+00:00,24,22,0.8116969696969697,0.8906666666666667,0.8123333333333334,14.454545454545455,13.0,6.912023203531337,3.684659090909091,1.0,1.5466996995265359,1.669778015483609,20.773726795175794,10.549763935075388,0.0,0.0,-1.4428232973175175e-12,19.24487660438118,2.1502312240973165,0.25386884756253186,0.7830186896293848,,,,,,,,,,,,
/home/cmantill/.cache/kagglehub/datasets/saberghaderi/-dfl-bundesliga-460-mp4-videos-in-30sec-csv/versions/1/DFL Bundesliga Data Shootout/train/B1606b0e6_1/B1606b0e6_1 (21).mp4,B1606b0e6_1 (21).mp4,B1606b0e6_1 (21),/home/cmantill/.cache/kagglehub/datasets/saberghaderi/-dfl-bundesliga-460-mp4-videos-in-30sec-csv/versions/1/DFL Bundesliga Data Shootout/train/B1606b0e6_1/B1606b0e6_1 (21).mp4,/home/cmantill/narrador-futbol/output/tracks_json/tracker/B1606b0e6_1_21_tracks.json,/home/cmantill/narrador-futbol/output/tracks_json/tracker/B1606b0e6_1_21_summary.json,2026-03-13T16:43:40.207321+00:00,25,21,0.791047619047619,0.8213333333333334,0.72,13.0,12.0,11.214512617556911,7.217391304347826,1.0,2.388837789134779,2.3934535062663675,38.55677242904111,16.840866705769773,0.0,0.0,-1.4428232973175173e-12,28.226437419033605,2.652728185896695,0.44027942795853386,0.7513008246436836,,,,,,,,,,,,
/home/cmantill/.cache/kagglehub/datasets/saberghaderi/-dfl-bundesliga-460-mp4-videos-in-30sec-csv/versions/1/DFL Bundesliga Data Shootout/train/B1606b0e6_1/B1606b0e6_1 (22).mp4,B1606b0e6_1 (22).mp4,B1606b0e6_1 (22),/home/cmantill/.cache/kagglehub/datasets/saberghaderi/-dfl-bundesliga-460-mp4-videos-in-30sec-csv/versions/1/DFL Bundesliga Data Shootout/train/B1606b0e6_1/B1606b0e6_1 (22).mp4,/home/cmantill/narrador-futbol/output/tracks_json/tracker/B1606b0e6_1_22_tracks.json,/home/cmantill/narrador-futbol/output/tracks_json/tracker/B1606b0e6_1_22_summary.json,2026-03-13T16:44:09.798777+00:00,23,22,0.715030303030303,0.7933333333333333,0.6383333333333333,15.363636363636363,16.5,7.84064120395038,6.330882352941177,0.9090909090909091,2.994366883836079,2.741111497738059,35.853775292634644,16.154104228494084,0.0,0.0,-1.4428232973175175e-12,36.54271535449811,2.680546447862102,0.41584760751509553,0.727528891835592,,,,,,,,,,,,
/home/cmantill/.cache/kagglehub/datasets/saberghaderi/-dfl-bundesliga-460-mp4-videos-in-30sec-csv/versions/1/DFL Bundesliga Data Shootout/train/B1606b0e6_1/B1606b0e6_1 (23).mp4,B1606b0e6_1 (23).mp4,B1606b0e6_1 (23),/home/cmantill/.cache/kagglehub/datasets/saberghaderi/-dfl-bundesliga-460-mp4-videos-in-30sec-csv/versions/1/DFL Bundesliga Data Shootout/train/B1606b0e6_1/B1606b0e6_1 (23).mp4,/home/cmantill/narrador-futbol/output/tracks_json/tracker/B1606b0e6_1_23_tracks.json,/home/cmantill/narrador-futbol/output/tracks_json/tracker/B1606b0e6_1_23_summary.json,2026-03-13T16:48:47.606009+00:00,24,22,0.5795757575757576,0.5793333333333333,0.5386666666666666,16.636363636363637,14.0,13.671980866544265,11.469999999999999,1.0,4.880597332386446,4.930079718424564,589.7997755444395,62.233323072897406,0.0,0.0,-1.4428232973175175e-12,47.42263121844863,2.989638589308859,0.8303595046474995,0.8040816545809009,,,,,,,,,,,,
/home/cmantill/.cache/kagglehub/datasets/saberghaderi/-dfl-bundesliga-460-mp4-videos-in-30sec-csv/versions/1/DFL Bundesliga Data Shootout/train/B1606b0e6_1/B1606b0e6_1 (24).mp4,B1606b0e6_1 (24).mp4,B1606b0e6_1 (24),/home/cmantill/.cache/kagglehub/datasets/saberghaderi/-dfl-bundesliga-460-mp4-videos-in-30sec-csv/versions/1/DFL Bundesliga Data Shootout/train/B1606b0e6_1/B1606b0e6_1 (24).mp4,/home/cmantill/narrador-futbol/output/tracks_json/tracker/B1606b0e6_1_24_tracks.json,/home/cmantill/narrador-futbol/output/tracks_json/tracker/B1606b0e6_1_24_summary.json,2026-03-13T16:49:54.613231+00:00,22,22,0.3247878787878788,0.3666666666666667,0.24766666666666667,32.31818181818182,37.5,11.220419744108147,8.29023307436182,0.8181818181818182,2.654056814744033,3.772306625337693,376.5963703020012,102.31381085130111,0.0,0.0,-1.4428232973175175e-12,36.91588132045857,3.1443758551364027,0.8994787988744717,0.607242575260911,,,,,,,,,,,,
/home/cmantill/.cache/kagglehub/datasets/saberghaderi/-dfl-bundesliga-460-mp4-videos-in-30sec-csv/versions/1/DFL Bundesliga Data Shootout/train/B1606b0e6_1/B1606b0e6_1 (25).mp4,B1606b0e6_1 (25).mp4,B1606b0e6_1 (25),/home/cmantill/.cache/kagglehub/datasets/saberghaderi/-dfl-bundesliga-460-mp4-videos-in-30sec-csv/versions/1/DFL Bundesliga Data Shootout/train/B1606b0e6_1/B1606b0e6_1 (25).mp4,/home/cmantill/narrador-futbol/output/tracks_json/tracker/B1606b0e6_1_25_tracks.json,/home/cmantill/narrador-futbol/output/tracks_json/tracker/B1606b0e6_1_25_summary.json,2026-03-13T16:50:14.758689+00:00,24,21,0.5076190476190476,0.52,0.48133333333333334,31.19047619047619,33.0,12.78421607674878,10.675675675675675,1.0,2.455596768039866,2.4434729165630467,432.3084265925607,111.85160873360049,0.0,0.0,-1.4428232973175173e-12,46.76563713165756,3.3096851344245306,0.6145198284094642,0.6975474704239355,,,,,,,,,,,,
/home/cmantill/.cache/kagglehub/datasets/saberghaderi/-dfl-bundesliga-460-mp4-videos-in-30sec-csv/versions/1/DFL Bundesliga Data Shootout/train/B1606b0e6_1/B1606b0e6_1 (26).mp4,B1606b0e6_1 (26).mp4,B1606b0e6_1 (26),/home/cmantill/.cache/kagglehub/datasets/saberghaderi/-dfl-bundesliga-460-mp4-videos-in-30sec-csv/versions/1/DFL Bundesliga Data Shootout/train/B1606b0e6_1/B1606b0e6_1 (26).mp4,/home/cmantill/narrador-futbol/output/tracks_json/tracker/B1606b0e6_1_26_tracks.json,/home/cmantill/narrador-futbol/output/tracks_json/tracker/B1606b0e6_1_26_summary.json,2026-03-13T16:55:31.822343+00:00,25,22,0.7274545454545454,0.7173333333333334,0.6213333333333333,24.818181818181817,25.0,7.2210510545079,7.052825552825553,1.0,3.4345371045578483,3.385518313556508,44.79773897639978,24.479286675501825,0.0,0.0,-1.4428232973175175e-12,39.30395909306491,3.0221719410671795,0.43685076828494807,0.7868199778424011,,,,,,,,,,,,
/home/cmantill/.cache/kagglehub/datasets/saberghaderi/-dfl-bundesliga-460-mp4-videos-in-30sec-csv/versions/1/DFL Bundesliga Data Shootout/train/B1606b0e6_1/B1606b0e6_1 (27).mp4,B1606b0e6_1 (27).mp4,B1606b0e6_1 (27),/home/cmantill/.cache/kagglehub/datasets/saberghaderi/-dfl-bundesliga-460-mp4-videos-in-30sec-csv/versions/1/DFL Bundesliga Data Shootout/train/B1606b0e6_1/B1606b0e6_1 (27).mp4,/home/cmantill/narrador-futbol/output/tracks_json/tracker/B1606b0e6_1_27_tracks.json,/home/cmantill/narrador-futbol/output/tracks_json/tracker/B1606b0e6_1_27_summary.json,2026-03-13T16:57:52.830878+00:00,23,22,0.6127878787878788,0.6733333333333333,0.5736666666666667,38.31818181818182,41.0,28.963775883936787,4.188690476190477,0.9090909090909091,3.3265058429216996,2.94438261556462,83.24549903773995,40.133837235032374,0.0,0.0,-1.4428232973175175e-12,55.29283647830551,2.7304950768874234,0.5894074390958461,0.758454047992488,,,,,,,,,,,,
/home/cmantill/.cache/kagglehub/datasets/saberghaderi/-dfl-bundesliga-460-mp4-videos-in-30sec-csv/versions/1/DFL Bundesliga Data Shootout/train/B1606b0e6_1/B1606b0e6_1 (28).mp4,B1606b0e6_1 (28).mp4,B1606b0e6_1 (28),/home/cmantill/.cache/kagglehub/datasets/saberghaderi/-dfl-bundesliga-460-mp4-videos-in-30sec-csv/versions/1/DFL Bundesliga Data Shootout/train/B1606b0e6_1/B1606b0e6_1 (28).mp4,/home/cmantill/narrador-futbol/output/tracks_json/tracker/B1606b0e6_1_28_tracks.json,/home/cmantill/narrador-futbol/output/tracks_json/tracker/B1606b0e6_1_28_summary.json,2026-03-13T16:58:05.145996+00:00,25,22,0.6167272727272728,0.6433333333333333,0.554,27.772727272727273,30.0,9.366366508893385,7.410849056603773,0.9090909090909091,2.2965453968604796,2.145882826956173,61.48325845711568,22.068636279516618,0.0,0.0,-1.4428232973175175e-12,48.579476123773,2.6692904713963226,0.46154598069666136,0.7899556253345282,,,,,,,,,,,,
/home/cmantill/.cache/kagglehub/datasets/saberghaderi/-dfl-bundesliga-460-mp4-videos-in-30sec-csv/versions/1/DFL Bundesliga Data Shootout/train/B1606b0e6_1/B1606b0e6_1 (29).mp4,B1606b0e6_1 (29).mp4,B1606b0e6_1 (29),/home/cmantill/.cache/kagglehub/datasets/saberghaderi/-dfl-bundesliga-460-mp4-videos-in-30sec-csv/versions/1/DFL Bundesliga Data Shootout/train/B1606b0e6_1/B1606b0e6_1 (29).mp4,/home/cmantill/narrador-futbol/output/tracks_json/tracker/B1606b0e6_1_29_tracks.json,/home/cmantill/narrador-futbol/output/tracks_json/tracker/B1606b0e6_1_29_summary.json,2026-03-13T17:03:49.925520+00:00,25,22,0.734969696969697,0.7846666666666666,0.6656666666666666,26.727272727272727,28.0,7.261854644804399,5.979166666666666,1.0,3.2427394818832496,3.276327463351126,87.74971850549073,36.83993668183551,0.0,0.0,-1.4428232973175175e-12,52.23603300719645,2.5525630165161415,0.40031739863961086,0.796362290756084,,,,,,,,,,,,
/home/cmantill/.cache/kagglehub/datasets/saberghaderi/-dfl-bundesliga-460-mp4-videos-in-30sec-csv/versions/1/DFL Bundesliga Data Shootout/train/B1606b0e6_1/B1606b0e6_1 (3).mp4,B1606b0e6_1 (3).mp4,B1606b0e6_1 (3),/home/cmantill/.cache/kagglehub/datasets/saberghaderi/-dfl-bundesliga-460-mp4-videos-in-30sec-csv/versions/1/DFL Bundesliga Data Shootout/train/B1606b0e6_1/B1606b0e6_1 (3).mp4,/home/cmantill/narrador-futbol/output/tracks_json/tracker/B1606b0e6_1_3_tracks.json,/home/cmantill/narrador-futbol/output/tracks_json/tracker/B1606b0e6_1_3_summary.json,2026-03-13T16:04:48.571886+00:00,23,22,0.35036363636363627,0.4006666666666666,0.231,15.545454545454545,13.5,48.06237089071569,24.325714285714284,1.0,0.9936119099043298,0.9053007546412043,326.22259538702656,41.40721209525794,0.0,0.0,-1.4428232973175175e-12,57.74740065527774,3.4181757269049156,0.23918603785299164,0.6153502111694694,,,,,,,,,,,,
/home/cmantill/.cache/kagglehub/datasets/saberghaderi/-dfl-bundesliga-460-mp4-videos-in-30sec-csv/versions/1/DFL Bundesliga Data Shootout/train/B1606b0e6_1/B1606b0e6_1 (30).mp4,B1606b0e6_1 (30).mp4,B1606b0e6_1 (30),/home/cmantill/.cache/kagglehub/datasets/saberghaderi/-dfl-bundesliga-460-mp4-videos-in-30sec-csv/versions/1/DFL Bundesliga Data Shootout/train/B1606b0e6_1/B1606b0e6_1 (30).mp4,/home/cmantill/narrador-futbol/output/tracks_json/tracker/B1606b0e6_1_30_tracks.json,/home/cmantill/narrador-futbol/output/tracks_json/tracker/B1606b0e6_1_30_summary.json,2026-03-13T17:04:45.235704+00:00,24,22,0.7875151515151515,0.8666666666666667,0.6363333333333333,11.727272727272727,11.0,14.728147239757146,7.6431623931623935,1.0,3.482774585479498,3.5124138492168426,41.24767594429431,20.774100592582318,0.0,0.0,-1.4428232973175175e-12,32.019451729137614,2.8213710377834986,0.4230607885173102,0.8013823537828354,,,,,,,,,,,,
/home/cmantill/.cache/kagglehub/datasets/saberghaderi/-dfl-bundesliga-460-mp4-videos-in-30sec-csv/versions/1/DFL Bundesliga Data Shootout/train/B1606b0e6_1/B1606b0e6_1 (31).mp4,B1606b0e6_1 (31).mp4,B1606b0e6_1 (31),/home/cmantill/.cache/kagglehub/datasets/saberghaderi/-dfl-bundesliga-460-mp4-videos-in-30sec-csv/versions/1/DFL Bundesliga Data Shootout/train/B1606b0e6_1/B1606b0e6_1 (31).mp4,/home/cmantill/narrador-futbol/output/tracks_json/tracker/B1606b0e6_1_31_tracks.json,/home/cmantill/narrador-futbol/output/tracks_json/tracker/B1606b0e6_1_31_summary.json,2026-03-13T17:04:50.494578+00:00,25,22,0.8518787878787879,0.9306666666666668,0.8283333333333334,8.0,6.5,18.849986503395595,4.318181818181818,1.0,2.765125062749733,2.7547491021242436,23.56843510485415,14.642795953869692,0.0,0.0,-1.4428232973175175e-12,59.01567638185487,2.9800815644957965,0.29779715525051914,0.8079163456158974,,,,,,,,,,,,
/home/cmantill/.cache/kagglehub/datasets/saberghaderi/-dfl-bundesliga-460-mp4-videos-in-30sec-csv/versions/1/DFL Bundesliga Data Shootout/train/B1606b0e6_1/B1606b0e6_1 (32).mp4,B1606b0e6_1 (32).mp4,B1606b0e6_1 (32),/home/cmantill/.cache/kagglehub/datasets/saberghaderi/-dfl-bundesliga-460-mp4-videos-in-30sec-csv/versions/1/DFL Bundesliga Data Shootout/train/B1606b0e6_1/B1606b0e6_1 (32).mp4,/home/cmantill/narrador-futbol/output/tracks_json/tracker/B1606b0e6_1_32_tracks.json,/home/cmantill/narrador-futbol/output/tracks_json/tracker/B1606b0e6_1_32_summary.json,2026-03-13T17:11:46.390885+00:00,24,22,0.8221212121212121,0.8733333333333333,0.7593333333333334,7.2727272727272725,7.0,13.001069763569763,5.467032967032967,0.9090909090909091,3.131932360739342,3.1514769245013627,57.75456772213335,19.867929111517842,0.0,0.0,-1.4428232973175175e-12,39.837788990186915,2.5990264895847544,0.3587063106642687,0.8130080553220083,,,,,,,,,,,,
/home/cmantill/.cache/kagglehub/datasets/saberghaderi/-dfl-bundesliga-460-mp4-videos-in-30sec-csv/versions/1/DFL Bundesliga Data Shootout/train/B1606b0e6_1/B1606b0e6_1 (33).mp4,B1606b0e6_1 (33).mp4,B1606b0e6_1 (33),/home/cmantill/.cache/kagglehub/datasets/saberghaderi/-dfl-bundesliga-460-mp4-videos-in-30sec-csv/versions/1/DFL Bundesliga Data Shootout/train/B1606b0e6_1/B1606b0e6_1 (33).mp4,/home/cmantill/narrador-futbol/output/tracks_json/tracker/B1606b0e6_1_33_tracks.json,/home/cmantill/narrador-futbol/output/tracks_json/tracker/B1606b0e6_1_33_summary.json,2026-03-13T17:11:21.415672+00:00,24,22,0.8485454545454545,0.93,0.829,6.136363636363637,6.0,10.100203814308092,4.9603174603174605,0.9545454545454546,2.8011027216889435,2.6963543224298756,59.914831708796086,21.52889812881062,0.0,0.0,-1.4428232973175175e-12,25.75216637514326,2.1143397973933817,0.3405687950962734,0.7917508695809709,,,,,,,,,,,,
/home/cmantill/.cache/kagglehub/datasets/saberghaderi/-dfl-bundesliga-460-mp4-videos-in-30sec-csv/versions/1/DFL Bundesliga Data Shootout/train/B1606b0e6_1/B1606b0e6_1 (34).mp4,B1606b0e6_1 (34).mp4,B1606b0e6_1 (34),/home/cmantill/.cache/kagglehub/datasets/saberghaderi/-dfl-bundesliga-460-mp4-videos-in-30sec-csv/versions/1/DFL Bundesliga Data Shootout/train/B1606b0e6_1/B1606b0e6_1 (34).mp4,/home/cmantill/narrador-futbol/output/tracks_json/tracker/B1606b0e6_1_34_tracks.json,/home/cmantill/narrador-futbol/output/tracks_json/tracker/B1606b0e6_1_34_summary.json,2026-03-13T17:10:54.119773+00:00,25,22,0.8481212121212122,0.9199999999999999,0.789,6.181818181818182,5.0,12.624734356552539,5.333333333333334,0.9090909090909091,3.092228276226847,3.07066380099196,22.970889001644366,16.353411632858283,0.0,0.0,-1.4428232973175175e-12,29.448580389978314,2.2595637777302247,0.2849552677384046,0.8244046323524046,,,,,,,,,,,,
/home/cmantill/.cache/kagglehub/datasets/saberghaderi/-dfl-bundesliga-460-mp4-videos-in-30sec-csv/versions/1/DFL Bundesliga Data Shootout/train/B1606b0e6_1/B1606b0e6_1 (35).mp4,B1606b0e6_1 (35).mp4,B1606b0e6_1 (35),/home/cmantill/.cache/kagglehub/datasets/saberghaderi/-dfl-bundesliga-460-mp4-videos-in-30sec-csv/versions/1/DFL Bundesliga Data Shootout/train/B1606b0e6_1/B1606b0e6_1 (35).mp4,/home/cmantill/narrador-futbol/output/tracks_json/tracker/B1606b0e6_1_35_tracks.json,/home/cmantill/narrador-futbol/output/tracks_json/tracker/B1606b0e6_1_35_summary.json,2026-03-13T17:17:46.856631+00:00,24,21,0.8276825396825397,0.8546666666666667,0.796,19.0,18.0,7.816919764081969,4.7272727272727275,1.0,3.3108901225808913,3.307398912377682,29.46014455149494,18.043529317038278,0.0,0.0,-1.4428232973175173e-12,29.635076658736754,2.6721509054922836,0.3508170804971223,0.8155790115301436,,,,,,,,,,,,
/home/cmantill/.cache/kagglehub/datasets/saberghaderi/-dfl-bundesliga-460-mp4-videos-in-30sec-csv/versions/1/DFL Bundesliga Data Shootout/train/B1606b0e6_1/B1606b0e6_1 (36).mp4,B1606b0e6_1 (36).mp4,B1606b0e6_1 (36),/home/cmantill/.cache/kagglehub/datasets/saberghaderi/-dfl-bundesliga-460-mp4-videos-in-30sec-csv/versions/1/DFL Bundesliga Data Shootout/train/B1606b0e6_1/B1606b0e6_1 (36).mp4,/home/cmantill/narrador-futbol/output/tracks_json/tracker/B1606b0e6_1_36_tracks.json,/home/cmantill/narrador-futbol/output/tracks_json/tracker/B1606b0e6_1_36_summary.json,2026-03-13T17:19:26.080231+00:00,25,22,0.8481818181818181,0.9093333333333333,0.8206666666666667,7.681818181818182,5.5,11.864526631399212,5.466666666666667,1.0,2.9489635787030877,3.0061054575711266,49.82020894104221,19.725459741013772,0.0,0.0,-1.4428232973175175e-12,34.91777479694132,2.2019179396832143,0.36656760754815193,0.8169755823427326,,,,,,,,,,,,
/home/cmantill/.cache/kagglehub/datasets/saberghaderi/-dfl-bundesliga-460-mp4-videos-in-30sec-csv/versions/1/DFL Bundesliga Data Shootout/train/B1606b0e6_1/B1606b0e6_1 (37).mp4,B1606b0e6_1 (37).mp4,B1606b0e6_1 (37),/home/cmantill/.cache/kagglehub/datasets/saberghaderi/-dfl-bundesliga-460-mp4-videos-in-30sec-csv/versions/1/DFL Bundesliga Data Shootout/train/B1606b0e6_1/B1606b0e6_1 (37).mp4,/home/cmantill/narrador-futbol/output/tracks_json/tracker/B1606b0e6_1_37_tracks.json,/home/cmantill/narrador-futbol/output/tracks_json/tracker/B1606b0e6_1_37_summary.json,2026-03-13T17:19:23.141471+00:00,25,22,0.8290909090909092,0.9246666666666666,0.8753333333333333,11.363636363636363,9.5,7.273808957757381,5.133928571428571,0.9545454545454546,2.046673428536169,2.067968951442307,24.709182753010445,11.526036239723014,0.0,0.0,-1.4428232973175175e-12,18.699337043571976,2.2917846795281087,0.22840529847252003,0.8075962940358028,,,,,,,,,,,,
/home/cmantill/.cache/kagglehub/datasets/saberghaderi/-dfl-bundesliga-460-mp4-videos-in-30sec-csv/versions/1/DFL Bundesliga Data Shootout/train/B1606b0e6_1/B1606b0e6_1 (38).mp4,B1606b0e6_1 (38).mp4,B1606b0e6_1 (38),/home/cmantill/.cache/kagglehub/datasets/saberghaderi/-dfl-bundesliga-460-mp4-videos-in-30sec-csv/versions/1/DFL Bundesliga Data Shootout/train/B1606b0e6_1/B1606b0e6_1 (38).mp4,/home/cmantill/narrador-futbol/output/tracks_json/tracker/B1606b0e6_1_38_tracks.json,/home/cmantill/narrador-futbol/output/tracks_json/tracker/B1606b0e6_1_38_summary.json,2026-03-13T17:26:51.094775+00:00,23,21,0.8248888888888889,0.864,0.72,11.476190476190476,12.0,10.61395307560721,8.666666666666666,1.0,3.1622390771039184,3.162663692531003,83.85052029676297,21.50598473626703,0.0,0.0,-1.4428232973175173e-12,24.596649409585876,2.552926537700514,0.4211948453898643,0.8183945019741943,,,,,,,,,,,,
/home/cmantill/.cache/kagglehub/datasets/saberghaderi/-dfl-bundesliga-460-mp4-videos-in-30sec-csv/versions/1/DFL Bundesliga Data Shootout/train/B1606b0e6_1/B1606b0e6_1 (39).mp4,B1606b0e6_1 (39).mp4,B1606b0e6_1 (39),/home/cmantill/.cache/kagglehub/datasets/saberghaderi/-dfl-bundesliga-460-mp4-videos-in-30sec-csv/versions/1/DFL Bundesliga Data Shootout/train/B1606b0e6_1/B1606b0e6_1 (39).mp4,/home/cmantill/narrador-futbol/output/tracks_json/tracker/B1606b0e6_1_39_tracks.json,/home/cmantill/narrador-futbol/output/tracks_json/tracker/B1606b0e6_1_39_summary.json,2026-03-13T17:25:01.348731+00:00,25,21,0.2926984126984126,0.38,0.004,24.952380952380953,30.0,63.140482177151725,10.209302325581396,0.8571428571428571,2.0009867667270105,1.6258521340214902,294.1247201267592,48.499991223711426,0.0,0.0,-1.4428232973175173e-12,32.243198309428735,4.23211135118455,0.5111720279806147,0.6269293211119317,,,,,,,,,,,,
/home/cmantill/.cache/kagglehub/datasets/saberghaderi/-dfl-bundesliga-460-mp4-videos-in-30sec-csv/versions/1/DFL Bundesliga Data Shootout/train/B1606b0e6_1/B1606b0e6_1 (4).mp4,B1606b0e6_1 (4).mp4,B1606b0e6_1 (4),/home/cmantill/.cache/kagglehub/datasets/saberghaderi/-dfl-bundesliga-460-mp4-videos-in-30sec-csv/versions/1/DFL Bundesliga Data Shootout/train/B1606b0e6_1/B1606b0e6_1 (4).mp4,/home/cmantill/narrador-futbol/output/tracks_json/tracker/B1606b0e6_1_4_tracks.json,/home/cmantill/narrador-futbol/output/tracks_json/tracker/B1606b0e6_1_4_summary.json,2026-03-13T16:07:11.180814+00:00,22,22,0.31703030303030305,0.42866666666666664,0.004,15.818181818181818,17.0,13.99831212199421,12.939516129032258,0.6818181818181818,1.0420402656478243,0.8109693431474589,279.1460625709296,44.64096057658444,0.0,0.0,-1.4428232973175175e-12,38.968505337628805,2.5506249605460187,0.2120739944472058,0.6468146930914399,,,,,,,,,,,,
/home/cmantill/.cache/kagglehub/datasets/saberghaderi/-dfl-bundesliga-460-mp4-videos-in-30sec-csv/versions/1/DFL Bundesliga Data Shootout/train/B1606b0e6_1/B1606b0e6_1 (40).mp4,B1606b0e6_1 (40).mp4,B1606b0e6_1 (40),/home/cmantill/.cache/kagglehub/datasets/saberghaderi/-dfl-bundesliga-460-mp4-videos-in-30sec-csv/versions/1/DFL Bundesliga Data Shootout/train/B1606b0e6_1/B1606b0e6_1 (40).mp4,/home/cmantill/narrador-futbol/output/tracks_json/tracker/B1606b0e6_1_40_tracks.json,/home/cmantill/narrador-futbol/output/tracks_json/tracker/B1606b0e6_1_40_summary.json,2026-03-13T17:25:38.029477+00:00,25,22,0.8529090909090911,0.9299999999999999,0.764,5.681818181818182,5.0,21.29238097760825,5.5,0.9545454545454546,3.345878925374988,3.346893257173471,38.24714294860373,20.007407828728223,0.0,0.0,-1.4428232973175175e-12,25.298086059888814,2.3449649521377234,0.33176756853328093,0.81986522625241,,,,,,,,,,,,
/home/cmantill/.cache/kagglehub/datasets/saberghaderi/-dfl-bundesliga-460-mp4-videos-in-30sec-csv/versions/1/DFL Bundesliga Data Shootout/train/B1606b0e6_1/B1606b0e6_1 (41).mp4,B1606b0e6_1 (41).mp4,B1606b0e6_1 (41),/home/cmantill/.cache/kagglehub/datasets/saberghaderi/-dfl-bundesliga-460-mp4-videos-in-30sec-csv/versions/1/DFL Bundesliga Data Shootout/train/B1606b0e6_1/B1606b0e6_1 (41).mp4,/home/cmantill/narrador-futbol/output/tracks_json/tracker/B1606b0e6_1_41_tracks.json,/home/cmantill/narrador-futbol/output/tracks_json/tracker/B1606b0e6_1_41_summary.json,2026-03-13T17:32:01.427052+00:00,24,20,0.8019999999999999,0.8440000000000001,0.712,10.9,9.5,12.098821639961345,8.857142857142858,1.0,3.169870033800269,3.0997408960346218,33.2229108044349,18.21110271906924,0.0,0.0,-1.4428232973175173e-12,38.815480706212654,3.0380050205317533,0.3871584581713535,0.7956791762585746,,,,,,,,,,,,
/home/cmantill/.cache/kagglehub/datasets/saberghaderi/-dfl-bundesliga-460-mp4-videos-in-30sec-csv/versions/1/DFL Bundesliga Data Shootout/train/B1606b0e6_1/B1606b0e6_1 (42).mp4,B1606b0e6_1 (42).mp4,B1606b0e6_1 (42),/home/cmantill/.cache/kagglehub/datasets/saberghaderi/-dfl-bundesliga-460-mp4-videos-in-30sec-csv/versions/1/DFL Bundesliga Data Shootout/train/B1606b0e6_1/B1606b0e6_1 (42).mp4,/home/cmantill/narrador-futbol/output/tracks_json/tracker/B1606b0e6_1_42_tracks.json,/home/cmantill/narrador-futbol/output/tracks_json/tracker/B1606b0e6_1_42_summary.json,2026-03-13T17:32:06.746021+00:00,25,22,0.776969696969697,0.8473333333333333,0.7323333333333333,5.954545454545454,7.0,24.349055489964584,4.818181818181818,1.0,3.0954431092537673,3.1176000559875523,26.169482903621358,17.41781988298918,0.0,0.0,-1.4428232973175175e-12,31.76737857462152,2.4848939973682693,0.28973487170587797,0.8117172090882376,,,,,,,,,,,,
/home/cmantill/.cache/kagglehub/datasets/saberghaderi/-dfl-bundesliga-460-mp4-videos-in-30sec-csv/versions/1/DFL Bundesliga Data Shootout/train/B1606b0e6_1/B1606b0e6_1 (43).mp4,B1606b0e6_1 (43).mp4,B1606b0e6_1 (43),/home/cmantill/.cache/kagglehub/datasets/saberghaderi/-dfl-bundesliga-460-mp4-videos-in-30sec-csv/versions/1/DFL Bundesliga Data Shootout/train/B1606b0e6_1/B1606b0e6_1 (43).mp4,/home/cmantill/narrador-futbol/output/tracks_json/tracker/B1606b0e6_1_43_tracks.json,/home/cmantill/narrador-futbol/output/tracks_json/tracker/B1606b0e6_1_43_summary.json,2026-03-13T17:36:42.268703+00:00,25,19,0.395859649122807,0.5173333333333333,0.398,11.263157894736842,11.0,23.374496571901656,19.94736842105263,0.7894736842105263,3.097373363805514,2.5868495259088435,73.27069887690709,24.46371112386795,0.0,0.0,-1.4428232973175173e-12,48.72588642383715,2.5965663730761626,1.3922849835650726,0.7205253066838562,,,,,,,,,,,,
/home/cmantill/.cache/kagglehub/datasets/saberghaderi/-dfl-bundesliga-460-mp4-videos-in-30sec-csv/versions/1/DFL Bundesliga Data Shootout/train/B1606b0e6_1/B1606b0e6_1 (44).mp4,B1606b0e6_1 (44).mp4,B1606b0e6_1 (44),/home/cmantill/.cache/kagglehub/datasets/saberghaderi/-dfl-bundesliga-460-mp4-videos-in-30sec-csv/versions/1/DFL Bundesliga Data Shootout/train/B1606b0e6_1/B1606b0e6_1 (44).mp4,/home/cmantill/narrador-futbol/output/tracks_json/tracker/B1606b0e6_1_44_tracks.json,/home/cmantill/narrador-futbol/output/tracks_json/tracker/B1606b0e6_1_44_summary.json,2026-03-13T17:47:44.113966+00:00,25,20,0.5002,0.5193333333333333,0.4083333333333333,15.9,15.5,26.534288322915323,18.64090909090909,0.95,0.6359775627257793,0.6533255498867198,59.446191366269964,11.042363857018328,0.0,0.0,-1.4428232973175173e-12,29.21663404117529,3.0790524067557548,0.17367889788525823,0.5866141922212589,,,,,,,,,,,,
/home/cmantill/.cache/kagglehub/datasets/saberghaderi/-dfl-bundesliga-460-mp4-videos-in-30sec-csv/versions/1/DFL Bundesliga Data Shootout/train/B1606b0e6_1/B1606b0e6_1 (45).mp4,B1606b0e6_1 (45).mp4,B1606b0e6_1 (45),/home/cmantill/.cache/kagglehub/datasets/saberghaderi/-dfl-bundesliga-460-mp4-videos-in-30sec-csv/versions/1/DFL Bundesliga Data Shootout/train/B1606b0e6_1/B1606b0e6_1 (45).mp4,/home/cmantill/narrador-futbol/output/tracks_json/tracker/B1606b0e6_1_45_tracks.json,/home/cmantill/narrador-futbol/output/tracks_json/tracker/B1606b0e6_1_45_summary.json,2026-03-13T17:38:06.338042+00:00,24,22,0.6028484848484849,0.6573333333333333,0.546,19.0,19.5,15.11468704521547,8.845238095238095,0.9545454545454546,2.524785570978214,2.4176607138638695,119.87046682935622,29.35090446142087,0.0,0.0,-1.4428232973175175e-12,41.01235943233321,2.5392087079997965,0.39131384255950397,0.7664264971035543,,,,,,,,,,,,
/home/cmantill/.cache/kagglehub/datasets/saberghaderi/-dfl-bundesliga-460-mp4-videos-in-30sec-csv/versions/1/DFL Bundesliga Data Shootout/train/B1606b0e6_1/B1606b0e6_1 (46).mp4,B1606b0e6_1 (46).mp4,B1606b0e6_1 (46),/home/cmantill/.cache/kagglehub/datasets/saberghaderi/-dfl-bundesliga-460-mp4-videos-in-30sec-csv/versions/1/DFL Bundesliga Data Shootout/train/B1606b0e6_1/B1606b0e6_1 (46).mp4,/home/cmantill/narrador-futbol/output/tracks_json/tracker/B1606b0e6_1_46_tracks.json,/home/cmantill/narrador-futbol/output/tracks_json/tracker/B1606b0e6_1_46_summary.json,2026-03-13T17:45:28.982989+00:00,22,20,0.8372666666666667,0.8666666666666667,0.7886666666666666,18.25,16.0,6.558040114014547,4.6558441558441555,1.0,2.5860455667150313,2.5610401635448907,37.28723927010115,16.81131231182541,0.0,0.0,-1.4428232973175173e-12,40.8900123078502,2.315583678085838,0.2900379912286105,0.8132681229093983,,,,,,,,,,,,
/home/cmantill/.cache/kagglehub/datasets/saberghaderi/-dfl-bundesliga-460-mp4-videos-in-30sec-csv/versions/1/DFL Bundesliga Data Shootout/train/B1606b0e6_1/B1606b0e6_1 (47).mp4,B1606b0e6_1 (47).mp4,B1606b0e6_1 (47),/home/cmantill/.cache/kagglehub/datasets/saberghaderi/-dfl-bundesliga-460-mp4-videos-in-30sec-csv/versions/1/DFL Bundesliga Data Shootout/train/B1606b0e6_1/B1606b0e6_1 (47).mp4,/home/cmantill/narrador-futbol/output/tracks_json/tracker/B1606b0e6_1_47_tracks.json,/home/cmantill/narrador-futbol/output/tracks_json/tracker/B1606b0e6_1_47_summary.json,2026-03-13T17:44:09.278901+00:00,24,22,0.8404242424242425,0.9246666666666666,0.8580000000000001,11.636363636363637,10.0,5.784925794484618,2.945195195195195,0.9090909090909091,1.7491226857979267,2.0894416361884844,23.586791653012043,12.064286333740155,0.0,0.0,-1.4428232973175175e-12,24.627225737224183,2.3320644384682327,0.2334175599567101,0.8015865311071994,,,,,,,,,,,,
/home/cmantill/.cache/kagglehub/datasets/saberghaderi/-dfl-bundesliga-460-mp4-videos-in-30sec-csv/versions/1/DFL Bundesliga Data Shootout/train/B1606b0e6_1/B1606b0e6_1 (48).mp4,B1606b0e6_1 (48).mp4,B1606b0e6_1 (48),/home/cmantill/.cache/kagglehub/datasets/saberghaderi/-dfl-bundesliga-460-mp4-videos-in-30sec-csv/versions/1/DFL Bundesliga Data Shootout/train/B1606b0e6_1/B1606b0e6_1 (48).mp4,/home/cmantill/narrador-futbol/output/tracks_json/tracker/B1606b0e6_1_48_tracks.json,/home/cmantill/narrador-futbol/output/tracks_json/tracker/B1606b0e6_1_48_summary.json,2026-03-13T17:51:11.037901+00:00,25,22,0.8464242424242425,0.9426666666666667,0.778,6.909090909090909,6.5,10.15275974025974,6.457142857142857,1.0,3.5626959083652117,3.594215092893961,39.64848837698881,20.44416248821001,0.0,0.0,-1.4428232973175175e-12,25.490888564021017,2.5527692986537134,0.32852946519826987,0.826045643582184,,,,,,,,,,,,
/home/cmantill/.cache/kagglehub/datasets/saberghaderi/-dfl-bundesliga-460-mp4-videos-in-30sec-csv/versions/1/DFL Bundesliga Data Shootout/train/B1606b0e6_1/B1606b0e6_1 (49).mp4,B1606b0e6_1 (49).mp4,B1606b0e6_1 (49),/home/cmantill/.cache/kagglehub/datasets/saberghaderi/-dfl-bundesliga-460-mp4-videos-in-30sec-csv/versions/1/DFL Bundesliga Data Shootout/train/B1606b0e6_1/B1606b0e6_1 (49).mp4,/home/cmantill/narrador-futbol/output/tracks_json/tracker/B1606b0e6_1_49_tracks.json,/home/cmantill/narrador-futbol/output/tracks_json/tracker/B1606b0e6_1_49_summary.json,2026-03-13T17:52:48.287342+00:00,25,22,0.8351515151515152,0.8806666666666667,0.7756666666666667,10.409090909090908,9.0,11.016387808566952,5.325757575757576,1.0,3.119606359590394,3.1157720522254393,40.732803452928486,17.23989373918116,0.0,0.0,-1.4428232973175175e-12,32.261935695618575,2.746966610357486,0.28982803075138297,0.8194311310825934,,,,,,,,,,,,
/home/cmantill/.cache/kagglehub/datasets/saberghaderi/-dfl-bundesliga-460-mp4-videos-in-30sec-csv/versions/1/DFL Bundesliga Data Shootout/train/B1606b0e6_1/B1606b0e6_1 (5).mp4,B1606b0e6_1 (5).mp4,B1606b0e6_1 (5),/home/cmantill/.cache/kagglehub/datasets/saberghaderi/-dfl-bundesliga-460-mp4-videos-in-30sec-csv/versions/1/DFL Bundesliga Data Shootout/train/B1606b0e6_1/B1606b0e6_1 (5).mp4,/home/cmantill/narrador-futbol/output/tracks_json/tracker/B1606b0e6_1_5_tracks.json,/home/cmantill/narrador-futbol/output/tracks_json/tracker/B1606b0e6_1_5_summary.json,2026-03-13T16:10:08.329994+00:00,22,22,0.44030303030303036,0.45733333333333337,0.35933333333333334,19.272727272727273,23.0,38.4758890462363,16.160714285714285,0.9545454545454546,1.4743749144710585,1.6175328063105106,865.8457390967654,96.49538552145303,0.0,0.0,-1.4428232973175175e-12,50.77655294461345,2.9161815915243854,0.22775828591858135,0.587903996734882,,,,,,,,,,,,
/home/cmantill/.cache/kagglehub/datasets/saberghaderi/-dfl-bundesliga-460-mp4-videos-in-30sec-csv/versions/1/DFL Bundesliga Data Shootout/train/B1606b0e6_1/B1606b0e6_1 (50).mp4,B1606b0e6_1 (50).mp4,B1606b0e6_1 (50),/home/cmantill/.cache/kagglehub/datasets/saberghaderi/-dfl-bundesliga-460-mp4-videos-in-30sec-csv/versions/1/DFL Bundesliga Data Shootout/train/B1606b0e6_1/B1606b0e6_1 (50).mp4,/home/cmantill/narrador-futbol/output/tracks_json/tracker/B1606b0e6_1_50_tracks.json,/home/cmantill/narrador-futbol/output/tracks_json/tracker/B1606b0e6_1_50_summary.json,2026-03-13T17:54:00.505887+00:00,25,22,0.8710303030303032,0.9413333333333334,0.821,8.045454545454545,7.5,13.692917183826275,3.75,1.0,2.9281300096632203,2.961264694843581,25.696188591429518,15.59439807119731,0.0,0.0,-1.4428232973175175e-12,25.79712703639129,2.6527831281388625,0.32832938579656834,0.8088926756746356,,,,,,,,,,,,
/home/cmantill/.cache/kagglehub/datasets/saberghaderi/-dfl-bundesliga-460-mp4-videos-in-30sec-csv/versions/1/DFL Bundesliga Data Shootout/train/B1606b0e6_1/B1606b0e6_1 (51).mp4,B1606b0e6_1 (51).mp4,B1606b0e6_1 (51),/home/cmantill/.cache/kagglehub/datasets/saberghaderi/-dfl-bundesliga-460-mp4-videos-in-30sec-csv/versions/1/DFL Bundesliga Data Shootout/train/B1606b0e6_1/B1606b0e6_1 (51).mp4,/home/cmantill/narrador-futbol/output/tracks_json/tracker/B1606b0e6_1_51_tracks.json,/home/cmantill/narrador-futbol/output/tracks_json/tracker/B1606b0e6_1_51_summary.json,2026-03-13T17:57:57.941541+00:00,25,22,0.868060606060606,0.9386666666666668,0.8373333333333334,6.409090909090909,6.0,8.258840795271276,5.96218487394958,1.0,2.5872739243859724,2.563306747380616,42.704553619529214,16.004351175372108,0.0,0.0,-1.4428232973175175e-12,21.990885400128636,2.242494965681797,0.3765285407225894,0.8123082412552015,,,,,,,,,,,,
/home/cmantill/.cache/kagglehub/datasets/saberghaderi/-dfl-bundesliga-460-mp4-videos-in-30sec-csv/versions/1/DFL Bundesliga Data Shootout/train/B1606b0e6_1/B1606b0e6_1 (52).mp4,B1606b0e6_1 (52).mp4,B1606b0e6_1 (52),/home/cmantill/.cache/kagglehub/datasets/saberghaderi/-dfl-bundesliga-460-mp4-videos-in-30sec-csv/versions/1/DFL Bundesliga Data Shootout/train/B1606b0e6_1/B1606b0e6_1 (52).mp4,/home/cmantill/narrador-futbol/output/tracks_json/tracker/B1606b0e6_1_52_tracks.json,/home/cmantill/narrador-futbol/output/tracks_json/tracker/B1606b0e6_1_52_summary.json,2026-03-13T17:59:47.023845+00:00,25,22,0.7753939393939394,0.8420000000000001,0.7116666666666667,9.545454545454545,9.0,22.054657951697425,5.657894736842105,1.0,3.3299011520147355,3.272499732267055,38.902295196034444,18.901783667415348,0.0,0.0,-1.4428232973175175e-12,30.73449213849493,3.077352903272797,0.35952375941043135,0.8124816811672553,,,,,,,,,,,,
/home/cmantill/.cache/kagglehub/datasets/saberghaderi/-dfl-bundesliga-460-mp4-videos-in-30sec-csv/versions/1/DFL Bundesliga Data Shootout/train/B1606b0e6_1/B1606b0e6_1 (53).mp4,B1606b0e6_1 (53).mp4,B1606b0e6_1 (53),/home/cmantill/.cache/kagglehub/datasets/saberghaderi/-dfl-bundesliga-460-mp4-videos-in-30sec-csv/versions/1/DFL Bundesliga Data Shootout/train/B1606b0e6_1/B1606b0e6_1 (53).mp4,/home/cmantill/narrador-futbol/output/tracks_json/tracker/B1606b0e6_1_53_tracks.json,/home/cmantill/narrador-futbol/output/tracks_json/tracker/B1606b0e6_1_53_summary.json,2026-03-13T18:01:37.241535+00:00,23,22,0.8113333333333334,0.9113333333333333,0.6913333333333334,10.0,9.0,11.365162993572083,6.881944444444445,1.0,1.513630841990072,1.5837887259800782,28.888483274331286,11.750545457386675,0.0,0.0,-1.4428232973175175e-12,42.205229260510556,2.8627362058333774,0.22059621362659157,0.7767281809172757,,,,,,,,,,,,
/home/cmantill/.cache/kagglehub/datasets/saberghaderi/-dfl-bundesliga-460-mp4-videos-in-30sec-csv/versions/1/DFL Bundesliga Data Shootout/train/B1606b0e6_1/B1606b0e6_1 (54).mp4,B1606b0e6_1 (54).mp4,B1606b0e6_1 (54),/home/cmantill/.cache/kagglehub/datasets/saberghaderi/-dfl-bundesliga-460-mp4-videos-in-30sec-csv/versions/1/DFL Bundesliga Data Shootout/train/B1606b0e6_1/B1606b0e6_1 (54).mp4,/home/cmantill/narrador-futbol/output/tracks_json/tracker/B1606b0e6_1_54_tracks.json,/home/cmantill/narrador-futbol/output/tracks_json/tracker/B1606b0e6_1_54_summary.json,2026-03-13T18:05:02.949887+00:00,25,21,0.7591746031746032,0.804,0.6413333333333333,18.142857142857142,19.0,6.4027389371178325,6.0,0.9523809523809523,1.3510827377929273,1.349451144186777,32.529305362442635,12.316318596575721,0.0,0.0,-1.4428232973175173e-12,21.51439999168364,1.8950135652110163,0.2003238660674802,0.7830702400263858,,,,,,,,,,,,
/home/cmantill/.cache/kagglehub/datasets/saberghaderi/-dfl-bundesliga-460-mp4-videos-in-30sec-csv/versions/1/DFL Bundesliga Data Shootout/train/B1606b0e6_1/B1606b0e6_1 (55).mp4,B1606b0e6_1 (55).mp4,B1606b0e6_1 (55),/home/cmantill/.cache/kagglehub/datasets/saberghaderi/-dfl-bundesliga-460-mp4-videos-in-30sec-csv/versions/1/DFL Bundesliga Data Shootout/train/B1606b0e6_1/B1606b0e6_1 (55).mp4,/home/cmantill/narrador-futbol/output/tracks_json/tracker/B1606b0e6_1_55_tracks.json,/home/cmantill/narrador-futbol/output/tracks_json/tracker/B1606b0e6_1_55_summary.json,2026-03-13T18:07:05.699450+00:00,24,22,0.7555757575757576,0.864,0.7113333333333334,11.863636363636363,11.0,8.014363373897934,5.5,0.9090909090909091,3.770520104462607,3.3752625929712186,69.78197671364217,22.85642668642183,0.0,0.0,-1.4428232973175175e-12,44.305360122863796,2.5238495238736642,0.3802694559191393,0.8198776926567185,,,,,,,,,,,,
/home/cmantill/.cache/kagglehub/datasets/saberghaderi/-dfl-bundesliga-460-mp4-videos-in-30sec-csv/versions/1/DFL Bundesliga Data Shootout/train/B1606b0e6_1/B1606b0e6_1 (56).mp4,B1606b0e6_1 (56).mp4,B1606b0e6_1 (56),/home/cmantill/.cache/kagglehub/datasets/saberghaderi/-dfl-bundesliga-460-mp4-videos-in-30sec-csv/versions/1/DFL Bundesliga Data Shootout/train/B1606b0e6_1/B1606b0e6_1 (56).mp4,/home/cmantill/narrador-futbol/output/tracks_json/tracker/B1606b0e6_1_56_tracks.json,/home/cmantill/narrador-futbol/output/tracks_json/tracker/B1606b0e6_1_56_summary.json,2026-03-13T18:06:42.124895+00:00,22,22,0.001333333333333333,0.0013333333333333333,0.0013333333333333333,0.0,0.0,0.0,0.0,0.0,0.0,0.0,0.0,0.0,0.0,0.0,-1.4428232973175175e-12,0.0,0.0,0.0,0.743872111493891,,,,,,,,,,,,
/home/cmantill/.cache/kagglehub/datasets/saberghaderi/-dfl-bundesliga-460-mp4-videos-in-30sec-csv/versions/1/DFL Bundesliga Data Shootout/train/B1606b0e6_1/B1606b0e6_1 (57).mp4,B1606b0e6_1 (57).mp4,B1606b0e6_1 (57),/home/cmantill/.cache/kagglehub/datasets/saberghaderi/-dfl-bundesliga-460-mp4-videos-in-30sec-csv/versions/1/DFL Bundesliga Data Shootout/train/B1606b0e6_1/B1606b0e6_1 (57).mp4,/home/cmantill/narrador-futbol/output/tracks_json/tracker/B1606b0e6_1_57_tracks.json,/home/cmantill/narrador-futbol/output/tracks_json/tracker/B1606b0e6_1_57_summary.json,2026-03-13T18:10:35.454974+00:00,25,19,0.49031578947368426,0.5386666666666666,0.4,22.31578947368421,25.0,14.98020459343282,13.575757575757576,1.0,2.1444911413968746,2.1598728558859768,284.1884410113332,66.0596925459002,0.0,0.0,-1.4428232973175173e-12,42.78332082525108,3.6430979865394972,0.592661911026805,0.6450504318690102,,,,,,,,,,,,
/home/cmantill/.cache/kagglehub/datasets/saberghaderi/-dfl-bundesliga-460-mp4-videos-in-30sec-csv/versions/1/DFL Bundesliga Data Shootout/train/B1606b0e6_1/B1606b0e6_1 (58).mp4,B1606b0e6_1 (58).mp4,B1606b0e6_1 (58),/home/cmantill/.cache/kagglehub/datasets/saberghaderi/-dfl-bundesliga-460-mp4-videos-in-30sec-csv/versions/1/DFL Bundesliga Data Shootout/train/B1606b0e6_1/B1606b0e6_1 (58).mp4,/home/cmantill/narrador-futbol/output/tracks_json/tracker/B1606b0e6_1_58_tracks.json,/home/cmantill/narrador-futbol/output/tracks_json/tracker/B1606b0e6_1_58_summary.json,2026-03-13T18:14:46.261615+00:00,25,22,0.7258181818181818,0.8046666666666666,0.642,11.590909090909092,10.0,11.024524390239133,6.689144736842105,0.9090909090909091,2.9137141480671738,2.8278143665475977,42.90835788606347,15.668891245269766,0.0,0.0,-1.4428232973175175e-12,24.51031183970183,2.873870809371235,0.3126956122586605,0.7781518757706141,,,,,,,,,,,,
/home/cmantill/.cache/kagglehub/datasets/saberghaderi/-dfl-bundesliga-460-mp4-videos-in-30sec-csv/versions/1/DFL Bundesliga Data Shootout/train/B1606b0e6_1/B1606b0e6_1 (59).mp4,B1606b0e6_1 (59).mp4,B1606b0e6_1 (59),/home/cmantill/.cache/kagglehub/datasets/saberghaderi/-dfl-bundesliga-460-mp4-videos-in-30sec-csv/versions/1/DFL Bundesliga Data Shootout/train/B1606b0e6_1/B1606b0e6_1 (59).mp4,/home/cmantill/narrador-futbol/output/tracks_json/tracker/B1606b0e6_1_59_tracks.json,/home/cmantill/narrador-futbol/output/tracks_json/tracker/B1606b0e6_1_59_summary.json,2026-03-13T18:15:41.050973+00:00,23,22,0.8053939393939396,0.8666666666666667,0.6446666666666667,13.909090909090908,14.0,10.981738554507693,5.9,1.0,3.1792038543938146,3.1687139123221404,32.74954428236572,17.566341396812167,0.0,0.0,-1.4428232973175175e-12,28.755963497687215,2.982630610984786,0.3345722519039346,0.7818152961786826,,,,,,,,,,,,
/home/cmantill/.cache/kagglehub/datasets/saberghaderi/-dfl-bundesliga-460-mp4-videos-in-30sec-csv/versions/1/DFL Bundesliga Data Shootout/train/B1606b0e6_1/B1606b0e6_1 (6).mp4,B1606b0e6_1 (6).mp4,B1606b0e6_1 (6),/home/cmantill/.cache/kagglehub/datasets/saberghaderi/-dfl-bundesliga-460-mp4-videos-in-30sec-csv/versions/1/DFL Bundesliga Data Shootout/train/B1606b0e6_1/B1606b0e6_1 (6).mp4,/home/cmantill/narrador-futbol/output/tracks_json/tracker/B1606b0e6_1_6_tracks.json,/home/cmantill/narrador-futbol/output/tracks_json/tracker/B1606b0e6_1_6_summary.json,2026-03-13T16:10:48.092830+00:00,22,22,0.40569696969696967,0.416,0.32666666666666666,35.95454545454545,34.5,12.087542816453402,11.140350877192983,0.9545454545454546,2.2031555203861273,2.162116451332179,735.9363037515873,173.81064076358197,0.0,0.0,-1.4428232973175175e-12,67.40858031794811,3.3309854824621983,0.24585447756769455,0.6054605574076891,,,,,,,,,,,,
/home/cmantill/.cache/kagglehub/datasets/saberghaderi/-dfl-bundesliga-460-mp4-videos-in-30sec-csv/versions/1/DFL Bundesliga Data Shootout/train/B1606b0e6_1/B1606b0e6_1 (60).mp4,B1606b0e6_1 (60).mp4,B1606b0e6_1 (60),/home/cmantill/.cache/kagglehub/datasets/saberghaderi/-dfl-bundesliga-460-mp4-videos-in-30sec-csv/versions/1/DFL Bundesliga Data Shootout/train/B1606b0e6_1/B1606b0e6_1 (60).mp4,/home/cmantill/narrador-futbol/output/tracks_json/tracker/B1606b0e6_1_60_tracks.json,/home/cmantill/narrador-futbol/output/tracks_json/tracker/B1606b0e6_1_60_summary.json,2026-03-13T18:17:05.150228+00:00,25,22,0.7856969696969696,0.8946666666666667,0.6553333333333333,6.681818181818182,6.0,16.998122372045813,14.102272727272727,0.9090909090909091,3.0514526685336967,3.1437818201750862,27.837457596685443,15.491994991896762,0.0,0.0,-1.4428232973175175e-12,19.86099180198961,2.5300635416127113,0.2984267608262673,0.7974498705628136,,,,,,,,,,,,
/home/cmantill/.cache/kagglehub/datasets/saberghaderi/-dfl-bundesliga-460-mp4-videos-in-30sec-csv/versions/1/DFL Bundesliga Data Shootout/train/B1606b0e6_1/B1606b0e6_1 (61).mp4,B1606b0e6_1 (61).mp4,B1606b0e6_1 (61),/home/cmantill/.cache/kagglehub/datasets/saberghaderi/-dfl-bundesliga-460-mp4-videos-in-30sec-csv/versions/1/DFL Bundesliga Data Shootout/train/B1606b0e6_1/B1606b0e6_1 (61).mp4,/home/cmantill/narrador-futbol/output/tracks_json/tracker/B1606b0e6_1_61_tracks.json,/home/cmantill/narrador-futbol/output/tracks_json/tracker/B1606b0e6_1_61_summary.json,2026-03-13T18:22:41.197121+00:00,25,22,0.864060606060606,0.93,0.8726666666666667,10.772727272727273,11.0,5.005779132483678,3.5722222222222224,1.0,3.3345695717904666,3.3308720356103834,27.440929670166252,15.67066139336796,0.0,0.0,-1.4428232973175175e-12,38.0730827222389,2.716270447120348,0.33246305989835445,0.8102958727688118,,,,,,,,,,,,
/home/cmantill/.cache/kagglehub/datasets/saberghaderi/-dfl-bundesliga-460-mp4-videos-in-30sec-csv/versions/1/DFL Bundesliga Data Shootout/train/B1606b0e6_1/B1606b0e6_1 (62).mp4,B1606b0e6_1 (62).mp4,B1606b0e6_1 (62),/home/cmantill/.cache/kagglehub/datasets/saberghaderi/-dfl-bundesliga-460-mp4-videos-in-30sec-csv/versions/1/DFL Bundesliga Data Shootout/train/B1606b0e6_1/B1606b0e6_1 (62).mp4,/home/cmantill/narrador-futbol/output/tracks_json/tracker/B1606b0e6_1_62_tracks.json,/home/cmantill/narrador-futbol/output/tracks_json/tracker/B1606b0e6_1_62_summary.json,2026-03-13T18:22:27.095653+00:00,25,22,0.7930303030303031,0.8253333333333334,0.718,14.090909090909092,14.0,11.25630697275434,8.089285714285715,1.0,1.8639980298302157,1.8528757635096282,20.17674783826707,10.837326060757906,0.0,0.0,-1.4428232973175175e-12,22.229689678243048,2.256913711728852,0.2771786089485013,0.7984399431541391,,,,,,,,,,,,
/home/cmantill/.cache/kagglehub/datasets/saberghaderi/-dfl-bundesliga-460-mp4-videos-in-30sec-csv/versions/1/DFL Bundesliga Data Shootout/train/B1606b0e6_1/B1606b0e6_1 (63).mp4,B1606b0e6_1 (63).mp4,B1606b0e6_1 (63),/home/cmantill/.cache/kagglehub/datasets/saberghaderi/-dfl-bundesliga-460-mp4-videos-in-30sec-csv/versions/1/DFL Bundesliga Data Shootout/train/B1606b0e6_1/B1606b0e6_1 (63).mp4,/home/cmantill/narrador-futbol/output/tracks_json/tracker/B1606b0e6_1_63_tracks.json,/home/cmantill/narrador-futbol/output/tracks_json/tracker/B1606b0e6_1_63_summary.json,2026-03-13T18:23:10.249215+00:00,25,22,0.8381212121212119,0.9473333333333334,0.8123333333333334,8.227272727272727,6.0,13.937416371507283,4.0,0.9545454545454546,3.015924445946595,3.0914632577274745,41.353497762869424,17.41131221133729,0.0,0.0,-1.4428232973175175e-12,34.394072540873694,2.491440898156375,0.32655711300848356,0.8086541669813812,,,,,,,,,,,,
/home/cmantill/.cache/kagglehub/datasets/saberghaderi/-dfl-bundesliga-460-mp4-videos-in-30sec-csv/versions/1/DFL Bundesliga Data Shootout/train/B1606b0e6_1/B1606b0e6_1 (64).mp4,B1606b0e6_1 (64).mp4,B1606b0e6_1 (64),/home/cmantill/.cache/kagglehub/datasets/saberghaderi/-dfl-bundesliga-460-mp4-videos-in-30sec-csv/versions/1/DFL Bundesliga Data Shootout/train/B1606b0e6_1/B1606b0e6_1 (64).mp4,/home/cmantill/narrador-futbol/output/tracks_json/tracker/B1606b0e6_1_64_tracks.json,/home/cmantill/narrador-futbol/output/tracks_json/tracker/B1606b0e6_1_64_summary.json,2026-03-13T18:28:41.230589+00:00,25,22,0.7735757575757577,0.866,0.6743333333333333,15.772727272727273,17.5,6.93603874616208,6.680147058823529,0.9545454545454546,2.825974317419109,3.1004045146729378,22.52370608623148,14.742776404811364,0.0,0.0,-1.4428232973175175e-12,36.68092293274332,2.7500230311377964,0.3930802908948325,0.7741713367145386,,,,,,,,,,,,
/home/cmantill/.cache/kagglehub/datasets/saberghaderi/-dfl-bundesliga-460-mp4-videos-in-30sec-csv/versions/1/DFL Bundesliga Data Shootout/train/B1606b0e6_1/B1606b0e6_1 (65).mp4,B1606b0e6_1 (65).mp4,B1606b0e6_1 (65),/home/cmantill/.cache/kagglehub/datasets/saberghaderi/-dfl-bundesliga-460-mp4-videos-in-30sec-csv/versions/1/DFL Bundesliga Data Shootout/train/B1606b0e6_1/B1606b0e6_1 (65).mp4,/home/cmantill/narrador-futbol/output/tracks_json/tracker/B1606b0e6_1_65_tracks.json,/home/cmantill/narrador-futbol/output/tracks_json/tracker/B1606b0e6_1_65_summary.json,2026-03-13T18:29:26.861976+00:00,25,22,0.751030303030303,0.8066666666666666,0.677,14.0,13.0,11.585492298476924,10.154545454545454,1.0,1.71962122556977,1.6829751745792343,19.367032803767835,13.099318171388694,0.0,0.0,-1.4428232973175175e-12,49.57849530915235,2.5997147449291855,0.30789153044177886,0.7140169101175323,,,,,,,,,,,,
/home/cmantill/.cache/kagglehub/datasets/saberghaderi/-dfl-bundesliga-460-mp4-videos-in-30sec-csv/versions/1/DFL Bundesliga Data Shootout/train/B1606b0e6_1/B1606b0e6_1 (66).mp4,B1606b0e6_1 (66).mp4,B1606b0e6_1 (66),/home/cmantill/.cache/kagglehub/datasets/saberghaderi/-dfl-bundesliga-460-mp4-videos-in-30sec-csv/versions/1/DFL Bundesliga Data Shootout/train/B1606b0e6_1/B1606b0e6_1 (66).mp4,/home/cmantill/narrador-futbol/output/tracks_json/tracker/B1606b0e6_1_66_tracks.json,/home/cmantill/narrador-futbol/output/tracks_json/tracker/B1606b0e6_1_66_summary.json,2026-03-13T18:31:21.500945+00:00,24,22,0.7972121212121213,0.876,0.7386666666666667,11.045454545454545,9.5,12.831901637703073,6.404761904761905,1.0,3.1947009781235174,3.183274163310154,33.66080485507632,22.13285055512112,0.0,0.0,-1.4428232973175175e-12,25.596456631742356,2.5018640213883745,0.34621322556400885,0.7843418832753706,,,,,,,,,,,,
/home/cmantill/.cache/kagglehub/datasets/saberghaderi/-dfl-bundesliga-460-mp4-videos-in-30sec-csv/versions/1/DFL Bundesliga Data Shootout/train/B1606b0e6_1/B1606b0e6_1 (67).mp4,B1606b0e6_1 (67).mp4,B1606b0e6_1 (67),/home/cmantill/.cache/kagglehub/datasets/saberghaderi/-dfl-bundesliga-460-mp4-videos-in-30sec-csv/versions/1/DFL Bundesliga Data Shootout/train/B1606b0e6_1/B1606b0e6_1 (67).mp4,/home/cmantill/narrador-futbol/output/tracks_json/tracker/B1606b0e6_1_67_tracks.json,/home/cmantill/narrador-futbol/output/tracks_json/tracker/B1606b0e6_1_67_summary.json,2026-03-13T18:35:53.838198+00:00,25,22,0.8583030303030302,0.9793333333333334,0.8403333333333334,5.363636363636363,4.0,9.292661371605222,3.354166666666667,0.9090909090909091,3.394568886836449,3.2539533646144787,46.848255629847344,19.148732538662514,0.0,0.0,-1.4428232973175175e-12,18.368434210112568,2.0641606420710414,0.30510860726099714,0.823014086207958,,,,,,,,,,,,
/home/cmantill/.cache/kagglehub/datasets/saberghaderi/-dfl-bundesliga-460-mp4-videos-in-30sec-csv/versions/1/DFL Bundesliga Data Shootout/train/B1606b0e6_1/B1606b0e6_1 (68).mp4,B1606b0e6_1 (68).mp4,B1606b0e6_1 (68),/home/cmantill/.cache/kagglehub/datasets/saberghaderi/-dfl-bundesliga-460-mp4-videos-in-30sec-csv/versions/1/DFL Bundesliga Data Shootout/train/B1606b0e6_1/B1606b0e6_1 (68).mp4,/home/cmantill/narrador-futbol/output/tracks_json/tracker/B1606b0e6_1_68_tracks.json,/home/cmantill/narrador-futbol/output/tracks_json/tracker/B1606b0e6_1_68_summary.json,2026-03-13T18:35:47.873887+00:00,25,21,0.8426666666666668,0.9333333333333333,0.7666666666666667,4.904761904761905,4.0,13.385827664399093,3.8333333333333335,0.9047619047619048,3.462349854937003,3.302654827737895,41.28112130434715,21.111348794253722,0.0,0.0,-1.4428232973175173e-12,24.62943204245654,1.9487980965575027,0.36822396389224477,0.8240341409980945,,,,,,,,,,,,
/home/cmantill/.cache/kagglehub/datasets/saberghaderi/-dfl-bundesliga-460-mp4-videos-in-30sec-csv/versions/1/DFL Bundesliga Data Shootout/train/B1606b0e6_1/B1606b0e6_1 (69).mp4,B1606b0e6_1 (69).mp4,B1606b0e6_1 (69),/home/cmantill/.cache/kagglehub/datasets/saberghaderi/-dfl-bundesliga-460-mp4-videos-in-30sec-csv/versions/1/DFL Bundesliga Data Shootout/train/B1606b0e6_1/B1606b0e6_1 (69).mp4,/home/cmantill/narrador-futbol/output/tracks_json/tracker/B1606b0e6_1_69_tracks.json,/home/cmantill/narrador-futbol/output/tracks_json/tracker/B1606b0e6_1_69_summary.json,2026-03-13T18:38:57.206717+00:00,23,22,0.6987272727272728,0.8160000000000001,0.6366666666666667,15.681818181818182,14.5,9.121146187354324,4.9324324324324325,0.9090909090909091,2.9575505013575167,2.9742161859369265,45.98680690439996,18.383123958798635,0.0,0.0,-1.4428232973175175e-12,30.06465459338631,4.551811629183974,0.30770874178828034,0.767438389974469,,,,,,,,,,,,
/home/cmantill/.cache/kagglehub/datasets/saberghaderi/-dfl-bundesliga-460-mp4-videos-in-30sec-csv/versions/1/DFL Bundesliga Data Shootout/train/B1606b0e6_1/B1606b0e6_1 (7).mp4,B1606b0e6_1 (7).mp4,B1606b0e6_1 (7),/home/cmantill/.cache/kagglehub/datasets/saberghaderi/-dfl-bundesliga-460-mp4-videos-in-30sec-csv/versions/1/DFL Bundesliga Data Shootout/train/B1606b0e6_1/B1606b0e6_1 (7).mp4,/home/cmantill/narrador-futbol/output/tracks_json/tracker/B1606b0e6_1_7_tracks.json,/home/cmantill/narrador-futbol/output/tracks_json/tracker/B1606b0e6_1_7_summary.json,2026-03-13T16:13:26.712587+00:00,24,22,0.3822424242424242,0.33866666666666667,0.26533333333333337,47.31818181818182,50.0,12.598388174040265,6.912267928649436,0.9090909090909091,3.7565262042748118,3.272236710009622,639.1176770876076,206.13937921574842,0.0,0.0,-1.4428232973175175e-12,58.5659999254457,3.6308983137912842,0.2352031674632052,0.6315489837843568,,,,,,,,,,,,
/home/cmantill/.cache/kagglehub/datasets/saberghaderi/-dfl-bundesliga-460-mp4-videos-in-30sec-csv/versions/1/DFL Bundesliga Data Shootout/train/B1606b0e6_1/B1606b0e6_1 (70).mp4,B1606b0e6_1 (70).mp4,B1606b0e6_1 (70),/home/cmantill/.cache/kagglehub/datasets/saberghaderi/-dfl-bundesliga-460-mp4-videos-in-30sec-csv/versions/1/DFL Bundesliga Data Shootout/train/B1606b0e6_1/B1606b0e6_1 (70).mp4,/home/cmantill/narrador-futbol/output/tracks_json/tracker/B1606b0e6_1_70_tracks.json,/home/cmantill/narrador-futbol/output/tracks_json/tracker/B1606b0e6_1_70_summary.json,2026-03-13T18:42:35.194856+00:00,24,22,0.7933939393939394,0.8533333333333333,0.7953333333333333,10.772727272727273,9.0,14.951066556782877,9.609523809523811,0.9545454545454546,2.732570006789674,2.6597532688920213,40.952699256593995,16.252918134282353,0.0,0.0,-1.4428232973175175e-12,22.804793981343092,2.1878785865891506,0.27920080022754634,0.7811018001906508,,,,,,,,,,,,
/home/cmantill/.cache/kagglehub/datasets/saberghaderi/-dfl-bundesliga-460-mp4-videos-in-30sec-csv/versions/1/DFL Bundesliga Data Shootout/train/B1606b0e6_1/B1606b0e6_1 (71).mp4,B1606b0e6_1 (71).mp4,B1606b0e6_1 (71),/home/cmantill/.cache/kagglehub/datasets/saberghaderi/-dfl-bundesliga-460-mp4-videos-in-30sec-csv/versions/1/DFL Bundesliga Data Shootout/train/B1606b0e6_1/B1606b0e6_1 (71).mp4,/home/cmantill/narrador-futbol/output/tracks_json/tracker/B1606b0e6_1_71_tracks.json,/home/cmantill/narrador-futbol/output/tracks_json/tracker/B1606b0e6_1_71_summary.json,2026-03-13T18:42:49.109682+00:00,25,22,0.6724242424242424,0.854,0.6596666666666666,14.045454545454545,14.5,4.093073452360691,3.1810606060606057,0.7727272727272727,2.5927231232311168,2.02393492817034,34.97411192680125,11.965509461107219,0.0,0.0,-1.4428232973175175e-12,21.957744324050466,2.0927925991078755,0.29221625031181087,0.8124658430629498,,,,,,,,,,,,
/home/cmantill/.cache/kagglehub/datasets/saberghaderi/-dfl-bundesliga-460-mp4-videos-in-30sec-csv/versions/1/DFL Bundesliga Data Shootout/train/B1606b0e6_1/B1606b0e6_1 (72).mp4,B1606b0e6_1 (72).mp4,B1606b0e6_1 (72),/home/cmantill/.cache/kagglehub/datasets/saberghaderi/-dfl-bundesliga-460-mp4-videos-in-30sec-csv/versions/1/DFL Bundesliga Data Shootout/train/B1606b0e6_1/B1606b0e6_1 (72).mp4,/home/cmantill/narrador-futbol/output/tracks_json/tracker/B1606b0e6_1_72_tracks.json,/home/cmantill/narrador-futbol/output/tracks_json/tracker/B1606b0e6_1_72_summary.json,2026-03-13T18:45:50.089511+00:00,24,22,0.8138787878787878,0.9053333333333333,0.8046666666666666,7.7272727272727275,7.5,20.45038361074457,7.880952380952381,1.0,2.5731747719904603,2.6467120557688357,34.88477891060282,18.01092324378834,0.0,0.0,-1.4428232973175175e-12,19.41507465248644,2.1358478162040844,0.3306081647562535,0.8178858614216931,,,,,,,,,,,,
/home/cmantill/.cache/kagglehub/datasets/saberghaderi/-dfl-bundesliga-460-mp4-videos-in-30sec-csv/versions/1/DFL Bundesliga Data Shootout/train/B1606b0e6_1/B1606b0e6_1 (73).mp4,B1606b0e6_1 (73).mp4,B1606b0e6_1 (73),/home/cmantill/.cache/kagglehub/datasets/saberghaderi/-dfl-bundesliga-460-mp4-videos-in-30sec-csv/versions/1/DFL Bundesliga Data Shootout/train/B1606b0e6_1/B1606b0e6_1 (73).mp4,/home/cmantill/narrador-futbol/output/tracks_json/tracker/B1606b0e6_1_73_tracks.json,/home/cmantill/narrador-futbol/output/tracks_json/tracker/B1606b0e6_1_73_summary.json,2026-03-13T18:49:24.414028+00:00,25,22,0.7306060606060608,0.762,0.719,20.363636363636363,21.5,5.33335285043882,5.21969696969697,0.9090909090909091,2.8435881196839925,2.586496544604599,28.726645089467908,14.501399288998444,0.0,0.0,-1.4428232973175175e-12,23.07295878756275,2.2506754767957564,0.4776714873856892,0.7774317182856979,,,,,,,,,,,,
/home/cmantill/.cache/kagglehub/datasets/saberghaderi/-dfl-bundesliga-460-mp4-videos-in-30sec-csv/versions/1/DFL Bundesliga Data Shootout/train/B1606b0e6_1/B1606b0e6_1 (74).mp4,B1606b0e6_1 (74).mp4,B1606b0e6_1 (74),/home/cmantill/.cache/kagglehub/datasets/saberghaderi/-dfl-bundesliga-460-mp4-videos-in-30sec-csv/versions/1/DFL Bundesliga Data Shootout/train/B1606b0e6_1/B1606b0e6_1 (74).mp4,/home/cmantill/narrador-futbol/output/tracks_json/tracker/B1606b0e6_1_74_tracks.json,/home/cmantill/narrador-futbol/output/tracks_json/tracker/B1606b0e6_1_74_summary.json,2026-03-13T18:49:58.232182+00:00,25,21,0.7686349206349206,0.844,0.616,24.904761904761905,18.0,6.198386463908424,4.928571428571429,1.0,3.2876220059623797,3.24050715811619,36.09445718659735,22.382334656870235,0.0,0.0,-1.4428232973175173e-12,20.289427855466215,2.343569193074753,0.33020736318793176,0.8201156688092375,,,,,,,,,,,,
/home/cmantill/.cache/kagglehub/datasets/saberghaderi/-dfl-bundesliga-460-mp4-videos-in-30sec-csv/versions/1/DFL Bundesliga Data Shootout/train/B1606b0e6_1/B1606b0e6_1 (75).mp4,B1606b0e6_1 (75).mp4,B1606b0e6_1 (75),/home/cmantill/.cache/kagglehub/datasets/saberghaderi/-dfl-bundesliga-460-mp4-videos-in-30sec-csv/versions/1/DFL Bundesliga Data Shootout/train/B1606b0e6_1/B1606b0e6_1 (75).mp4,/home/cmantill/narrador-futbol/output/tracks_json/tracker/B1606b0e6_1_75_tracks.json,/home/cmantill/narrador-futbol/output/tracks_json/tracker/B1606b0e6_1_75_summary.json,2026-03-13T18:54:13.118912+00:00,25,22,0.7183030303030303,0.7566666666666667,0.6583333333333333,13.818181818181818,14.0,12.384399228300861,6.9375,0.9545454545454546,3.3543453193039423,4.176365339150771,47.78866440511668,22.750733953512,0.0,0.0,-1.4428232973175175e-12,28.27372334063165,3.2874977439532085,0.3904108738831653,0.7833378350703479,,,,,,,,,,,,
/home/cmantill/.cache/kagglehub/datasets/saberghaderi/-dfl-bundesliga-460-mp4-videos-in-30sec-csv/versions/1/DFL Bundesliga Data Shootout/train/B1606b0e6_1/B1606b0e6_1 (76).mp4,B1606b0e6_1 (76).mp4,B1606b0e6_1 (76),/home/cmantill/.cache/kagglehub/datasets/saberghaderi/-dfl-bundesliga-460-mp4-videos-in-30sec-csv/versions/1/DFL Bundesliga Data Shootout/train/B1606b0e6_1/B1606b0e6_1 (76).mp4,/home/cmantill/narrador-futbol/output/tracks_json/tracker/B1606b0e6_1_76_tracks.json,/home/cmantill/narrador-futbol/output/tracks_json/tracker/B1606b0e6_1_76_summary.json,2026-03-13T18:55:50.355093+00:00,25,22,0.7932121212121213,0.9099999999999999,0.8483333333333334,7.0,6.5,10.963813459268003,5.2555555555555555,0.9090909090909091,3.3791324687891797,3.159300726193227,32.892223285172015,16.527374685163643,0.0,0.0,-1.4428232973175175e-12,26.661948429760674,2.392439571836265,0.3514120904146254,0.7845127203496894,,,,,,,,,,,,
/home/cmantill/.cache/kagglehub/datasets/saberghaderi/-dfl-bundesliga-460-mp4-videos-in-30sec-csv/versions/1/DFL Bundesliga Data Shootout/train/B1606b0e6_1/B1606b0e6_1 (77).mp4,B1606b0e6_1 (77).mp4,B1606b0e6_1 (77),/home/cmantill/.cache/kagglehub/datasets/saberghaderi/-dfl-bundesliga-460-mp4-videos-in-30sec-csv/versions/1/DFL Bundesliga Data Shootout/train/B1606b0e6_1/B1606b0e6_1 (77).mp4,/home/cmantill/narrador-futbol/output/tracks_json/tracker/B1606b0e6_1_77_tracks.json,/home/cmantill/narrador-futbol/output/tracks_json/tracker/B1606b0e6_1_77_summary.json,2026-03-13T18:57:26.848272+00:00,23,21,0.7398095238095239,0.7586666666666667,0.7053333333333334,19.428571428571427,18.0,7.337049710456574,7.074074074074074,0.9523809523809523,2.5393091915265673,2.3976826713962085,40.608063113843556,15.925154989114484,0.0,0.0,-1.4428232973175173e-12,17.319460059304816,2.1978373135352256,0.2545353358715213,0.8121679785646518,,,,,,,,,,,,
/home/cmantill/.cache/kagglehub/datasets/saberghaderi/-dfl-bundesliga-460-mp4-videos-in-30sec-csv/versions/1/DFL Bundesliga Data Shootout/train/B1606b0e6_1/B1606b0e6_1 (78).mp4,B1606b0e6_1 (78).mp4,B1606b0e6_1 (78),/home/cmantill/.cache/kagglehub/datasets/saberghaderi/-dfl-bundesliga-460-mp4-videos-in-30sec-csv/versions/1/DFL Bundesliga Data Shootout/train/B1606b0e6_1/B1606b0e6_1 (78).mp4,/home/cmantill/narrador-futbol/output/tracks_json/tracker/B1606b0e6_1_78_tracks.json,/home/cmantill/narrador-futbol/output/tracks_json/tracker/B1606b0e6_1_78_summary.json,2026-03-13T19:00:31.736931+00:00,23,22,0.7600606060606059,0.8346666666666667,0.616,9.545454545454545,8.5,15.114270136429228,8.571428571428571,0.9545454545454546,3.3871264948183692,3.24961477268093,74.18645843212667,23.603508266171676,0.0,0.0,-1.4428232973175175e-12,28.84434321668176,2.212286518533616,0.30827861747714824,0.8259714782574084,,,,,,,,,,,,
/home/cmantill/.cache/kagglehub/datasets/saberghaderi/-dfl-bundesliga-460-mp4-videos-in-30sec-csv/versions/1/DFL Bundesliga Data Shootout/train/B1606b0e6_1/B1606b0e6_1 (79).mp4,B1606b0e6_1 (79).mp4,B1606b0e6_1 (79),/home/cmantill/.cache/kagglehub/datasets/saberghaderi/-dfl-bundesliga-460-mp4-videos-in-30sec-csv/versions/1/DFL Bundesliga Data Shootout/train/B1606b0e6_1/B1606b0e6_1 (79).mp4,/home/cmantill/narrador-futbol/output/tracks_json/tracker/B1606b0e6_1_79_tracks.json,/home/cmantill/narrador-futbol/output/tracks_json/tracker/B1606b0e6_1_79_summary.json,2026-03-13T19:02:59.087863+00:00,25,22,0.8312727272727273,0.898,0.8099999999999999,8.909090909090908,9.0,7.667378618113911,6.097222222222222,0.9545454545454546,3.1924785282425594,3.0794303642965386,32.80497801899165,16.331851706806496,0.0,0.0,-1.4428232973175175e-12,32.269590663433824,2.496330285026934,0.36046459292032657,0.7859102731483066,,,,,,,,,,,,
/home/cmantill/.cache/kagglehub/datasets/saberghaderi/-dfl-bundesliga-460-mp4-videos-in-30sec-csv/versions/1/DFL Bundesliga Data Shootout/train/B1606b0e6_1/B1606b0e6_1 (8).mp4,B1606b0e6_1 (8).mp4,B1606b0e6_1 (8),/home/cmantill/.cache/kagglehub/datasets/saberghaderi/-dfl-bundesliga-460-mp4-videos-in-30sec-csv/versions/1/DFL Bundesliga Data Shootout/train/B1606b0e6_1/B1606b0e6_1 (8).mp4,/home/cmantill/narrador-futbol/output/tracks_json/tracker/B1606b0e6_1_8_tracks.json,/home/cmantill/narrador-futbol/output/tracks_json/tracker/B1606b0e6_1_8_summary.json,2026-03-13T16:16:33.549326+00:00,25,22,0.4617575757575757,0.47933333333333333,0.4036666666666667,56.0,51.5,7.449467749921903,6.401707317073171,1.0,4.38826178886881,4.413794535833873,734.1121009273246,281.01323650882654,0.0,0.0,-1.4428232973175175e-12,72.80849178422373,3.643438123836292,0.2729059236918975,0.6516528088718975,,,,,,,,,,,,
/home/cmantill/.cache/kagglehub/datasets/saberghaderi/-dfl-bundesliga-460-mp4-videos-in-30sec-csv/versions/1/DFL Bundesliga Data Shootout/train/B1606b0e6_1/B1606b0e6_1 (80).mp4,B1606b0e6_1 (80).mp4,B1606b0e6_1 (80),/home/cmantill/.cache/kagglehub/datasets/saberghaderi/-dfl-bundesliga-460-mp4-videos-in-30sec-csv/versions/1/DFL Bundesliga Data Shootout/train/B1606b0e6_1/B1606b0e6_1 (80).mp4,/home/cmantill/narrador-futbol/output/tracks_json/tracker/B1606b0e6_1_80_tracks.json,/home/cmantill/narrador-futbol/output/tracks_json/tracker/B1606b0e6_1_80_summary.json,2026-03-13T19:05:40.051271+00:00,25,22,0.8558787878787879,0.9193333333333333,0.7796666666666667,7.5,6.0,17.83181856022765,7.8375,1.0,3.382476706264069,3.371790395597685,35.88825630481962,21.87196623543752,0.0,0.0,-1.4428232973175175e-12,18.37381358074007,2.4300098376734276,0.34863432914806336,0.8216403945003647,,,,,,,,,,,,
/home/cmantill/.cache/kagglehub/datasets/saberghaderi/-dfl-bundesliga-460-mp4-videos-in-30sec-csv/versions/1/DFL Bundesliga Data Shootout/train/B1606b0e6_1/B1606b0e6_1 (81).mp4,B1606b0e6_1 (81).mp4,B1606b0e6_1 (81),/home/cmantill/.cache/kagglehub/datasets/saberghaderi/-dfl-bundesliga-460-mp4-videos-in-30sec-csv/versions/1/DFL Bundesliga Data Shootout/train/B1606b0e6_1/B1606b0e6_1 (81).mp4,/home/cmantill/narrador-futbol/output/tracks_json/tracker/B1606b0e6_1_81_tracks.json,/home/cmantill/narrador-futbol/output/tracks_json/tracker/B1606b0e6_1_81_summary.json,2026-03-13T19:07:08.629064+00:00,25,22,0.8572121212121211,0.9133333333333333,0.881,5.7272727272727275,5.5,19.467748917748917,6.541666666666666,0.9545454545454546,3.45839694740911,3.5508217437223095,32.04201676008897,21.634434830704734,0.0,0.0,-1.4428232973175175e-12,29.132466348036612,2.2445759692379506,0.33881658301764095,0.8179225398221213,,,,,,,,,,,,
/home/cmantill/.cache/kagglehub/datasets/saberghaderi/-dfl-bundesliga-460-mp4-videos-in-30sec-csv/versions/1/DFL Bundesliga Data Shootout/train/B1606b0e6_1/B1606b0e6_1 (82).mp4,B1606b0e6_1 (82).mp4,B1606b0e6_1 (82),/home/cmantill/.cache/kagglehub/datasets/saberghaderi/-dfl-bundesliga-460-mp4-videos-in-30sec-csv/versions/1/DFL Bundesliga Data Shootout/train/B1606b0e6_1/B1606b0e6_1 (82).mp4,/home/cmantill/narrador-futbol/output/tracks_json/tracker/B1606b0e6_1_82_tracks.json,/home/cmantill/narrador-futbol/output/tracks_json/tracker/B1606b0e6_1_82_summary.json,2026-03-13T19:10:29.070277+00:00,24,22,0.7821212121212121,0.8320000000000001,0.7636666666666667,10.0,7.5,12.002527056277057,6.666666666666666,0.9545454545454546,2.406201469131046,2.4032000556900623,20.51687679755737,12.912514123088249,0.0,0.0,-1.4428232973175175e-12,32.544027238789766,2.507137939010726,0.36699542561644677,0.7783764363545054,,,,,,,,,,,,
/home/cmantill/.cache/kagglehub/datasets/saberghaderi/-dfl-bundesliga-460-mp4-videos-in-30sec-csv/versions/1/DFL Bundesliga Data Shootout/train/B1606b0e6_1/B1606b0e6_1 (83).mp4,B1606b0e6_1 (83).mp4,B1606b0e6_1 (83),/home/cmantill/.cache/kagglehub/datasets/saberghaderi/-dfl-bundesliga-460-mp4-videos-in-30sec-csv/versions/1/DFL Bundesliga Data Shootout/train/B1606b0e6_1/B1606b0e6_1 (83).mp4,/home/cmantill/narrador-futbol/output/tracks_json/tracker/B1606b0e6_1_83_tracks.json,/home/cmantill/narrador-futbol/output/tracks_json/tracker/B1606b0e6_1_83_summary.json,2026-03-13T19:12:35.444213+00:00,25,22,0.7636363636363636,0.774,0.6876666666666666,19.954545454545453,20.0,9.214646252951756,7.701048951048951,1.0,3.0924839146606042,3.1023026696941884,28.37111587717966,17.270408642194646,0.0,0.0,-1.4428232973175175e-12,33.350982860769314,2.9925790706774893,0.35494830466768895,0.7919835452015559,,,,,,,,,,,,
/home/cmantill/.cache/kagglehub/datasets/saberghaderi/-dfl-bundesliga-460-mp4-videos-in-30sec-csv/versions/1/DFL Bundesliga Data Shootout/train/B1606b0e6_1/B1606b0e6_1 (84).mp4,B1606b0e6_1 (84).mp4,B1606b0e6_1 (84),/home/cmantill/.cache/kagglehub/datasets/saberghaderi/-dfl-bundesliga-460-mp4-videos-in-30sec-csv/versions/1/DFL Bundesliga Data Shootout/train/B1606b0e6_1/B1606b0e6_1 (84).mp4,/home/cmantill/narrador-futbol/output/tracks_json/tracker/B1606b0e6_1_84_tracks.json,/home/cmantill/narrador-futbol/output/tracks_json/tracker/B1606b0e6_1_84_summary.json,2026-03-13T19:13:45.189868+00:00,25,22,0.799151515151515,0.8706666666666667,0.6643333333333333,4.954545454545454,5.0,14.983291708291711,7.243589743589743,0.9545454545454546,2.6308349110812648,2.6062428276568976,38.52803481960961,16.90666200549443,0.0,0.0,-1.4428232973175175e-12,21.882718743048493,2.1697149464751475,0.2985245714156318,0.8207681292386536,,,,,,,,,,,,
/home/cmantill/.cache/kagglehub/datasets/saberghaderi/-dfl-bundesliga-460-mp4-videos-in-30sec-csv/versions/1/DFL Bundesliga Data Shootout/train/B1606b0e6_1/B1606b0e6_1 (85).mp4,B1606b0e6_1 (85).mp4,B1606b0e6_1 (85),/home/cmantill/.cache/kagglehub/datasets/saberghaderi/-dfl-bundesliga-460-mp4-videos-in-30sec-csv/versions/1/DFL Bundesliga Data Shootout/train/B1606b0e6_1/B1606b0e6_1 (85).mp4,/home/cmantill/narrador-futbol/output/tracks_json/tracker/B1606b0e6_1_85_tracks.json,/home/cmantill/narrador-futbol/output/tracks_json/tracker/B1606b0e6_1_85_summary.json,2026-03-13T19:17:09.375424+00:00,24,22,0.8305454545454545,0.9106666666666666,0.8546666666666667,9.681818181818182,10.0,5.562794034008728,2.7330827067669174,0.9090909090909091,3.3408710108395847,3.136852911725349,42.11075592467233,18.545478830580954,0.0,0.0,-1.4428232973175175e-12,24.031852288437644,2.5748787651801472,0.2895723045971139,0.7937597203527357,,,,,,,,,,,,
/home/cmantill/.cache/kagglehub/datasets/saberghaderi/-dfl-bundesliga-460-mp4-videos-in-30sec-csv/versions/1/DFL Bundesliga Data Shootout/train/B1606b0e6_1/B1606b0e6_1 (86).mp4,B1606b0e6_1 (86).mp4,B1606b0e6_1 (86),/home/cmantill/.cache/kagglehub/datasets/saberghaderi/-dfl-bundesliga-460-mp4-videos-in-30sec-csv/versions/1/DFL Bundesliga Data Shootout/train/B1606b0e6_1/B1606b0e6_1 (86).mp4,/home/cmantill/narrador-futbol/output/tracks_json/tracker/B1606b0e6_1_86_tracks.json,/home/cmantill/narrador-futbol/output/tracks_json/tracker/B1606b0e6_1_86_summary.json,2026-03-13T19:18:55.164967+00:00,23,22,0.8266666666666667,0.8853333333333333,0.767,8.727272727272727,7.0,23.32514853918949,7.545454545454545,1.0,2.8732887078192757,2.863568344996199,47.59917355491645,17.36768373517992,0.0,0.0,-1.4428232973175175e-12,24.028192892997506,2.293488217463509,0.2726258656621482,0.8203737532588984,,,,,,,,,,,,
/home/cmantill/.cache/kagglehub/datasets/saberghaderi/-dfl-bundesliga-460-mp4-videos-in-30sec-csv/versions/1/DFL Bundesliga Data Shootout/train/B1606b0e6_1/B1606b0e6_1 (87).mp4,B1606b0e6_1 (87).mp4,B1606b0e6_1 (87),/home/cmantill/.cache/kagglehub/datasets/saberghaderi/-dfl-bundesliga-460-mp4-videos-in-30sec-csv/versions/1/DFL Bundesliga Data Shootout/train/B1606b0e6_1/B1606b0e6_1 (87).mp4,/home/cmantill/narrador-futbol/output/tracks_json/tracker/B1606b0e6_1_87_tracks.json,/home/cmantill/narrador-futbol/output/tracks_json/tracker/B1606b0e6_1_87_summary.json,2026-03-13T19:21:09.594153+00:00,24,22,0.6657575757575757,0.6646666666666667,0.595,26.818181818181817,26.5,9.237896256083557,7.985526315789475,1.0,2.840913572995833,2.767884508060487,85.16250131847805,31.59060292280295,0.0,0.0,-1.4428232973175175e-12,27.80965290304571,2.5197259630526245,0.26959286854304426,0.7636102041489643,,,,,,,,,,,,
/home/cmantill/.cache/kagglehub/datasets/saberghaderi/-dfl-bundesliga-460-mp4-videos-in-30sec-csv/versions/1/DFL Bundesliga Data Shootout/train/B1606b0e6_1/B1606b0e6_1 (88).mp4,B1606b0e6_1 (88).mp4,B1606b0e6_1 (88),/home/cmantill/.cache/kagglehub/datasets/saberghaderi/-dfl-bundesliga-460-mp4-videos-in-30sec-csv/versions/1/DFL Bundesliga Data Shootout/train/B1606b0e6_1/B1606b0e6_1 (88).mp4,/home/cmantill/narrador-futbol/output/tracks_json/tracker/B1606b0e6_1_88_tracks.json,/home/cmantill/narrador-futbol/output/tracks_json/tracker/B1606b0e6_1_88_summary.json,2026-03-13T19:25:18.528514+00:00,24,22,0.704121212121212,0.7546666666666667,0.6263333333333333,22.318181818181817,19.5,8.15982137702286,7.661490683229814,0.9545454545454546,4.113001684991994,4.05935284112864,60.981466593583264,32.648850178860336,0.0,0.0,-1.4428232973175175e-12,34.912779396989464,2.6035158744190117,0.2887094461873875,0.7679949127213189,,,,,,,,,,,,
/home/cmantill/.cache/kagglehub/datasets/saberghaderi/-dfl-bundesliga-460-mp4-videos-in-30sec-csv/versions/1/DFL Bundesliga Data Shootout/train/B1606b0e6_1/B1606b0e6_1 (89).mp4,B1606b0e6_1 (89).mp4,B1606b0e6_1 (89),/home/cmantill/.cache/kagglehub/datasets/saberghaderi/-dfl-bundesliga-460-mp4-videos-in-30sec-csv/versions/1/DFL Bundesliga Data Shootout/train/B1606b0e6_1/B1606b0e6_1 (89).mp4,/home/cmantill/narrador-futbol/output/tracks_json/tracker/B1606b0e6_1_89_tracks.json,/home/cmantill/narrador-futbol/output/tracks_json/tracker/B1606b0e6_1_89_summary.json,2026-03-13T19:26:31.939548+00:00,25,22,0.7831515151515152,0.8606666666666667,0.7103333333333333,9.818181818181818,9.5,15.654561032401942,8.118589743589745,0.9545454545454546,3.8379507715116126,3.759058238573047,37.59207050377552,22.5805585827944,0.0,0.0,-1.4428232973175175e-12,29.63976740364434,2.826953810962744,0.3908644092344748,0.8008696683868507,,,,,,,,,,,,
/home/cmantill/.cache/kagglehub/datasets/saberghaderi/-dfl-bundesliga-460-mp4-videos-in-30sec-csv/versions/1/DFL Bundesliga Data Shootout/train/B1606b0e6_1/B1606b0e6_1 (9).mp4,B1606b0e6_1 (9).mp4,B1606b0e6_1 (9),/home/cmantill/.cache/kagglehub/datasets/saberghaderi/-dfl-bundesliga-460-mp4-videos-in-30sec-csv/versions/1/DFL Bundesliga Data Shootout/train/B1606b0e6_1/B1606b0e6_1 (9).mp4,/home/cmantill/narrador-futbol/output/tracks_json/tracker/B1606b0e6_1_9_tracks.json,/home/cmantill/narrador-futbol/output/tracks_json/tracker/B1606b0e6_1_9_summary.json,2026-03-13T16:17:10.621778+00:00,22,22,0.4661212121212122,0.49466666666666664,0.43,46.59090909090909,49.0,9.120960945353744,7.573220338983051,1.0,3.2058667005442016,3.246958872168352,736.4155292103067,242.49327373208124,0.0,0.0,-1.4428232973175175e-12,71.26319460565445,3.2957995349216205,0.26372418987570323,0.6534766272652143,,,,,,,,,,,,
/home/cmantill/.cache/kagglehub/datasets/saberghaderi/-dfl-bundesliga-460-mp4-videos-in-30sec-csv/versions/1/DFL Bundesliga Data Shootout/train/B1606b0e6_1/B1606b0e6_1 (90).mp4,B1606b0e6_1 (90).mp4,B1606b0e6_1 (90),/home/cmantill/.cache/kagglehub/datasets/saberghaderi/-dfl-bundesliga-460-mp4-videos-in-30sec-csv/versions/1/DFL Bundesliga Data Shootout/train/B1606b0e6_1/B1606b0e6_1 (90).mp4,/home/cmantill/narrador-futbol/output/tracks_json/tracker/B1606b0e6_1_90_tracks.json,/home/cmantill/narrador-futbol/output/tracks_json/tracker/B1606b0e6_1_90_summary.json,2026-03-13T19:27:22.356494+00:00,25,22,0.8058787878787879,0.8933333333333333,0.6866666666666666,8.454545454545455,5.5,8.22585659954081,3.6916666666666664,0.9545454545454546,2.7916466076445734,2.8337583635194914,25.161898191549312,14.407335254368757,0.0,0.0,-1.4428232973175175e-12,30.708425834570434,2.499183668347826,0.3075532098646529,0.8080925273348067,,,,,,,,,,,,
/home/cmantill/.cache/kagglehub/datasets/saberghaderi/-dfl-bundesliga-460-mp4-videos-in-30sec-csv/versions/1/DFL Bundesliga Data Shootout/train/B1606b0e6_1/B1606b0e6_1 (91).mp4,B1606b0e6_1 (91).mp4,B1606b0e6_1 (91),/home/cmantill/.cache/kagglehub/datasets/saberghaderi/-dfl-bundesliga-460-mp4-videos-in-30sec-csv/versions/1/DFL Bundesliga Data Shootout/train/B1606b0e6_1/B1606b0e6_1 (91).mp4,/home/cmantill/narrador-futbol/output/tracks_json/tracker/B1606b0e6_1_91_tracks.json,/home/cmantill/narrador-futbol/output/tracks_json/tracker/B1606b0e6_1_91_summary.json,2026-03-13T19:32:55.299466+00:00,24,22,0.8552727272727271,0.9273333333333333,0.7726666666666666,9.272727272727273,8.0,10.356576162993274,4.722222222222222,1.0,3.1470962045662567,3.17863780661984,44.050683977691655,18.96636385525781,0.0,0.0,-1.4428232973175175e-12,27.965804607147216,2.6068344446712715,0.30707917409011093,0.813232151997693,,,,,,,,,,,,
/home/cmantill/.cache/kagglehub/datasets/saberghaderi/-dfl-bundesliga-460-mp4-videos-in-30sec-csv/versions/1/DFL Bundesliga Data Shootout/train/B1606b0e6_1/B1606b0e6_1 (92).mp4,B1606b0e6_1 (92).mp4,B1606b0e6_1 (92),/home/cmantill/.cache/kagglehub/datasets/saberghaderi/-dfl-bundesliga-460-mp4-videos-in-30sec-csv/versions/1/DFL Bundesliga Data Shootout/train/B1606b0e6_1/B1606b0e6_1 (92).mp4,/home/cmantill/narrador-futbol/output/tracks_json/tracker/B1606b0e6_1_92_tracks.json,/home/cmantill/narrador-futbol/output/tracks_json/tracker/B1606b0e6_1_92_summary.json,2026-03-13T19:35:01.933323+00:00,25,22,0.8383030303030303,0.8806666666666667,0.774,6.409090909090909,6.0,12.969869146005509,8.272727272727273,0.9545454545454546,2.8658513153990666,2.9160377161716795,45.18262433015255,19.921841772817796,0.0,0.0,-1.4428232973175175e-12,22.07363435989596,2.2049351531451595,0.37635835033997334,0.8105773054779362,,,,,,,,,,,,
/home/cmantill/.cache/kagglehub/datasets/saberghaderi/-dfl-bundesliga-460-mp4-videos-in-30sec-csv/versions/1/DFL Bundesliga Data Shootout/train/C35bd9041_0/C35bd9041_0 (1).mp4,C35bd9041_0 (1).mp4,C35bd9041_0 (1),/home/cmantill/.cache/kagglehub/datasets/saberghaderi/-dfl-bundesliga-460-mp4-videos-in-30sec-csv/versions/1/DFL Bundesliga Data Shootout/train/C35bd9041_0/C35bd9041_0 (1).mp4,/home/cmantill/narrador-futbol/output/tracks_json/tracker/C35bd9041_0_1_tracks.json,/home/cmantill/narrador-futbol/output/tracks_json/tracker/C35bd9041_0_1_summary.json,2026-03-13T19:34:37.061966+00:00,23,22,0.6456969696969698,0.7973333333333333,0.45866666666666667,11.909090909090908,11.0,7.900624903132644,4.824285714285715,0.8636363636363636,1.88352769092588,1.6533549576784423,76.50436520542286,28.30189712899348,0.0,0.0,-1.4428232973175175e-12,447.20712647857215,5.073154694480454,0.3378078631516559,0.6360660391492279,,,,,,,,,,,,
/home/cmantill/.cache/kagglehub/datasets/saberghaderi/-dfl-bundesliga-460-mp4-videos-in-30sec-csv/versions/1/DFL Bundesliga Data Shootout/train/C35bd9041_0/C35bd9041_0 (10).mp4,C35bd9041_0 (10).mp4,C35bd9041_0 (10),/home/cmantill/.cache/kagglehub/datasets/saberghaderi/-dfl-bundesliga-460-mp4-videos-in-30sec-csv/versions/1/DFL Bundesliga Data Shootout/train/C35bd9041_0/C35bd9041_0 (10).mp4,/home/cmantill/narrador-futbol/output/tracks_json/tracker/C35bd9041_0_10_tracks.json,/home/cmantill/narrador-futbol/output/tracks_json/tracker/C35bd9041_0_10_summary.json,2026-03-13T19:56:07.454954+00:00,22,22,0.5474545454545454,0.5626666666666666,0.513,33.40909090909091,33.5,8.789068505146838,8.607822410147993,0.9545454545454546,3.7502122127515762,3.560856187713088,42.443043645221856,21.81830692981326,0.0,0.0,-1.4428232973175175e-12,178.68905806937545,5.552730755797229,0.3347225912275772,0.7791315706012447,,,,,,,,,,,,
/home/cmantill/.cache/kagglehub/datasets/saberghaderi/-dfl-bundesliga-460-mp4-videos-in-30sec-csv/versions/1/DFL Bundesliga Data Shootout/train/C35bd9041_0/C35bd9041_0 (11).mp4,C35bd9041_0 (11).mp4,C35bd9041_0 (11),/home/cmantill/.cache/kagglehub/datasets/saberghaderi/-dfl-bundesliga-460-mp4-videos-in-30sec-csv/versions/1/DFL Bundesliga Data Shootout/train/C35bd9041_0/C35bd9041_0 (11).mp4,/home/cmantill/narrador-futbol/output/tracks_json/tracker/C35bd9041_0_11_tracks.json,/home/cmantill/narrador-futbol/output/tracks_json/tracker/C35bd9041_0_11_summary.json,2026-03-13T20:01:13.851931+00:00,23,22,0.5509696969696969,0.6373333333333333,0.4676666666666667,18.318181818181817,20.5,9.297375222859413,8.19534632034632,0.8636363636363636,2.3367404330936083,2.2064556986112276,23.842097272781114,13.249846925522702,0.0,0.0,-1.4428232973175175e-12,105.77220490659866,4.587151351860219,0.2501182695911658,0.7871546058466411,,,,,,,,,,,,
/home/cmantill/.cache/kagglehub/datasets/saberghaderi/-dfl-bundesliga-460-mp4-videos-in-30sec-csv/versions/1/DFL Bundesliga Data Shootout/train/C35bd9041_0/C35bd9041_0 (12).mp4,C35bd9041_0 (12).mp4,C35bd9041_0 (12),/home/cmantill/.cache/kagglehub/datasets/saberghaderi/-dfl-bundesliga-460-mp4-videos-in-30sec-csv/versions/1/DFL Bundesliga Data Shootout/train/C35bd9041_0/C35bd9041_0 (12).mp4,/home/cmantill/narrador-futbol/output/tracks_json/tracker/C35bd9041_0_12_tracks.json,/home/cmantill/narrador-futbol/output/tracks_json/tracker/C35bd9041_0_12_summary.json,2026-03-13T20:02:46.913331+00:00,25,22,0.5684848484848485,0.6166666666666667,0.4826666666666667,24.318181818181817,24.0,9.632843135191107,10.302536231884059,0.9090909090909091,3.122617133997581,2.9627152911695593,49.254761849947705,24.61297277165249,0.0,0.0,-1.4428232973175175e-12,123.93643118861836,4.37811793924164,0.34114687306946334,0.752751674413886,,,,,,,,,,,,
/home/cmantill/.cache/kagglehub/datasets/saberghaderi/-dfl-bundesliga-460-mp4-videos-in-30sec-csv/versions/1/DFL Bundesliga Data Shootout/train/C35bd9041_0/C35bd9041_0 (13).mp4,C35bd9041_0 (13).mp4,C35bd9041_0 (13),/home/cmantill/.cache/kagglehub/datasets/saberghaderi/-dfl-bundesliga-460-mp4-videos-in-30sec-csv/versions/1/DFL Bundesliga Data Shootout/train/C35bd9041_0/C35bd9041_0 (13).mp4,/home/cmantill/narrador-futbol/output/tracks_json/tracker/C35bd9041_0_13_tracks.json,/home/cmantill/narrador-futbol/output/tracks_json/tracker/C35bd9041_0_13_summary.json,2026-03-13T20:03:41.331050+00:00,22,22,0.6727878787878788,0.72,0.6426666666666666,26.681818181818183,27.0,7.230374798736853,7.049450549450549,0.9545454545454546,2.3151486098931073,2.9915309807088266,66.4509792060552,32.92009637682192,0.0,0.0,-1.4428232973175175e-12,95.17942253110337,4.158651827131141,0.251482448775953,0.6946014054386243,,,,,,,,,,,,
/home/cmantill/.cache/kagglehub/datasets/saberghaderi/-dfl-bundesliga-460-mp4-videos-in-30sec-csv/versions/1/DFL Bundesliga Data Shootout/train/C35bd9041_0/C35bd9041_0 (14).mp4,C35bd9041_0 (14).mp4,C35bd9041_0 (14),/home/cmantill/.cache/kagglehub/datasets/saberghaderi/-dfl-bundesliga-460-mp4-videos-in-30sec-csv/versions/1/DFL Bundesliga Data Shootout/train/C35bd9041_0/C35bd9041_0 (14).mp4,/home/cmantill/narrador-futbol/output/tracks_json/tracker/C35bd9041_0_14_tracks.json,/home/cmantill/narrador-futbol/output/tracks_json/tracker/C35bd9041_0_14_summary.json,2026-03-13T20:06:57.002990+00:00,22,22,0.2191515151515152,0.22266666666666668,0.17033333333333334,10.954545454545455,9.0,23.99039003554378,21.083333333333336,1.0,3.881154893312921,4.064398593280259,73.89837666366469,37.64932071977268,0.0,0.0,-1.4428232973175175e-12,150.54170302091148,4.55977588814962,0.38442751939166175,0.733002058082134,,,,,,,,,,,,
/home/cmantill/.cache/kagglehub/datasets/saberghaderi/-dfl-bundesliga-460-mp4-videos-in-30sec-csv/versions/1/DFL Bundesliga Data Shootout/train/C35bd9041_0/C35bd9041_0 (15).mp4,C35bd9041_0 (15).mp4,C35bd9041_0 (15),/home/cmantill/.cache/kagglehub/datasets/saberghaderi/-dfl-bundesliga-460-mp4-videos-in-30sec-csv/versions/1/DFL Bundesliga Data Shootout/train/C35bd9041_0/C35bd9041_0 (15).mp4,/home/cmantill/narrador-futbol/output/tracks_json/tracker/C35bd9041_0_15_tracks.json,/home/cmantill/narrador-futbol/output/tracks_json/tracker/C35bd9041_0_15_summary.json,2026-03-13T20:09:28.734563+00:00,25,22,0.6442424242424244,0.708,0.6,15.090909090909092,13.0,21.389533808164188,11.559027777777779,0.9545454545454546,2.2294610058427757,2.1618798596270676,31.214311438196205,15.446011743597161,0.0,0.0,-1.4428232973175175e-12,311.49308154619735,5.577087045696575,0.4508780091426221,0.7836582257162316,,,,,,,,,,,,
/home/cmantill/.cache/kagglehub/datasets/saberghaderi/-dfl-bundesliga-460-mp4-videos-in-30sec-csv/versions/1/DFL Bundesliga Data Shootout/train/C35bd9041_0/C35bd9041_0 (16).mp4,C35bd9041_0 (16).mp4,C35bd9041_0 (16),/home/cmantill/.cache/kagglehub/datasets/saberghaderi/-dfl-bundesliga-460-mp4-videos-in-30sec-csv/versions/1/DFL Bundesliga Data Shootout/train/C35bd9041_0/C35bd9041_0 (16).mp4,/home/cmantill/narrador-futbol/output/tracks_json/tracker/C35bd9041_0_16_tracks.json,/home/cmantill/narrador-futbol/output/tracks_json/tracker/C35bd9041_0_16_summary.json,2026-03-13T20:10:58.374246+00:00,25,22,0.5439393939393941,0.512,0.4716666666666667,32.36363636363637,32.5,9.115588103273929,9.56763925729443,0.9545454545454546,2.5126475923231935,2.5225987255914397,31.687607162151426,16.99097955303571,0.0,0.0,-1.4428232973175175e-12,130.82794884036136,4.454814823164112,0.3563282210155057,0.8016266431806831,,,,,,,,,,,,
/home/cmantill/.cache/kagglehub/datasets/saberghaderi/-dfl-bundesliga-460-mp4-videos-in-30sec-csv/versions/1/DFL Bundesliga Data Shootout/train/C35bd9041_0/C35bd9041_0 (17).mp4,C35bd9041_0 (17).mp4,C35bd9041_0 (17),/home/cmantill/.cache/kagglehub/datasets/saberghaderi/-dfl-bundesliga-460-mp4-videos-in-30sec-csv/versions/1/DFL Bundesliga Data Shootout/train/C35bd9041_0/C35bd9041_0 (17).mp4,/home/cmantill/narrador-futbol/output/tracks_json/tracker/C35bd9041_0_17_tracks.json,/home/cmantill/narrador-futbol/output/tracks_json/tracker/C35bd9041_0_17_summary.json,2026-03-13T20:13:48.980700+00:00,25,22,0.5698787878787879,0.5933333333333333,0.5296666666666667,30.454545454545453,33.5,7.642840985020651,7.3568421052631585,0.9090909090909091,2.9489957210670448,2.731465098685575,37.74590667501392,18.984927729274922,0.0,0.0,-1.4428232973175175e-12,141.45593258560166,3.9761991806802097,0.3656734525575037,0.8116231809068285,,,,,,,,,,,,
/home/cmantill/.cache/kagglehub/datasets/saberghaderi/-dfl-bundesliga-460-mp4-videos-in-30sec-csv/versions/1/DFL Bundesliga Data Shootout/train/C35bd9041_0/C35bd9041_0 (18).mp4,C35bd9041_0 (18).mp4,C35bd9041_0 (18),/home/cmantill/.cache/kagglehub/datasets/saberghaderi/-dfl-bundesliga-460-mp4-videos-in-30sec-csv/versions/1/DFL Bundesliga Data Shootout/train/C35bd9041_0/C35bd9041_0 (18).mp4,/home/cmantill/narrador-futbol/output/tracks_json/tracker/C35bd9041_0_18_tracks.json,/home/cmantill/narrador-futbol/output/tracks_json/tracker/C35bd9041_0_18_summary.json,2026-03-13T20:17:40.824540+00:00,23,22,0.564121212121212,0.6193333333333333,0.44133333333333336,30.954545454545453,33.5,11.984160202697206,8.65576923076923,0.9545454545454546,2.5027812673605228,2.415235216916896,93.59655127371195,18.37902415149174,0.0,0.0,-1.4428232973175175e-12,103.02636668190895,3.749381588173516,0.3522233295698304,0.8076192681079103,,,,,,,,,,,,
/home/cmantill/.cache/kagglehub/datasets/saberghaderi/-dfl-bundesliga-460-mp4-videos-in-30sec-csv/versions/1/DFL Bundesliga Data Shootout/train/C35bd9041_0/C35bd9041_0 (19).mp4,C35bd9041_0 (19).mp4,C35bd9041_0 (19),/home/cmantill/.cache/kagglehub/datasets/saberghaderi/-dfl-bundesliga-460-mp4-videos-in-30sec-csv/versions/1/DFL Bundesliga Data Shootout/train/C35bd9041_0/C35bd9041_0 (19).mp4,/home/cmantill/narrador-futbol/output/tracks_json/tracker/C35bd9041_0_19_tracks.json,/home/cmantill/narrador-futbol/output/tracks_json/tracker/C35bd9041_0_19_summary.json,2026-03-13T20:17:48.005348+00:00,22,22,0.4586060606060606,0.49266666666666664,0.41,30.454545454545453,31.0,11.729657426867028,9.38095238095238,0.9090909090909091,3.1609464945151453,2.987899555343044,34.18751651518179,17.156498039835856,0.0,0.0,-1.4428232973175175e-12,156.98105185122066,5.944499802362191,0.3048732590150076,0.7329369539369662,,,,,,,,,,,,
/home/cmantill/.cache/kagglehub/datasets/saberghaderi/-dfl-bundesliga-460-mp4-videos-in-30sec-csv/versions/1/DFL Bundesliga Data Shootout/train/C35bd9041_0/C35bd9041_0 (2).mp4,C35bd9041_0 (2).mp4,C35bd9041_0 (2),/home/cmantill/.cache/kagglehub/datasets/saberghaderi/-dfl-bundesliga-460-mp4-videos-in-30sec-csv/versions/1/DFL Bundesliga Data Shootout/train/C35bd9041_0/C35bd9041_0 (2).mp4,/home/cmantill/narrador-futbol/output/tracks_json/tracker/C35bd9041_0_2_tracks.json,/home/cmantill/narrador-futbol/output/tracks_json/tracker/C35bd9041_0_2_summary.json,2026-03-13T19:40:05.383149+00:00,22,22,0.7131515151515151,0.7353333333333334,0.6026666666666667,23.681818181818183,21.5,9.076578419727745,8.881944444444445,1.0,1.2659264932304146,1.304888681071752,49.219688430016085,21.415988222814857,0.0,0.0,-1.4428232973175175e-12,117.34049679176397,3.4330059475844625,0.24716444914778696,0.6859550759022809,,,,,,,,,,,,
/home/cmantill/.cache/kagglehub/datasets/saberghaderi/-dfl-bundesliga-460-mp4-videos-in-30sec-csv/versions/1/DFL Bundesliga Data Shootout/train/C35bd9041_0/C35bd9041_0 (20).mp4,C35bd9041_0 (20).mp4,C35bd9041_0 (20),/home/cmantill/.cache/kagglehub/datasets/saberghaderi/-dfl-bundesliga-460-mp4-videos-in-30sec-csv/versions/1/DFL Bundesliga Data Shootout/train/C35bd9041_0/C35bd9041_0 (20).mp4,/home/cmantill/narrador-futbol/output/tracks_json/tracker/C35bd9041_0_20_tracks.json,/home/cmantill/narrador-futbol/output/tracks_json/tracker/C35bd9041_0_20_summary.json,2026-03-13T20:21:07.740352+00:00,22,22,0.3918181818181818,0.554,0.011333333333333334,21.363636363636363,26.0,69.57628994875459,8.572502210433244,0.9090909090909091,3.0126736763539634,3.015783950640203,28.26274850771197,12.943940060593887,0.0,0.0,-1.4428232973175175e-12,100.11753666250969,4.609652624074678,0.26043386502971005,0.7766959682743338,,,,,,,,,,,,
/home/cmantill/.cache/kagglehub/datasets/saberghaderi/-dfl-bundesliga-460-mp4-videos-in-30sec-csv/versions/1/DFL Bundesliga Data Shootout/train/C35bd9041_0/C35bd9041_0 (21).mp4,C35bd9041_0 (21).mp4,C35bd9041_0 (21),/home/cmantill/.cache/kagglehub/datasets/saberghaderi/-dfl-bundesliga-460-mp4-videos-in-30sec-csv/versions/1/DFL Bundesliga Data Shootout/train/C35bd9041_0/C35bd9041_0 (21).mp4,/home/cmantill/narrador-futbol/output/tracks_json/tracker/C35bd9041_0_21_tracks.json,/home/cmantill/narrador-futbol/output/tracks_json/tracker/C35bd9041_0_21_summary.json,2026-03-13T20:24:52.012518+00:00,22,22,0.5294545454545454,0.46066666666666667,0.38233333333333336,22.545454545454547,22.0,11.14093230208254,13.154403567447044,0.9090909090909091,3.2019158333571474,3.148195756613951,29.861464017886284,15.358764020354279,0.0,0.0,-1.4428232973175175e-12,136.20788487001994,4.537771564345139,0.32464651020244645,0.7763713429915744,,,,,,,,,,,,
/home/cmantill/.cache/kagglehub/datasets/saberghaderi/-dfl-bundesliga-460-mp4-videos-in-30sec-csv/versions/1/DFL Bundesliga Data Shootout/train/C35bd9041_0/C35bd9041_0 (22).mp4,C35bd9041_0 (22).mp4,C35bd9041_0 (22),/home/cmantill/.cache/kagglehub/datasets/saberghaderi/-dfl-bundesliga-460-mp4-videos-in-30sec-csv/versions/1/DFL Bundesliga Data Shootout/train/C35bd9041_0/C35bd9041_0 (22).mp4,/home/cmantill/narrador-futbol/output/tracks_json/tracker/C35bd9041_0_22_tracks.json,/home/cmantill/narrador-futbol/output/tracks_json/tracker/C35bd9041_0_22_summary.json,2026-03-13T20:25:24.335897+00:00,23,22,0.5770909090909091,0.5713333333333332,0.4916666666666667,29.181818181818183,30.0,9.145804318198877,8.669934640522875,0.9545454545454546,2.3049434430457687,2.187277082055421,35.45239104087655,16.894983109479806,0.0,0.0,-1.4428232973175175e-12,149.43324350013708,4.028352739946333,0.24685948328660437,0.7697602215363328,,,,,,,,,,,,
/home/cmantill/.cache/kagglehub/datasets/saberghaderi/-dfl-bundesliga-460-mp4-videos-in-30sec-csv/versions/1/DFL Bundesliga Data Shootout/train/C35bd9041_0/C35bd9041_0 (23).mp4,C35bd9041_0 (23).mp4,C35bd9041_0 (23),/home/cmantill/.cache/kagglehub/datasets/saberghaderi/-dfl-bundesliga-460-mp4-videos-in-30sec-csv/versions/1/DFL Bundesliga Data Shootout/train/C35bd9041_0/C35bd9041_0 (23).mp4,/home/cmantill/narrador-futbol/output/tracks_json/tracker/C35bd9041_0_23_tracks.json,/home/cmantill/narrador-futbol/output/tracks_json/tracker/C35bd9041_0_23_summary.json,2026-03-13T20:28:23.303786+00:00,23,22,0.6684848484848485,0.722,0.6559999999999999,30.818181818181817,31.5,6.2232208347167735,5.26003276003276,0.9545454545454546,2.3785617578887313,2.2067301272545614,55.23427239291145,18.607903558382652,0.0,0.0,-1.4428232973175175e-12,176.61043184125958,3.919233320580781,0.3197917243071028,0.7945028375306668,,,,,,,,,,,,
/home/cmantill/.cache/kagglehub/datasets/saberghaderi/-dfl-bundesliga-460-mp4-videos-in-30sec-csv/versions/1/DFL Bundesliga Data Shootout/train/C35bd9041_0/C35bd9041_0 (24).mp4,C35bd9041_0 (24).mp4,C35bd9041_0 (24),/home/cmantill/.cache/kagglehub/datasets/saberghaderi/-dfl-bundesliga-460-mp4-videos-in-30sec-csv/versions/1/DFL Bundesliga Data Shootout/train/C35bd9041_0/C35bd9041_0 (24).mp4,/home/cmantill/narrador-futbol/output/tracks_json/tracker/C35bd9041_0_24_tracks.json,/home/cmantill/narrador-futbol/output/tracks_json/tracker/C35bd9041_0_24_summary.json,2026-03-13T20:31:49.143225+00:00,23,22,0.6481212121212123,0.6106666666666667,0.557,54.36363636363637,51.5,4.702731409852304,4.330452998167059,1.0,1.4111113069328272,1.4721200658343392,84.33421482636543,27.924594414865524,0.0,0.0,-1.4428232973175175e-12,159.54207246706142,3.5192045078328906,0.2757742873441144,0.7755201351998405,,,,,,,,,,,,
/home/cmantill/.cache/kagglehub/datasets/saberghaderi/-dfl-bundesliga-460-mp4-videos-in-30sec-csv/versions/1/DFL Bundesliga Data Shootout/train/C35bd9041_0/C35bd9041_0 (25).mp4,C35bd9041_0 (25).mp4,C35bd9041_0 (25),/home/cmantill/.cache/kagglehub/datasets/saberghaderi/-dfl-bundesliga-460-mp4-videos-in-30sec-csv/versions/1/DFL Bundesliga Data Shootout/train/C35bd9041_0/C35bd9041_0 (25).mp4,/home/cmantill/narrador-futbol/output/tracks_json/tracker/C35bd9041_0_25_tracks.json,/home/cmantill/narrador-futbol/output/tracks_json/tracker/C35bd9041_0_25_summary.json,2026-03-13T20:32:37.387404+00:00,25,22,0.4961818181818181,0.4966666666666667,0.44666666666666666,35.77272727272727,38.0,9.365084984168591,8.987612612612612,0.9545454545454546,3.1510591380707944,3.1287967349806767,62.861834079264284,21.95825264839181,0.0,0.0,-1.4428232973175175e-12,149.299872353809,4.688155356257623,0.34686743599786485,0.8005705357223415,,,,,,,,,,,,
/home/cmantill/.cache/kagglehub/datasets/saberghaderi/-dfl-bundesliga-460-mp4-videos-in-30sec-csv/versions/1/DFL Bundesliga Data Shootout/train/C35bd9041_0/C35bd9041_0 (26).mp4,C35bd9041_0 (26).mp4,C35bd9041_0 (26),/home/cmantill/.cache/kagglehub/datasets/saberghaderi/-dfl-bundesliga-460-mp4-videos-in-30sec-csv/versions/1/DFL Bundesliga Data Shootout/train/C35bd9041_0/C35bd9041_0 (26).mp4,/home/cmantill/narrador-futbol/output/tracks_json/tracker/C35bd9041_0_26_tracks.json,/home/cmantill/narrador-futbol/output/tracks_json/tracker/C35bd9041_0_26_summary.json,2026-03-13T20:36:21.546164+00:00,22,22,0.4768484848484848,0.3653333333333333,0.30633333333333335,28.636363636363637,28.0,15.388670750403405,11.038636363636364,0.9545454545454546,2.998864113628456,2.893308014698909,40.33993825784123,24.480737091013566,0.0,0.0,-1.4428232973175175e-12,180.53754703088427,5.118563668632547,0.31440762187732185,0.7789026067042044,,,,,,,,,,,,
/home/cmantill/.cache/kagglehub/datasets/saberghaderi/-dfl-bundesliga-460-mp4-videos-in-30sec-csv/versions/1/DFL Bundesliga Data Shootout/train/C35bd9041_0/C35bd9041_0 (27).mp4,C35bd9041_0 (27).mp4,C35bd9041_0 (27),/home/cmantill/.cache/kagglehub/datasets/saberghaderi/-dfl-bundesliga-460-mp4-videos-in-30sec-csv/versions/1/DFL Bundesliga Data Shootout/train/C35bd9041_0/C35bd9041_0 (27).mp4,/home/cmantill/narrador-futbol/output/tracks_json/tracker/C35bd9041_0_27_tracks.json,/home/cmantill/narrador-futbol/output/tracks_json/tracker/C35bd9041_0_27_summary.json,2026-03-13T20:38:57.362696+00:00,25,22,0.5936969696969695,0.584,0.44566666666666666,17.0,17.0,15.210223567474253,13.420454545454547,0.9545454545454546,2.525906106887452,2.380359093575723,60.5226326030037,15.705953868811168,0.0,0.0,-1.4428232973175175e-12,135.7347448921878,4.30712929244024,0.3381765397268045,0.7939673283707389,,,,,,,,,,,,
/home/cmantill/.cache/kagglehub/datasets/saberghaderi/-dfl-bundesliga-460-mp4-videos-in-30sec-csv/versions/1/DFL Bundesliga Data Shootout/train/C35bd9041_0/C35bd9041_0 (28).mp4,C35bd9041_0 (28).mp4,C35bd9041_0 (28),/home/cmantill/.cache/kagglehub/datasets/saberghaderi/-dfl-bundesliga-460-mp4-videos-in-30sec-csv/versions/1/DFL Bundesliga Data Shootout/train/C35bd9041_0/C35bd9041_0 (28).mp4,/home/cmantill/narrador-futbol/output/tracks_json/tracker/C35bd9041_0_28_tracks.json,/home/cmantill/narrador-futbol/output/tracks_json/tracker/C35bd9041_0_28_summary.json,2026-03-13T20:38:55.046770+00:00,25,22,0.4716363636363637,0.488,0.403,23.09090909090909,23.0,19.741491953890566,14.723905723905723,0.9545454545454546,2.9476572520841327,2.7716370518123155,30.908082235621173,16.295966443246996,0.0,0.0,-1.4428232973175175e-12,189.68535092706253,4.2020816398204115,0.3746945665400191,0.7719065908314626,,,,,,,,,,,,
/home/cmantill/.cache/kagglehub/datasets/saberghaderi/-dfl-bundesliga-460-mp4-videos-in-30sec-csv/versions/1/DFL Bundesliga Data Shootout/train/C35bd9041_0/C35bd9041_0 (29).mp4,C35bd9041_0 (29).mp4,C35bd9041_0 (29),/home/cmantill/.cache/kagglehub/datasets/saberghaderi/-dfl-bundesliga-460-mp4-videos-in-30sec-csv/versions/1/DFL Bundesliga Data Shootout/train/C35bd9041_0/C35bd9041_0 (29).mp4,/home/cmantill/narrador-futbol/output/tracks_json/tracker/C35bd9041_0_29_tracks.json,/home/cmantill/narrador-futbol/output/tracks_json/tracker/C35bd9041_0_29_summary.json,2026-03-13T20:44:23.101821+00:00,24,22,0.5098181818181818,0.5986666666666667,0.44766666666666666,22.818181818181817,23.0,10.395364128868122,10.678362573099417,0.9090909090909091,3.1035704424582824,2.7758622756132234,81.67891757129367,21.462384004591783,0.0,0.0,-1.4428232973175175e-12,141.57115397736754,5.150366994176495,0.26255536540321306,0.7586046663319655,,,,,,,,,,,,
/home/cmantill/.cache/kagglehub/datasets/saberghaderi/-dfl-bundesliga-460-mp4-videos-in-30sec-csv/versions/1/DFL Bundesliga Data Shootout/train/C35bd9041_0/C35bd9041_0 (3).mp4,C35bd9041_0 (3).mp4,C35bd9041_0 (3),/home/cmantill/.cache/kagglehub/datasets/saberghaderi/-dfl-bundesliga-460-mp4-videos-in-30sec-csv/versions/1/DFL Bundesliga Data Shootout/train/C35bd9041_0/C35bd9041_0 (3).mp4,/home/cmantill/narrador-futbol/output/tracks_json/tracker/C35bd9041_0_3_tracks.json,/home/cmantill/narrador-futbol/output/tracks_json/tracker/C35bd9041_0_3_summary.json,2026-03-13T19:41:07.049307+00:00,23,22,0.5873333333333334,0.556,0.49566666666666664,34.5,34.5,9.744559937725944,6.67455242966752,1.0,1.3663454461494977,1.4119266175448308,141.7356034900619,30.286966299304,0.0,0.0,-1.4428232973175175e-12,133.0968058658507,3.632898706436234,0.29488643204276177,0.6580452810653468,,,,,,,,,,,,
/home/cmantill/.cache/kagglehub/datasets/saberghaderi/-dfl-bundesliga-460-mp4-videos-in-30sec-csv/versions/1/DFL Bundesliga Data Shootout/train/C35bd9041_0/C35bd9041_0 (30).mp4,C35bd9041_0 (30).mp4,C35bd9041_0 (30),/home/cmantill/.cache/kagglehub/datasets/saberghaderi/-dfl-bundesliga-460-mp4-videos-in-30sec-csv/versions/1/DFL Bundesliga Data Shootout/train/C35bd9041_0/C35bd9041_0 (30).mp4,/home/cmantill/narrador-futbol/output/tracks_json/tracker/C35bd9041_0_30_tracks.json,/home/cmantill/narrador-futbol/output/tracks_json/tracker/C35bd9041_0_30_summary.json,2026-03-13T20:47:00.339999+00:00,24,22,0.45836363636363636,0.5333333333333333,0.38966666666666666,27.59090909090909,32.0,9.130919789909152,9.90625,0.9090909090909091,2.486377065883827,2.208811350679431,42.32768228017023,14.005373571040547,0.0,0.0,-1.4428232973175175e-12,130.84045494355257,4.13161447935924,0.2905300734417894,0.7863785620793944,,,,,,,,,,,,
/home/cmantill/.cache/kagglehub/datasets/saberghaderi/-dfl-bundesliga-460-mp4-videos-in-30sec-csv/versions/1/DFL Bundesliga Data Shootout/train/C35bd9041_0/C35bd9041_0 (31).mp4,C35bd9041_0 (31).mp4,C35bd9041_0 (31),/home/cmantill/.cache/kagglehub/datasets/saberghaderi/-dfl-bundesliga-460-mp4-videos-in-30sec-csv/versions/1/DFL Bundesliga Data Shootout/train/C35bd9041_0/C35bd9041_0 (31).mp4,/home/cmantill/narrador-futbol/output/tracks_json/tracker/C35bd9041_0_31_tracks.json,/home/cmantill/narrador-futbol/output/tracks_json/tracker/C35bd9041_0_31_summary.json,2026-03-13T20:48:01.730090+00:00,24,22,0.670969696969697,0.702,0.5203333333333333,27.09090909090909,27.0,8.163774167392956,7.242724867724868,1.0,1.7946354852082862,1.8411912564496262,29.840141340111504,13.41825604752892,0.0,0.0,-1.4428232973175175e-12,156.6120858046794,4.266505670752332,0.27902500220857107,0.7661084249904458,,,,,,,,,,,,
/home/cmantill/.cache/kagglehub/datasets/saberghaderi/-dfl-bundesliga-460-mp4-videos-in-30sec-csv/versions/1/DFL Bundesliga Data Shootout/train/C35bd9041_0/C35bd9041_0 (32).mp4,C35bd9041_0 (32).mp4,C35bd9041_0 (32),/home/cmantill/.cache/kagglehub/datasets/saberghaderi/-dfl-bundesliga-460-mp4-videos-in-30sec-csv/versions/1/DFL Bundesliga Data Shootout/train/C35bd9041_0/C35bd9041_0 (32).mp4,/home/cmantill/narrador-futbol/output/tracks_json/tracker/C35bd9041_0_32_tracks.json,/home/cmantill/narrador-futbol/output/tracks_json/tracker/C35bd9041_0_32_summary.json,2026-03-13T20:50:53.032856+00:00,23,22,0.5492121212121212,0.5533333333333333,0.47833333333333333,16.227272727272727,17.0,12.082186573815456,11.295238095238094,0.8636363636363636,2.8286316990701117,2.6220899932693142,23.358819855377593,13.123729308676921,0.0,0.0,-1.4428232973175175e-12,111.32123546877406,3.8230524580440384,0.28363401199774163,0.8012971522275047,,,,,,,,,,,,
/home/cmantill/.cache/kagglehub/datasets/saberghaderi/-dfl-bundesliga-460-mp4-videos-in-30sec-csv/versions/1/DFL Bundesliga Data Shootout/train/C35bd9041_0/C35bd9041_0 (33).mp4,C35bd9041_0 (33).mp4,C35bd9041_0 (33),/home/cmantill/.cache/kagglehub/datasets/saberghaderi/-dfl-bundesliga-460-mp4-videos-in-30sec-csv/versions/1/DFL Bundesliga Data Shootout/train/C35bd9041_0/C35bd9041_0 (33).mp4,/home/cmantill/narrador-futbol/output/tracks_json/tracker/C35bd9041_0_33_tracks.json,/home/cmantill/narrador-futbol/output/tracks_json/tracker/C35bd9041_0_33_summary.json,2026-03-13T20:54:31.177129+00:00,23,22,0.5264848484848484,0.5773333333333334,0.45733333333333337,22.954545454545453,21.5,7.85052644479423,6.674731182795699,0.8181818181818182,1.6427505404196414,1.6905521392713398,20.874507378238683,10.205120599315762,0.0,0.0,-1.4428232973175175e-12,127.89755502636196,4.13452910774701,0.2770166032296724,0.7157563005099603,,,,,,,,,,,,
/home/cmantill/.cache/kagglehub/datasets/saberghaderi/-dfl-bundesliga-460-mp4-videos-in-30sec-csv/versions/1/DFL Bundesliga Data Shootout/train/C35bd9041_0/C35bd9041_0 (34).mp4,C35bd9041_0 (34).mp4,C35bd9041_0 (34),/home/cmantill/.cache/kagglehub/datasets/saberghaderi/-dfl-bundesliga-460-mp4-videos-in-30sec-csv/versions/1/DFL Bundesliga Data Shootout/train/C35bd9041_0/C35bd9041_0 (34).mp4,/home/cmantill/narrador-futbol/output/tracks_json/tracker/C35bd9041_0_34_tracks.json,/home/cmantill/narrador-futbol/output/tracks_json/tracker/C35bd9041_0_34_summary.json,2026-03-13T20:55:06.208582+00:00,23,22,0.6142424242424241,0.7133333333333334,0.5643333333333334,17.90909090909091,19.0,6.475732878819821,6.0420875420875415,0.8636363636363636,3.588309924062291,3.332005964425272,64.31896645029464,22.063965797662078,0.0,0.0,-1.4428232973175175e-12,108.79692097165722,3.79968285746154,0.34178751527468726,0.7905934510457491,,,,,,,,,,,,
/home/cmantill/.cache/kagglehub/datasets/saberghaderi/-dfl-bundesliga-460-mp4-videos-in-30sec-csv/versions/1/DFL Bundesliga Data Shootout/train/C35bd9041_0/C35bd9041_0 (35).mp4,C35bd9041_0 (35).mp4,C35bd9041_0 (35),/home/cmantill/.cache/kagglehub/datasets/saberghaderi/-dfl-bundesliga-460-mp4-videos-in-30sec-csv/versions/1/DFL Bundesliga Data Shootout/train/C35bd9041_0/C35bd9041_0 (35).mp4,/home/cmantill/narrador-futbol/output/tracks_json/tracker/C35bd9041_0_35_tracks.json,/home/cmantill/narrador-futbol/output/tracks_json/tracker/C35bd9041_0_35_summary.json,2026-03-13T20:59:06.874331+00:00,24,22,0.6161212121212122,0.6639999999999999,0.5136666666666667,34.0,28.5,24.24246148143777,8.059386973180075,1.0,2.1934580874412735,2.1813853792639257,106.05329920583672,33.87352070130804,0.0,0.0,-1.4428232973175175e-12,132.31978285802396,5.1019403675806965,0.25624828565755126,0.7435544836514001,,,,,,,,,,,,
/home/cmantill/.cache/kagglehub/datasets/saberghaderi/-dfl-bundesliga-460-mp4-videos-in-30sec-csv/versions/1/DFL Bundesliga Data Shootout/train/C35bd9041_0/C35bd9041_0 (36).mp4,C35bd9041_0 (36).mp4,C35bd9041_0 (36),/home/cmantill/.cache/kagglehub/datasets/saberghaderi/-dfl-bundesliga-460-mp4-videos-in-30sec-csv/versions/1/DFL Bundesliga Data Shootout/train/C35bd9041_0/C35bd9041_0 (36).mp4,/home/cmantill/narrador-futbol/output/tracks_json/tracker/C35bd9041_0_36_tracks.json,/home/cmantill/narrador-futbol/output/tracks_json/tracker/C35bd9041_0_36_summary.json,2026-03-13T21:00:50.098572+00:00,24,22,0.5143030303030303,0.6353333333333333,0.31366666666666665,19.863636363636363,16.5,12.34219396017686,7.578125,0.8636363636363636,2.9316063386300164,2.6566419597648694,37.99637611617247,18.331059473628535,0.0,0.0,-1.4428232973175175e-12,99.35276649072266,4.432101591763324,0.2915461246278956,0.7078349375740245,,,,,,,,,,,,
/home/cmantill/.cache/kagglehub/datasets/saberghaderi/-dfl-bundesliga-460-mp4-videos-in-30sec-csv/versions/1/DFL Bundesliga Data Shootout/train/C35bd9041_0/C35bd9041_0 (37).mp4,C35bd9041_0 (37).mp4,C35bd9041_0 (37),/home/cmantill/.cache/kagglehub/datasets/saberghaderi/-dfl-bundesliga-460-mp4-videos-in-30sec-csv/versions/1/DFL Bundesliga Data Shootout/train/C35bd9041_0/C35bd9041_0 (37).mp4,/home/cmantill/narrador-futbol/output/tracks_json/tracker/C35bd9041_0_37_tracks.json,/home/cmantill/narrador-futbol/output/tracks_json/tracker/C35bd9041_0_37_summary.json,2026-03-13T21:01:26.196366+00:00,24,22,0.5927272727272727,0.6200000000000001,0.42033333333333334,14.545454545454545,18.5,10.065271136344391,9.5515873015873,0.8636363636363636,2.5162117546349925,2.568255759463202,29.968948691890844,13.367186420763908,0.0,0.0,-1.4428232973175175e-12,106.70045683246605,4.330553549310041,0.28499617380760117,0.8015467983318239,,,,,,,,,,,,
/home/cmantill/.cache/kagglehub/datasets/saberghaderi/-dfl-bundesliga-460-mp4-videos-in-30sec-csv/versions/1/DFL Bundesliga Data Shootout/train/C35bd9041_0/C35bd9041_0 (38).mp4,C35bd9041_0 (38).mp4,C35bd9041_0 (38),/home/cmantill/.cache/kagglehub/datasets/saberghaderi/-dfl-bundesliga-460-mp4-videos-in-30sec-csv/versions/1/DFL Bundesliga Data Shootout/train/C35bd9041_0/C35bd9041_0 (38).mp4,/home/cmantill/narrador-futbol/output/tracks_json/tracker/C35bd9041_0_38_tracks.json,/home/cmantill/narrador-futbol/output/tracks_json/tracker/C35bd9041_0_38_summary.json,2026-03-13T21:05:32.896422+00:00,25,22,0.6081818181818182,0.6533333333333333,0.6153333333333333,24.59090909090909,28.0,8.067564428025655,8.178571428571429,0.9090909090909091,2.8452660435865966,3.192539786385143,46.84394421932434,18.90190786549773,0.0,0.0,-1.4428232973175175e-12,129.68937984243348,4.115011469157448,0.3118740447612139,0.7832979500609518,,,,,,,,,,,,
/home/cmantill/.cache/kagglehub/datasets/saberghaderi/-dfl-bundesliga-460-mp4-videos-in-30sec-csv/versions/1/DFL Bundesliga Data Shootout/train/C35bd9041_0/C35bd9041_0 (39).mp4,C35bd9041_0 (39).mp4,C35bd9041_0 (39),/home/cmantill/.cache/kagglehub/datasets/saberghaderi/-dfl-bundesliga-460-mp4-videos-in-30sec-csv/versions/1/DFL Bundesliga Data Shootout/train/C35bd9041_0/C35bd9041_0 (39).mp4,/home/cmantill/narrador-futbol/output/tracks_json/tracker/C35bd9041_0_39_tracks.json,/home/cmantill/narrador-futbol/output/tracks_json/tracker/C35bd9041_0_39_summary.json,2026-03-13T21:08:10.254850+00:00,24,22,0.4687878787878788,0.4666666666666667,0.3606666666666667,20.454545454545453,19.0,16.250474469698002,14.983766233766234,0.9090909090909091,2.711811450208034,2.5853850138765786,27.67297257110446,14.150536859230236,0.0,0.0,-1.4428232973175175e-12,145.514018242112,5.248393940945053,0.29318482786792655,0.7765332263583201,,,,,,,,,,,,
/home/cmantill/.cache/kagglehub/datasets/saberghaderi/-dfl-bundesliga-460-mp4-videos-in-30sec-csv/versions/1/DFL Bundesliga Data Shootout/train/C35bd9041_0/C35bd9041_0 (4).mp4,C35bd9041_0 (4).mp4,C35bd9041_0 (4),/home/cmantill/.cache/kagglehub/datasets/saberghaderi/-dfl-bundesliga-460-mp4-videos-in-30sec-csv/versions/1/DFL Bundesliga Data Shootout/train/C35bd9041_0/C35bd9041_0 (4).mp4,/home/cmantill/narrador-futbol/output/tracks_json/tracker/C35bd9041_0_4_tracks.json,/home/cmantill/narrador-futbol/output/tracks_json/tracker/C35bd9041_0_4_summary.json,2026-03-13T19:41:49.200678+00:00,23,22,0.5436363636363636,0.5593333333333332,0.439,28.045454545454547,30.0,9.643298161539958,7.458041958041958,0.9545454545454546,2.697907857692288,2.9102633547397163,118.89203355509405,37.78943218405785,0.0,0.0,-1.4428232973175175e-12,82.63914618075188,3.4274299336126264,0.454283242606031,0.5363433247175784,,,,,,,,,,,,
/home/cmantill/.cache/kagglehub/datasets/saberghaderi/-dfl-bundesliga-460-mp4-videos-in-30sec-csv/versions/1/DFL Bundesliga Data Shootout/train/C35bd9041_0/C35bd9041_0 (40).mp4,C35bd9041_0 (40).mp4,C35bd9041_0 (40),/home/cmantill/.cache/kagglehub/datasets/saberghaderi/-dfl-bundesliga-460-mp4-videos-in-30sec-csv/versions/1/DFL Bundesliga Data Shootout/train/C35bd9041_0/C35bd9041_0 (40).mp4,/home/cmantill/narrador-futbol/output/tracks_json/tracker/C35bd9041_0_40_tracks.json,/home/cmantill/narrador-futbol/output/tracks_json/tracker/C35bd9041_0_40_summary.json,2026-03-13T21:08:16.573831+00:00,24,22,0.5375757575757575,0.5473333333333333,0.487,33.04545454545455,36.5,7.964464839050911,7.608902575587907,0.9090909090909091,2.830164622494722,3.3097571538455948,29.58276767098749,18.060569572607353,0.0,0.0,-1.4428232973175175e-12,160.66335116649662,5.490091632078112,0.27577755107878815,0.7758719896269354,,,,,,,,,,,,
/home/cmantill/.cache/kagglehub/datasets/saberghaderi/-dfl-bundesliga-460-mp4-videos-in-30sec-csv/versions/1/DFL Bundesliga Data Shootout/train/C35bd9041_0/C35bd9041_0 (41).mp4,C35bd9041_0 (41).mp4,C35bd9041_0 (41),/home/cmantill/.cache/kagglehub/datasets/saberghaderi/-dfl-bundesliga-460-mp4-videos-in-30sec-csv/versions/1/DFL Bundesliga Data Shootout/train/C35bd9041_0/C35bd9041_0 (41).mp4,/home/cmantill/narrador-futbol/output/tracks_json/tracker/C35bd9041_0_41_tracks.json,/home/cmantill/narrador-futbol/output/tracks_json/tracker/C35bd9041_0_41_summary.json,2026-03-13T21:13:16.847451+00:00,24,22,0.5732121212121211,0.6206666666666667,0.5573333333333333,28.0,31.5,10.104228332816525,8.96301247771836,0.9545454545454546,3.322143544313729,3.360948926702737,54.901570663518854,19.810730634129087,0.0,0.0,-1.4428232973175175e-12,155.04545652115726,5.109574558068995,0.3731690284609365,0.7914063016180289,,,,,,,,,,,,
/home/cmantill/.cache/kagglehub/datasets/saberghaderi/-dfl-bundesliga-460-mp4-videos-in-30sec-csv/versions/1/DFL Bundesliga Data Shootout/train/C35bd9041_0/C35bd9041_0 (42).mp4,C35bd9041_0 (42).mp4,C35bd9041_0 (42),/home/cmantill/.cache/kagglehub/datasets/saberghaderi/-dfl-bundesliga-460-mp4-videos-in-30sec-csv/versions/1/DFL Bundesliga Data Shootout/train/C35bd9041_0/C35bd9041_0 (42).mp4,/home/cmantill/narrador-futbol/output/tracks_json/tracker/C35bd9041_0_42_tracks.json,/home/cmantill/narrador-futbol/output/tracks_json/tracker/C35bd9041_0_42_summary.json,2026-03-13T21:16:15.065062+00:00,23,22,0.5757575757575757,0.6093333333333333,0.40166666666666667,53.40909090909091,48.0,5.800812553145429,5.507936507936508,1.0,3.3863169359334537,3.3997922615312075,129.6666721650354,64.37798887787784,0.0,0.0,-1.4428232973175175e-12,203.94075475696684,5.79288707236116,0.34897692387844415,0.7187337181731773,,,,,,,,,,,,
/home/cmantill/.cache/kagglehub/datasets/saberghaderi/-dfl-bundesliga-460-mp4-videos-in-30sec-csv/versions/1/DFL Bundesliga Data Shootout/train/C35bd9041_0/C35bd9041_0 (43).mp4,C35bd9041_0 (43).mp4,C35bd9041_0 (43),/home/cmantill/.cache/kagglehub/datasets/saberghaderi/-dfl-bundesliga-460-mp4-videos-in-30sec-csv/versions/1/DFL Bundesliga Data Shootout/train/C35bd9041_0/C35bd9041_0 (43).mp4,/home/cmantill/narrador-futbol/output/tracks_json/tracker/C35bd9041_0_43_tracks.json,/home/cmantill/narrador-futbol/output/tracks_json/tracker/C35bd9041_0_43_summary.json,2026-03-13T21:15:55.606186+00:00,23,22,0.32921212121212123,0.31666666666666665,0.29900000000000004,66.04545454545455,67.0,7.576238073156716,7.371428571428572,1.0,3.828210851680157,3.9399346716684107,111.98420369578723,64.91581716773211,0.0,0.0,-1.4428232973175175e-12,472.1972528178776,7.415203003325692,0.30198402538483354,0.5399746445320578,,,,,,,,,,,,
/home/cmantill/.cache/kagglehub/datasets/saberghaderi/-dfl-bundesliga-460-mp4-videos-in-30sec-csv/versions/1/DFL Bundesliga Data Shootout/train/C35bd9041_0/C35bd9041_0 (44).mp4,C35bd9041_0 (44).mp4,C35bd9041_0 (44),/home/cmantill/.cache/kagglehub/datasets/saberghaderi/-dfl-bundesliga-460-mp4-videos-in-30sec-csv/versions/1/DFL Bundesliga Data Shootout/train/C35bd9041_0/C35bd9041_0 (44).mp4,/home/cmantill/narrador-futbol/output/tracks_json/tracker/C35bd9041_0_44_tracks.json,/home/cmantill/narrador-futbol/output/tracks_json/tracker/C35bd9041_0_44_summary.json,2026-03-13T21:20:50.849569+00:00,23,22,0.47406060606060607,0.4926666666666667,0.4033333333333333,48.68181818181818,54.5,63.635363099800905,5.59565422768068,1.0,3.2474372783761742,3.170568954112345,166.40563016686494,59.12592266351094,0.0,0.0,-1.4428232973175175e-12,220.45614531098184,5.73310168422909,0.3485058182121385,0.6869806694203211,,,,,,,,,,,,
/home/cmantill/.cache/kagglehub/datasets/saberghaderi/-dfl-bundesliga-460-mp4-videos-in-30sec-csv/versions/1/DFL Bundesliga Data Shootout/train/C35bd9041_0/C35bd9041_0 (45).mp4,C35bd9041_0 (45).mp4,C35bd9041_0 (45),/home/cmantill/.cache/kagglehub/datasets/saberghaderi/-dfl-bundesliga-460-mp4-videos-in-30sec-csv/versions/1/DFL Bundesliga Data Shootout/train/C35bd9041_0/C35bd9041_0 (45).mp4,/home/cmantill/narrador-futbol/output/tracks_json/tracker/C35bd9041_0_45_tracks.json,/home/cmantill/narrador-futbol/output/tracks_json/tracker/C35bd9041_0_45_summary.json,2026-03-13T21:22:16.778144+00:00,24,22,0.5496969696969697,0.6113333333333333,0.5233333333333333,32.54545454545455,31.5,6.467862820536735,6.431451612903226,0.8636363636363636,2.2131923667333986,2.931521284754123,53.88725144005303,17.758224349828048,0.0,0.0,-1.4428232973175175e-12,134.4957285307672,4.612702277162345,0.3161613940617103,0.7821341199120173,,,,,,,,,,,,
/home/cmantill/.cache/kagglehub/datasets/saberghaderi/-dfl-bundesliga-460-mp4-videos-in-30sec-csv/versions/1/DFL Bundesliga Data Shootout/train/C35bd9041_0/C35bd9041_0 (46).mp4,C35bd9041_0 (46).mp4,C35bd9041_0 (46),/home/cmantill/.cache/kagglehub/datasets/saberghaderi/-dfl-bundesliga-460-mp4-videos-in-30sec-csv/versions/1/DFL Bundesliga Data Shootout/train/C35bd9041_0/C35bd9041_0 (46).mp4,/home/cmantill/narrador-futbol/output/tracks_json/tracker/C35bd9041_0_46_tracks.json,/home/cmantill/narrador-futbol/output/tracks_json/tracker/C35bd9041_0_46_summary.json,2026-03-13T21:23:34.226461+00:00,25,22,0.49496969696969695,0.6153333333333333,0.21733333333333332,31.772727272727273,35.5,21.262777395296425,5.185897435897436,0.8181818181818182,2.789908797219114,2.6876699611102417,90.15759498861058,23.543118256410104,0.0,0.0,-1.4428232973175175e-12,126.51975159688872,5.068119008118691,0.26467959496190363,0.7959123595369616,,,,,,,,,,,,
/home/cmantill/.cache/kagglehub/datasets/saberghaderi/-dfl-bundesliga-460-mp4-videos-in-30sec-csv/versions/1/DFL Bundesliga Data Shootout/train/C35bd9041_0/C35bd9041_0 (47).mp4,C35bd9041_0 (47).mp4,C35bd9041_0 (47),/home/cmantill/.cache/kagglehub/datasets/saberghaderi/-dfl-bundesliga-460-mp4-videos-in-30sec-csv/versions/1/DFL Bundesliga Data Shootout/train/C35bd9041_0/C35bd9041_0 (47).mp4,/home/cmantill/narrador-futbol/output/tracks_json/tracker/C35bd9041_0_47_tracks.json,/home/cmantill/narrador-futbol/output/tracks_json/tracker/C35bd9041_0_47_summary.json,2026-03-13T21:27:35.212378+00:00,23,22,0.6261212121212122,0.6553333333333333,0.579,31.045454545454547,30.5,7.414116790932897,7.155612244897959,0.9545454545454546,2.4626296377915984,2.3823662127457625,45.567939802804126,17.689277117738417,0.0,0.0,-1.4428232973175175e-12,140.1137431552453,3.8750078513736894,0.2989726164699592,0.7726763996391544,,,,,,,,,,,,
/home/cmantill/.cache/kagglehub/datasets/saberghaderi/-dfl-bundesliga-460-mp4-videos-in-30sec-csv/versions/1/DFL Bundesliga Data Shootout/train/C35bd9041_0/C35bd9041_0 (48).mp4,C35bd9041_0 (48).mp4,C35bd9041_0 (48),/home/cmantill/.cache/kagglehub/datasets/saberghaderi/-dfl-bundesliga-460-mp4-videos-in-30sec-csv/versions/1/DFL Bundesliga Data Shootout/train/C35bd9041_0/C35bd9041_0 (48).mp4,/home/cmantill/narrador-futbol/output/tracks_json/tracker/C35bd9041_0_48_tracks.json,/home/cmantill/narrador-futbol/output/tracks_json/tracker/C35bd9041_0_48_summary.json,2026-03-13T21:29:08.432562+00:00,24,22,0.4411515151515152,0.43666666666666665,0.3646666666666667,30.954545454545453,31.0,14.496546136348872,13.823529411764707,1.0,2.699524621877271,2.681920906905349,104.97146299211792,26.141816263054306,0.0,0.0,-1.4428232973175175e-12,151.40805274344703,4.881716774624366,0.4023700527840343,0.7705179838795353,,,,,,,,,,,,
/home/cmantill/.cache/kagglehub/datasets/saberghaderi/-dfl-bundesliga-460-mp4-videos-in-30sec-csv/versions/1/DFL Bundesliga Data Shootout/train/C35bd9041_0/C35bd9041_0 (49).mp4,C35bd9041_0 (49).mp4,C35bd9041_0 (49),/home/cmantill/.cache/kagglehub/datasets/saberghaderi/-dfl-bundesliga-460-mp4-videos-in-30sec-csv/versions/1/DFL Bundesliga Data Shootout/train/C35bd9041_0/C35bd9041_0 (49).mp4,/home/cmantill/narrador-futbol/output/tracks_json/tracker/C35bd9041_0_49_tracks.json,/home/cmantill/narrador-futbol/output/tracks_json/tracker/C35bd9041_0_49_summary.json,2026-03-13T21:30:21.362455+00:00,23,22,0.4824848484848484,0.518,0.36233333333333334,38.5,38.0,9.268485336746508,9.13109243697479,1.0,2.5031124636916577,2.5348621027348854,80.69682381991045,24.111475076950377,0.0,0.0,-1.4428232973175175e-12,160.0864337711174,5.9201009445426385,0.27982507868506296,0.752171695604337,,,,,,,,,,,,
/home/cmantill/.cache/kagglehub/datasets/saberghaderi/-dfl-bundesliga-460-mp4-videos-in-30sec-csv/versions/1/DFL Bundesliga Data Shootout/train/C35bd9041_0/C35bd9041_0 (5).mp4,C35bd9041_0 (5).mp4,C35bd9041_0 (5),/home/cmantill/.cache/kagglehub/datasets/saberghaderi/-dfl-bundesliga-460-mp4-videos-in-30sec-csv/versions/1/DFL Bundesliga Data Shootout/train/C35bd9041_0/C35bd9041_0 (5).mp4,/home/cmantill/narrador-futbol/output/tracks_json/tracker/C35bd9041_0_5_tracks.json,/home/cmantill/narrador-futbol/output/tracks_json/tracker/C35bd9041_0_5_summary.json,2026-03-13T19:47:03.854825+00:00,24,22,0.4878181818181819,0.472,0.29666666666666663,19.863636363636363,17.0,23.535986313634144,15.789373814041745,1.0,3.504206516662421,3.6101715093179076,104.03740792580133,47.9763259087521,0.0,0.0,-1.4428232973175175e-12,103.3865405855377,2.944690040411989,0.27749920670081074,0.6219466075516988,,,,,,,,,,,,
/home/cmantill/.cache/kagglehub/datasets/saberghaderi/-dfl-bundesliga-460-mp4-videos-in-30sec-csv/versions/1/DFL Bundesliga Data Shootout/train/C35bd9041_0/C35bd9041_0 (50).mp4,C35bd9041_0 (50).mp4,C35bd9041_0 (50),/home/cmantill/.cache/kagglehub/datasets/saberghaderi/-dfl-bundesliga-460-mp4-videos-in-30sec-csv/versions/1/DFL Bundesliga Data Shootout/train/C35bd9041_0/C35bd9041_0 (50).mp4,/home/cmantill/narrador-futbol/output/tracks_json/tracker/C35bd9041_0_50_tracks.json,/home/cmantill/narrador-futbol/output/tracks_json/tracker/C35bd9041_0_50_summary.json,2026-03-13T21:36:19.788337+00:00,24,22,0.6873939393939392,0.6786666666666666,0.6353333333333333,35.72727272727273,36.5,6.552595238270499,5.95958751393534,1.0,3.186369947793505,3.1907094369724094,79.45958342269643,39.4817764267783,0.0,0.0,-1.4428232973175175e-12,117.813399615052,4.460606409954639,0.3098465322692173,0.7548121469161532,,,,,,,,,,,,
/home/cmantill/.cache/kagglehub/datasets/saberghaderi/-dfl-bundesliga-460-mp4-videos-in-30sec-csv/versions/1/DFL Bundesliga Data Shootout/train/C35bd9041_0/C35bd9041_0 (51).mp4,C35bd9041_0 (51).mp4,C35bd9041_0 (51),/home/cmantill/.cache/kagglehub/datasets/saberghaderi/-dfl-bundesliga-460-mp4-videos-in-30sec-csv/versions/1/DFL Bundesliga Data Shootout/train/C35bd9041_0/C35bd9041_0 (51).mp4,/home/cmantill/narrador-futbol/output/tracks_json/tracker/C35bd9041_0_51_tracks.json,/home/cmantill/narrador-futbol/output/tracks_json/tracker/C35bd9041_0_51_summary.json,2026-03-13T21:37:49.642329+00:00,23,22,0.5798181818181818,0.5826666666666667,0.509,34.59090909090909,35.0,8.650157895314036,9.039136302294196,1.0,3.0285036620810177,3.000798015017111,64.16444065801072,35.058793625734374,0.0,0.0,-1.4428232973175175e-12,164.923425188042,5.68250505256515,0.2877485227496479,0.7117276723768188,,,,,,,,,,,,
/home/cmantill/.cache/kagglehub/datasets/saberghaderi/-dfl-bundesliga-460-mp4-videos-in-30sec-csv/versions/1/DFL Bundesliga Data Shootout/train/C35bd9041_0/C35bd9041_0 (52).mp4,C35bd9041_0 (52).mp4,C35bd9041_0 (52),/home/cmantill/.cache/kagglehub/datasets/saberghaderi/-dfl-bundesliga-460-mp4-videos-in-30sec-csv/versions/1/DFL Bundesliga Data Shootout/train/C35bd9041_0/C35bd9041_0 (52).mp4,/home/cmantill/narrador-futbol/output/tracks_json/tracker/C35bd9041_0_52_tracks.json,/home/cmantill/narrador-futbol/output/tracks_json/tracker/C35bd9041_0_52_summary.json,2026-03-13T21:36:46.503938+00:00,24,22,0.4904848484848484,0.5633333333333332,0.2633333333333333,21.363636363636363,24.5,33.929588642485605,7.677055702917772,0.9090909090909091,2.659446159282728,2.590884338456949,34.48728828587764,13.226759221060838,0.0,0.0,-1.4428232973175175e-12,112.77925161080424,6.005320221081848,0.2763873510621954,0.7889453661746834,,,,,,,,,,,,
/home/cmantill/.cache/kagglehub/datasets/saberghaderi/-dfl-bundesliga-460-mp4-videos-in-30sec-csv/versions/1/DFL Bundesliga Data Shootout/train/C35bd9041_0/C35bd9041_0 (53).mp4,C35bd9041_0 (53).mp4,C35bd9041_0 (53),/home/cmantill/.cache/kagglehub/datasets/saberghaderi/-dfl-bundesliga-460-mp4-videos-in-30sec-csv/versions/1/DFL Bundesliga Data Shootout/train/C35bd9041_0/C35bd9041_0 (53).mp4,/home/cmantill/narrador-futbol/output/tracks_json/tracker/C35bd9041_0_53_tracks.json,/home/cmantill/narrador-futbol/output/tracks_json/tracker/C35bd9041_0_53_summary.json,2026-03-13T21:42:56.081073+00:00,25,22,0.48854545454545445,0.554,0.43266666666666664,31.90909090909091,35.0,39.91525108872449,7.5091564927857934,0.9090909090909091,3.117697850029068,2.9522286523324195,36.02936337075534,17.826227348234536,0.0,0.0,-1.4428232973175175e-12,159.91451436755713,4.958009770506684,0.3246623833741248,0.7980246517328989,,,,,,,,,,,,
/home/cmantill/.cache/kagglehub/datasets/saberghaderi/-dfl-bundesliga-460-mp4-videos-in-30sec-csv/versions/1/DFL Bundesliga Data Shootout/train/C35bd9041_0/C35bd9041_0 (54).mp4,C35bd9041_0 (54).mp4,C35bd9041_0 (54),/home/cmantill/.cache/kagglehub/datasets/saberghaderi/-dfl-bundesliga-460-mp4-videos-in-30sec-csv/versions/1/DFL Bundesliga Data Shootout/train/C35bd9041_0/C35bd9041_0 (54).mp4,/home/cmantill/narrador-futbol/output/tracks_json/tracker/C35bd9041_0_54_tracks.json,/home/cmantill/narrador-futbol/output/tracks_json/tracker/C35bd9041_0_54_summary.json,2026-03-13T21:44:29.903752+00:00,25,22,0.59,0.5886666666666667,0.31866666666666665,23.272727272727273,24.0,9.882459716575328,8.977564102564102,0.9545454545454546,2.744299814895158,2.556139333520198,48.465946873221725,22.682490135722883,0.0,0.0,-1.4428232973175175e-12,109.91511574749138,4.256043898411103,0.2964293630518729,0.7490379352575661,,,,,,,,,,,,
/home/cmantill/.cache/kagglehub/datasets/saberghaderi/-dfl-bundesliga-460-mp4-videos-in-30sec-csv/versions/1/DFL Bundesliga Data Shootout/train/C35bd9041_0/C35bd9041_0 (55).mp4,C35bd9041_0 (55).mp4,C35bd9041_0 (55),/home/cmantill/.cache/kagglehub/datasets/saberghaderi/-dfl-bundesliga-460-mp4-videos-in-30sec-csv/versions/1/DFL Bundesliga Data Shootout/train/C35bd9041_0/C35bd9041_0 (55).mp4,/home/cmantill/narrador-futbol/output/tracks_json/tracker/C35bd9041_0_55_tracks.json,/home/cmantill/narrador-futbol/output/tracks_json/tracker/C35bd9041_0_55_summary.json,2026-03-13T21:44:34.962855+00:00,23,22,0.5658181818181818,0.6366666666666667,0.5093333333333333,26.545454545454547,27.5,8.361827330394005,7.78452380952381,0.9090909090909091,2.0522938267610376,2.4312847227705,34.84775751418228,13.391129042635043,0.0,0.0,-1.4428232973175175e-12,154.14474545420086,4.9475198569933205,0.3267716379047416,0.7567523874888331,,,,,,,,,,,,
/home/cmantill/.cache/kagglehub/datasets/saberghaderi/-dfl-bundesliga-460-mp4-videos-in-30sec-csv/versions/1/DFL Bundesliga Data Shootout/train/C35bd9041_0/C35bd9041_0 (56).mp4,C35bd9041_0 (56).mp4,C35bd9041_0 (56),/home/cmantill/.cache/kagglehub/datasets/saberghaderi/-dfl-bundesliga-460-mp4-videos-in-30sec-csv/versions/1/DFL Bundesliga Data Shootout/train/C35bd9041_0/C35bd9041_0 (56).mp4,/home/cmantill/narrador-futbol/output/tracks_json/tracker/C35bd9041_0_56_tracks.json,/home/cmantill/narrador-futbol/output/tracks_json/tracker/C35bd9041_0_56_summary.json,2026-03-13T21:50:12.199272+00:00,25,22,0.5993939393939395,0.6006666666666667,0.5356666666666667,19.318181818181817,19.0,13.194585292414216,12.008333333333333,0.9545454545454546,3.0453210983393175,2.9229452373011457,53.751947057328685,18.58266984743615,0.0,0.0,-1.4428232973175175e-12,140.98587448301691,4.12986655392127,0.328761961012832,0.8012292341638049,,,,,,,,,,,,
/home/cmantill/.cache/kagglehub/datasets/saberghaderi/-dfl-bundesliga-460-mp4-videos-in-30sec-csv/versions/1/DFL Bundesliga Data Shootout/train/C35bd9041_0/C35bd9041_0 (57).mp4,C35bd9041_0 (57).mp4,C35bd9041_0 (57),/home/cmantill/.cache/kagglehub/datasets/saberghaderi/-dfl-bundesliga-460-mp4-videos-in-30sec-csv/versions/1/DFL Bundesliga Data Shootout/train/C35bd9041_0/C35bd9041_0 (57).mp4,/home/cmantill/narrador-futbol/output/tracks_json/tracker/C35bd9041_0_57_tracks.json,/home/cmantill/narrador-futbol/output/tracks_json/tracker/C35bd9041_0_57_summary.json,2026-03-13T21:51:44.595741+00:00,24,22,0.5003636363636363,0.5673333333333334,0.443,36.22727272727273,41.0,5.62734426544803,6.442102713178294,0.8636363636363636,3.186087275840868,2.746952582257383,95.54291047518734,23.379712408997815,0.0,0.0,-1.4428232973175175e-12,127.02463075657596,5.920180698712258,0.34530441581439997,0.7388566676413313,,,,,,,,,,,,
/home/cmantill/.cache/kagglehub/datasets/saberghaderi/-dfl-bundesliga-460-mp4-videos-in-30sec-csv/versions/1/DFL Bundesliga Data Shootout/train/C35bd9041_0/C35bd9041_0 (58).mp4,C35bd9041_0 (58).mp4,C35bd9041_0 (58),/home/cmantill/.cache/kagglehub/datasets/saberghaderi/-dfl-bundesliga-460-mp4-videos-in-30sec-csv/versions/1/DFL Bundesliga Data Shootout/train/C35bd9041_0/C35bd9041_0 (58).mp4,/home/cmantill/narrador-futbol/output/tracks_json/tracker/C35bd9041_0_58_tracks.json,/home/cmantill/narrador-futbol/output/tracks_json/tracker/C35bd9041_0_58_summary.json,2026-03-13T21:51:38.556461+00:00,25,22,0.6498181818181819,0.72,0.5816666666666667,17.272727272727273,17.0,10.138207618575889,8.219924812030076,0.9090909090909091,2.664501355570712,2.697462646244516,33.665206275581994,16.001329235576733,0.0,0.0,-1.4428232973175175e-12,118.93035458351551,3.7275145756144696,0.271806555504789,0.8071848654251643,,,,,,,,,,,,
/home/cmantill/.cache/kagglehub/datasets/saberghaderi/-dfl-bundesliga-460-mp4-videos-in-30sec-csv/versions/1/DFL Bundesliga Data Shootout/train/C35bd9041_0/C35bd9041_0 (59).mp4,C35bd9041_0 (59).mp4,C35bd9041_0 (59),/home/cmantill/.cache/kagglehub/datasets/saberghaderi/-dfl-bundesliga-460-mp4-videos-in-30sec-csv/versions/1/DFL Bundesliga Data Shootout/train/C35bd9041_0/C35bd9041_0 (59).mp4,/home/cmantill/narrador-futbol/output/tracks_json/tracker/C35bd9041_0_59_tracks.json,/home/cmantill/narrador-futbol/output/tracks_json/tracker/C35bd9041_0_59_summary.json,2026-03-13T21:57:02.198684+00:00,25,22,0.5569090909090909,0.55,0.448,34.86363636363637,36.0,8.07435440772372,8.676666666666666,0.9545454545454546,3.106455774942414,3.0773623938127574,37.94042693922118,16.727521575605454,0.0,0.0,-1.4428232973175175e-12,135.9153315820746,4.292272876422444,0.36077665611747955,0.7851175489785565,,,,,,,,,,,,
/home/cmantill/.cache/kagglehub/datasets/saberghaderi/-dfl-bundesliga-460-mp4-videos-in-30sec-csv/versions/1/DFL Bundesliga Data Shootout/train/C35bd9041_0/C35bd9041_0 (6).mp4,C35bd9041_0 (6).mp4,C35bd9041_0 (6),/home/cmantill/.cache/kagglehub/datasets/saberghaderi/-dfl-bundesliga-460-mp4-videos-in-30sec-csv/versions/1/DFL Bundesliga Data Shootout/train/C35bd9041_0/C35bd9041_0 (6).mp4,/home/cmantill/narrador-futbol/output/tracks_json/tracker/C35bd9041_0_6_tracks.json,/home/cmantill/narrador-futbol/output/tracks_json/tracker/C35bd9041_0_6_summary.json,2026-03-13T19:48:12.345026+00:00,23,22,0.7206060606060606,0.7553333333333334,0.62,14.818181818181818,13.0,12.336251638687118,11.891402714932127,1.0,1.7378951674078853,1.707647562819392,33.1558055506336,12.666492037082143,0.0,0.0,-1.4428232973175175e-12,72.09686564244298,2.954075747593515,0.23915652304922422,0.782178706876863,,,,,,,,,,,,
/home/cmantill/.cache/kagglehub/datasets/saberghaderi/-dfl-bundesliga-460-mp4-videos-in-30sec-csv/versions/1/DFL Bundesliga Data Shootout/train/C35bd9041_0/C35bd9041_0 (60).mp4,C35bd9041_0 (60).mp4,C35bd9041_0 (60),/home/cmantill/.cache/kagglehub/datasets/saberghaderi/-dfl-bundesliga-460-mp4-videos-in-30sec-csv/versions/1/DFL Bundesliga Data Shootout/train/C35bd9041_0/C35bd9041_0 (60).mp4,/home/cmantill/narrador-futbol/output/tracks_json/tracker/C35bd9041_0_60_tracks.json,/home/cmantill/narrador-futbol/output/tracks_json/tracker/C35bd9041_0_60_summary.json,2026-03-13T21:58:43.442602+00:00,23,22,0.48139393939393943,0.484,0.394,21.772727272727273,23.5,13.497188688610178,13.142727272727273,0.9090909090909091,2.707657584044295,2.3892004372493436,43.84747171452354,19.113101656321508,0.0,0.0,-1.4428232973175175e-12,193.73593072521962,4.5682501078987165,0.3188410314981173,0.7818564956934172,,,,,,,,,,,,
/home/cmantill/.cache/kagglehub/datasets/saberghaderi/-dfl-bundesliga-460-mp4-videos-in-30sec-csv/versions/1/DFL Bundesliga Data Shootout/train/C35bd9041_0/C35bd9041_0 (61).mp4,C35bd9041_0 (61).mp4,C35bd9041_0 (61),/home/cmantill/.cache/kagglehub/datasets/saberghaderi/-dfl-bundesliga-460-mp4-videos-in-30sec-csv/versions/1/DFL Bundesliga Data Shootout/train/C35bd9041_0/C35bd9041_0 (61).mp4,/home/cmantill/narrador-futbol/output/tracks_json/tracker/C35bd9041_0_61_tracks.json,/home/cmantill/narrador-futbol/output/tracks_json/tracker/C35bd9041_0_61_summary.json,2026-03-13T21:58:01.199764+00:00,23,22,0.46715151515151515,0.538,0.41300000000000003,25.181818181818183,29.0,6.9424123277636145,7.063644688644689,0.7727272727272727,1.6799675456349346,1.6571876691427854,25.19028080006081,12.330834844023379,0.0,0.0,-1.4428232973175175e-12,147.39918838518741,4.251563110600188,0.42082063072095005,0.7405108201774003,,,,,,,,,,,,
/home/cmantill/.cache/kagglehub/datasets/saberghaderi/-dfl-bundesliga-460-mp4-videos-in-30sec-csv/versions/1/DFL Bundesliga Data Shootout/train/C35bd9041_0/C35bd9041_0 (62).mp4,C35bd9041_0 (62).mp4,C35bd9041_0 (62),/home/cmantill/.cache/kagglehub/datasets/saberghaderi/-dfl-bundesliga-460-mp4-videos-in-30sec-csv/versions/1/DFL Bundesliga Data Shootout/train/C35bd9041_0/C35bd9041_0 (62).mp4,/home/cmantill/narrador-futbol/output/tracks_json/tracker/C35bd9041_0_62_tracks.json,/home/cmantill/narrador-futbol/output/tracks_json/tracker/C35bd9041_0_62_summary.json,2026-03-13T22:04:14.183931+00:00,25,21,0.5662857142857143,0.6386666666666667,0.49333333333333335,21.142857142857142,22.0,8.80444043869792,7.586206896551724,0.8571428571428571,2.846030403774439,2.4916324840870665,34.62258827741042,15.890089488911098,0.0,0.0,-1.4428232973175173e-12,97.35390176805532,3.3896978662007817,0.36900882633890986,0.8009660866191737,,,,,,,,,,,,
/home/cmantill/.cache/kagglehub/datasets/saberghaderi/-dfl-bundesliga-460-mp4-videos-in-30sec-csv/versions/1/DFL Bundesliga Data Shootout/train/C35bd9041_0/C35bd9041_0 (63).mp4,C35bd9041_0 (63).mp4,C35bd9041_0 (63),/home/cmantill/.cache/kagglehub/datasets/saberghaderi/-dfl-bundesliga-460-mp4-videos-in-30sec-csv/versions/1/DFL Bundesliga Data Shootout/train/C35bd9041_0/C35bd9041_0 (63).mp4,/home/cmantill/narrador-futbol/output/tracks_json/tracker/C35bd9041_0_63_tracks.json,/home/cmantill/narrador-futbol/output/tracks_json/tracker/C35bd9041_0_63_summary.json,2026-03-13T22:05:34.697899+00:00,25,22,0.643090909090909,0.628,0.5376666666666666,25.272727272727273,25.0,10.342253889582937,8.883780332056194,1.0,3.0391959039220757,3.0669313627082633,31.58022674903292,18.755920246111007,0.0,0.0,-1.4428232973175175e-12,163.94388568293635,4.601499104805644,0.28001305724047926,0.7722195812882554,,,,,,,,,,,,
/home/cmantill/.cache/kagglehub/datasets/saberghaderi/-dfl-bundesliga-460-mp4-videos-in-30sec-csv/versions/1/DFL Bundesliga Data Shootout/train/C35bd9041_0/C35bd9041_0 (64).mp4,C35bd9041_0 (64).mp4,C35bd9041_0 (64),/home/cmantill/.cache/kagglehub/datasets/saberghaderi/-dfl-bundesliga-460-mp4-videos-in-30sec-csv/versions/1/DFL Bundesliga Data Shootout/train/C35bd9041_0/C35bd9041_0 (64).mp4,/home/cmantill/narrador-futbol/output/tracks_json/tracker/C35bd9041_0_64_tracks.json,/home/cmantill/narrador-futbol/output/tracks_json/tracker/C35bd9041_0_64_summary.json,2026-03-13T22:06:06.369242+00:00,24,22,0.48866666666666664,0.5126666666666666,0.3596666666666667,34.40909090909091,40.5,9.43385547102122,7.352941176470589,0.9090909090909091,3.0233583778584388,3.1326134589214574,67.37593740205817,21.044988218142986,0.0,0.0,-1.4428232973175175e-12,168.99174673349313,6.51240394142906,0.3046652769337239,0.7925875667684484,,,,,,,,,,,,
/home/cmantill/.cache/kagglehub/datasets/saberghaderi/-dfl-bundesliga-460-mp4-videos-in-30sec-csv/versions/1/DFL Bundesliga Data Shootout/train/C35bd9041_0/C35bd9041_0 (65).mp4,C35bd9041_0 (65).mp4,C35bd9041_0 (65),/home/cmantill/.cache/kagglehub/datasets/saberghaderi/-dfl-bundesliga-460-mp4-videos-in-30sec-csv/versions/1/DFL Bundesliga Data Shootout/train/C35bd9041_0/C35bd9041_0 (65).mp4,/home/cmantill/narrador-futbol/output/tracks_json/tracker/C35bd9041_0_65_tracks.json,/home/cmantill/narrador-futbol/output/tracks_json/tracker/C35bd9041_0_65_summary.json,2026-03-13T22:11:58.765932+00:00,25,22,0.5608484848484848,0.576,0.5053333333333333,33.86363636363637,35.0,7.317833361270024,7.268939393939394,0.9090909090909091,3.3107918486768746,3.2718939373748097,57.92412196649923,21.343699718907217,0.0,0.0,-1.4428232973175175e-12,159.25872579770996,3.999957520265495,0.3367796183795853,0.7924076093392002,,,,,,,,,,,,
/home/cmantill/.cache/kagglehub/datasets/saberghaderi/-dfl-bundesliga-460-mp4-videos-in-30sec-csv/versions/1/DFL Bundesliga Data Shootout/train/C35bd9041_0/C35bd9041_0 (66).mp4,C35bd9041_0 (66).mp4,C35bd9041_0 (66),/home/cmantill/.cache/kagglehub/datasets/saberghaderi/-dfl-bundesliga-460-mp4-videos-in-30sec-csv/versions/1/DFL Bundesliga Data Shootout/train/C35bd9041_0/C35bd9041_0 (66).mp4,/home/cmantill/narrador-futbol/output/tracks_json/tracker/C35bd9041_0_66_tracks.json,/home/cmantill/narrador-futbol/output/tracks_json/tracker/C35bd9041_0_66_summary.json,2026-03-13T22:12:17.996942+00:00,24,22,0.6074545454545455,0.6166666666666667,0.49533333333333335,36.18181818181818,39.0,6.643959380794093,5.858348968105066,0.9545454545454546,3.090260983236666,2.9512846016109595,27.331665115611667,16.732150295188553,0.0,0.0,-1.4428232973175175e-12,173.17951982825977,4.7668771530271785,0.3873531891248174,0.7966877310316814,,,,,,,,,,,,
/home/cmantill/.cache/kagglehub/datasets/saberghaderi/-dfl-bundesliga-460-mp4-videos-in-30sec-csv/versions/1/DFL Bundesliga Data Shootout/train/C35bd9041_0/C35bd9041_0 (67).mp4,C35bd9041_0 (67).mp4,C35bd9041_0 (67),/home/cmantill/.cache/kagglehub/datasets/saberghaderi/-dfl-bundesliga-460-mp4-videos-in-30sec-csv/versions/1/DFL Bundesliga Data Shootout/train/C35bd9041_0/C35bd9041_0 (67).mp4,/home/cmantill/narrador-futbol/output/tracks_json/tracker/C35bd9041_0_67_tracks.json,/home/cmantill/narrador-futbol/output/tracks_json/tracker/C35bd9041_0_67_summary.json,2026-03-13T22:12:56.540564+00:00,25,22,0.5581818181818181,0.6,0.5376666666666666,25.318181818181817,26.5,7.843652635975119,8.68825910931174,0.9090909090909091,2.2912586921091003,2.368295724807558,32.85999742826299,15.269056197565465,0.0,0.0,-1.4428232973175175e-12,105.35601749200069,3.7096228746169193,0.35354391172789806,0.793456072358936,,,,,,,,,,,,
/home/cmantill/.cache/kagglehub/datasets/saberghaderi/-dfl-bundesliga-460-mp4-videos-in-30sec-csv/versions/1/DFL Bundesliga Data Shootout/train/C35bd9041_0/C35bd9041_0 (68).mp4,C35bd9041_0 (68).mp4,C35bd9041_0 (68),/home/cmantill/.cache/kagglehub/datasets/saberghaderi/-dfl-bundesliga-460-mp4-videos-in-30sec-csv/versions/1/DFL Bundesliga Data Shootout/train/C35bd9041_0/C35bd9041_0 (68).mp4,/home/cmantill/narrador-futbol/output/tracks_json/tracker/C35bd9041_0_68_tracks.json,/home/cmantill/narrador-futbol/output/tracks_json/tracker/C35bd9041_0_68_summary.json,2026-03-13T22:18:55.871528+00:00,23,22,0.4988484848484849,0.5113333333333333,0.372,25.045454545454547,25.5,11.89643814465512,10.229166666666668,0.9090909090909091,2.8203999439077303,2.5632448066387843,32.93708228837183,16.470389308566123,0.0,0.0,-1.4428232973175175e-12,158.4657836766154,4.118898173926784,0.3749786131862455,0.7920900184846633,,,,,,,,,,,,
/home/cmantill/.cache/kagglehub/datasets/saberghaderi/-dfl-bundesliga-460-mp4-videos-in-30sec-csv/versions/1/DFL Bundesliga Data Shootout/train/C35bd9041_0/C35bd9041_0 (69).mp4,C35bd9041_0 (69).mp4,C35bd9041_0 (69),/home/cmantill/.cache/kagglehub/datasets/saberghaderi/-dfl-bundesliga-460-mp4-videos-in-30sec-csv/versions/1/DFL Bundesliga Data Shootout/train/C35bd9041_0/C35bd9041_0 (69).mp4,/home/cmantill/narrador-futbol/output/tracks_json/tracker/C35bd9041_0_69_tracks.json,/home/cmantill/narrador-futbol/output/tracks_json/tracker/C35bd9041_0_69_summary.json,2026-03-13T22:20:03.293741+00:00,22,22,0.5266060606060606,0.4933333333333333,0.37233333333333335,20.636363636363637,22.0,10.441411528148775,11.0467720685112,0.9545454545454546,2.919071642164098,3.7273785568608844,32.71027869072916,16.980577218350252,0.0,0.0,-1.4428232973175175e-12,119.5614788932979,4.32109240969029,0.3214942480458091,0.7789174138508994,,,,,,,,,,,,
/home/cmantill/.cache/kagglehub/datasets/saberghaderi/-dfl-bundesliga-460-mp4-videos-in-30sec-csv/versions/1/DFL Bundesliga Data Shootout/train/C35bd9041_0/C35bd9041_0 (7).mp4,C35bd9041_0 (7).mp4,C35bd9041_0 (7),/home/cmantill/.cache/kagglehub/datasets/saberghaderi/-dfl-bundesliga-460-mp4-videos-in-30sec-csv/versions/1/DFL Bundesliga Data Shootout/train/C35bd9041_0/C35bd9041_0 (7).mp4,/home/cmantill/narrador-futbol/output/tracks_json/tracker/C35bd9041_0_7_tracks.json,/home/cmantill/narrador-futbol/output/tracks_json/tracker/C35bd9041_0_7_summary.json,2026-03-13T19:48:30.491839+00:00,24,22,0.5365454545454544,0.5880000000000001,0.437,37.5,39.0,6.793123459574907,6.5,0.9090909090909091,2.7909837568243865,2.668822602686324,25.814208541121857,15.165771754239309,0.0,0.0,-1.4428232973175175e-12,100.52017241130604,3.7040237250115293,0.2744210524280388,0.8032641328582556,,,,,,,,,,,,
/home/cmantill/.cache/kagglehub/datasets/saberghaderi/-dfl-bundesliga-460-mp4-videos-in-30sec-csv/versions/1/DFL Bundesliga Data Shootout/train/C35bd9041_0/C35bd9041_0 (70).mp4,C35bd9041_0 (70).mp4,C35bd9041_0 (70),/home/cmantill/.cache/kagglehub/datasets/saberghaderi/-dfl-bundesliga-460-mp4-videos-in-30sec-csv/versions/1/DFL Bundesliga Data Shootout/train/C35bd9041_0/C35bd9041_0 (70).mp4,/home/cmantill/narrador-futbol/output/tracks_json/tracker/C35bd9041_0_70_tracks.json,/home/cmantill/narrador-futbol/output/tracks_json/tracker/C35bd9041_0_70_summary.json,2026-03-13T22:21:07.415608+00:00,23,22,0.6655757575757577,0.6739999999999999,0.5683333333333334,30.545454545454547,28.5,8.141178704367746,7.363333333333333,1.0,2.4751152291393383,2.4993419504903938,41.11583461367956,16.84339286974769,0.0,0.0,-1.4428232973175175e-12,141.23143385057102,4.655562354355921,0.33230431703949675,0.7789809798531191,,,,,,,,,,,,
/home/cmantill/.cache/kagglehub/datasets/saberghaderi/-dfl-bundesliga-460-mp4-videos-in-30sec-csv/versions/1/DFL Bundesliga Data Shootout/train/C35bd9041_0/C35bd9041_0 (71).mp4,C35bd9041_0 (71).mp4,C35bd9041_0 (71),/home/cmantill/.cache/kagglehub/datasets/saberghaderi/-dfl-bundesliga-460-mp4-videos-in-30sec-csv/versions/1/DFL Bundesliga Data Shootout/train/C35bd9041_0/C35bd9041_0 (71).mp4,/home/cmantill/narrador-futbol/output/tracks_json/tracker/C35bd9041_0_71_tracks.json,/home/cmantill/narrador-futbol/output/tracks_json/tracker/C35bd9041_0_71_summary.json,2026-03-13T22:25:56.186050+00:00,23,22,0.5721818181818181,0.5813333333333333,0.5476666666666666,37.45454545454545,40.5,12.197815107650484,5.834183673469388,0.9545454545454546,3.291066070425061,3.2080327331532335,71.65135053327256,22.071124715858712,0.0,0.0,-1.4428232973175175e-12,120.17206324418277,4.361506333369257,0.40537921408377453,0.7776101663189721,,,,,,,,,,,,
/home/cmantill/.cache/kagglehub/datasets/saberghaderi/-dfl-bundesliga-460-mp4-videos-in-30sec-csv/versions/1/DFL Bundesliga Data Shootout/train/C35bd9041_0/C35bd9041_0 (72).mp4,C35bd9041_0 (72).mp4,C35bd9041_0 (72),/home/cmantill/.cache/kagglehub/datasets/saberghaderi/-dfl-bundesliga-460-mp4-videos-in-30sec-csv/versions/1/DFL Bundesliga Data Shootout/train/C35bd9041_0/C35bd9041_0 (72).mp4,/home/cmantill/narrador-futbol/output/tracks_json/tracker/C35bd9041_0_72_tracks.json,/home/cmantill/narrador-futbol/output/tracks_json/tracker/C35bd9041_0_72_summary.json,2026-03-13T22:26:46.849203+00:00,23,22,0.5346666666666667,0.544,0.4543333333333333,32.18181818181818,34.0,9.365564378244573,8.129901960784313,0.9090909090909091,3.1658057013247913,3.0074670988827403,30.836849714770704,16.563430852194447,0.0,0.0,-1.4428232973175175e-12,185.23875593921323,5.259347958580937,0.36464361426501285,0.7968588948872106,,,,,,,,,,,,
/home/cmantill/.cache/kagglehub/datasets/saberghaderi/-dfl-bundesliga-460-mp4-videos-in-30sec-csv/versions/1/DFL Bundesliga Data Shootout/train/C35bd9041_0/C35bd9041_0 (73).mp4,C35bd9041_0 (73).mp4,C35bd9041_0 (73),/home/cmantill/.cache/kagglehub/datasets/saberghaderi/-dfl-bundesliga-460-mp4-videos-in-30sec-csv/versions/1/DFL Bundesliga Data Shootout/train/C35bd9041_0/C35bd9041_0 (73).mp4,/home/cmantill/narrador-futbol/output/tracks_json/tracker/C35bd9041_0_73_tracks.json,/home/cmantill/narrador-futbol/output/tracks_json/tracker/C35bd9041_0_73_summary.json,2026-03-13T22:28:17.169797+00:00,24,22,0.5006060606060606,0.5293333333333333,0.387,40.27272727272727,40.5,9.976989618990345,7.919767441860465,1.0,3.022188502442125,2.98897524176799,28.97344060539186,14.69587951679095,0.0,0.0,-1.4428232973175175e-12,184.58116401175872,5.238557109530245,0.38764547256009896,0.7748949001169166,,,,,,,,,,,,
/home/cmantill/.cache/kagglehub/datasets/saberghaderi/-dfl-bundesliga-460-mp4-videos-in-30sec-csv/versions/1/DFL Bundesliga Data Shootout/train/C35bd9041_0/C35bd9041_0 (74).mp4,C35bd9041_0 (74).mp4,C35bd9041_0 (74),/home/cmantill/.cache/kagglehub/datasets/saberghaderi/-dfl-bundesliga-460-mp4-videos-in-30sec-csv/versions/1/DFL Bundesliga Data Shootout/train/C35bd9041_0/C35bd9041_0 (74).mp4,/home/cmantill/narrador-futbol/output/tracks_json/tracker/C35bd9041_0_74_tracks.json,/home/cmantill/narrador-futbol/output/tracks_json/tracker/C35bd9041_0_74_summary.json,2026-03-13T22:45:41.143169+00:00,25,22,0.6628996316339987,0.6285642821410705,0.5944222111055528,60.68181818181818,61.5,11.321916153213818,10.905393835616438,1.0,2.776746711278759,2.7701112783650887,78.52411669784294,24.348757426668875,0.0,0.0,-1.4428232973175175e-12,182.15123869601868,4.026984836759062,0.4279310345565058,0.7953508146465746,,,,,,,,,,,,
/home/cmantill/.cache/kagglehub/datasets/saberghaderi/-dfl-bundesliga-460-mp4-videos-in-30sec-csv/versions/1/DFL Bundesliga Data Shootout/train/C35bd9041_0/C35bd9041_0 (75).mp4,C35bd9041_0 (75).mp4,C35bd9041_0 (75),/home/cmantill/.cache/kagglehub/datasets/saberghaderi/-dfl-bundesliga-460-mp4-videos-in-30sec-csv/versions/1/DFL Bundesliga Data Shootout/train/C35bd9041_0/C35bd9041_0 (75).mp4,/home/cmantill/narrador-futbol/output/tracks_json/tracker/C35bd9041_0_75_tracks.json,/home/cmantill/narrador-futbol/output/tracks_json/tracker/C35bd9041_0_75_summary.json,2026-03-13T22:34:58.088315+00:00,24,22,0.6282424242424243,0.606,0.5086666666666667,27.954545454545453,23.0,11.168334876593999,9.107060185185185,0.9545454545454546,2.543338096143315,2.424091678691086,42.525919424035536,19.475324028881015,0.0,0.0,-1.4428232973175175e-12,146.2356153952258,3.8194895130076945,0.28852540683176464,0.797312211626,,,,,,,,,,,,
/home/cmantill/.cache/kagglehub/datasets/saberghaderi/-dfl-bundesliga-460-mp4-videos-in-30sec-csv/versions/1/DFL Bundesliga Data Shootout/train/C35bd9041_0/C35bd9041_0 (76).mp4,C35bd9041_0 (76).mp4,C35bd9041_0 (76),/home/cmantill/.cache/kagglehub/datasets/saberghaderi/-dfl-bundesliga-460-mp4-videos-in-30sec-csv/versions/1/DFL Bundesliga Data Shootout/train/C35bd9041_0/C35bd9041_0 (76).mp4,/home/cmantill/narrador-futbol/output/tracks_json/tracker/C35bd9041_0_76_tracks.json,/home/cmantill/narrador-futbol/output/tracks_json/tracker/C35bd9041_0_76_summary.json,2026-03-13T22:36:21.640144+00:00,25,20,0.6735333333333333,0.664,0.5890000000000001,40.2,39.5,6.3986540302762505,5.0931419457735245,1.0,2.686767793332005,2.7436094762236207,91.09208459889864,29.1358804945558,0.0,0.0,-1.4428232973175173e-12,132.18267750885167,3.8387973352308196,0.34671332862656923,0.7963665172816015,,,,,,,,,,,,
/home/cmantill/.cache/kagglehub/datasets/saberghaderi/-dfl-bundesliga-460-mp4-videos-in-30sec-csv/versions/1/DFL Bundesliga Data Shootout/train/C35bd9041_0/C35bd9041_0 (77).mp4,C35bd9041_0 (77).mp4,C35bd9041_0 (77),/home/cmantill/.cache/kagglehub/datasets/saberghaderi/-dfl-bundesliga-460-mp4-videos-in-30sec-csv/versions/1/DFL Bundesliga Data Shootout/train/C35bd9041_0/C35bd9041_0 (77).mp4,/home/cmantill/narrador-futbol/output/tracks_json/tracker/C35bd9041_0_77_tracks.json,/home/cmantill/narrador-futbol/output/tracks_json/tracker/C35bd9041_0_77_summary.json,2026-03-13T22:42:41.031342+00:00,25,22,0.6518181818181819,0.698,0.6013333333333333,31.727272727272727,27.5,8.803602916753292,8.061274509803921,1.0,2.450136959794392,2.5008614750851113,35.80596862589568,18.308643190015257,0.0,0.0,-1.4428232973175175e-12,143.92641368858605,3.9216654252349197,0.29073600047713666,0.7916567615756193,,,,,,,,,,,,
/home/cmantill/.cache/kagglehub/datasets/saberghaderi/-dfl-bundesliga-460-mp4-videos-in-30sec-csv/versions/1/DFL Bundesliga Data Shootout/train/C35bd9041_0/C35bd9041_0 (78).mp4,C35bd9041_0 (78).mp4,C35bd9041_0 (78),/home/cmantill/.cache/kagglehub/datasets/saberghaderi/-dfl-bundesliga-460-mp4-videos-in-30sec-csv/versions/1/DFL Bundesliga Data Shootout/train/C35bd9041_0/C35bd9041_0 (78).mp4,/home/cmantill/narrador-futbol/output/tracks_json/tracker/C35bd9041_0_78_tracks.json,/home/cmantill/narrador-futbol/output/tracks_json/tracker/C35bd9041_0_78_summary.json,2026-03-13T22:44:21.050645+00:00,23,22,0.5862424242424242,0.5826666666666667,0.4706666666666667,23.454545454545453,22.5,11.852623827708111,7.864450127877238,0.9545454545454546,3.0808812095871114,3.1823056427025453,53.77567396215767,19.670323147482442,0.0,0.0,-1.4428232973175175e-12,151.60895815452778,4.297509160009571,0.33468467815595,0.7864330360402533,,,,,,,,,,,,
/home/cmantill/.cache/kagglehub/datasets/saberghaderi/-dfl-bundesliga-460-mp4-videos-in-30sec-csv/versions/1/DFL Bundesliga Data Shootout/train/C35bd9041_0/C35bd9041_0 (79).mp4,C35bd9041_0 (79).mp4,C35bd9041_0 (79),/home/cmantill/.cache/kagglehub/datasets/saberghaderi/-dfl-bundesliga-460-mp4-videos-in-30sec-csv/versions/1/DFL Bundesliga Data Shootout/train/C35bd9041_0/C35bd9041_0 (79).mp4,/home/cmantill/narrador-futbol/output/tracks_json/tracker/C35bd9041_0_79_tracks.json,/home/cmantill/narrador-futbol/output/tracks_json/tracker/C35bd9041_0_79_summary.json,2026-03-13T22:50:26.911394+00:00,25,21,0.5403809523809523,0.4866666666666667,0.472,28.952380952380953,26.0,11.87577585132158,11.65625,1.0,3.282831420395331,3.4253231428780273,33.18993872582452,20.24647284714407,0.0,0.0,-1.4428232973175173e-12,204.24203511607578,3.816545403286449,0.3506480477447907,0.8069782264836178,,,,,,,,,,,,
/home/cmantill/.cache/kagglehub/datasets/saberghaderi/-dfl-bundesliga-460-mp4-videos-in-30sec-csv/versions/1/DFL Bundesliga Data Shootout/train/C35bd9041_0/C35bd9041_0 (8).mp4,C35bd9041_0 (8).mp4,C35bd9041_0 (8),/home/cmantill/.cache/kagglehub/datasets/saberghaderi/-dfl-bundesliga-460-mp4-videos-in-30sec-csv/versions/1/DFL Bundesliga Data Shootout/train/C35bd9041_0/C35bd9041_0 (8).mp4,/home/cmantill/narrador-futbol/output/tracks_json/tracker/C35bd9041_0_8_tracks.json,/home/cmantill/narrador-futbol/output/tracks_json/tracker/C35bd9041_0_8_summary.json,2026-03-13T19:54:16.210763+00:00,22,22,0.5249090909090909,0.5860000000000001,0.47533333333333333,21.454545454545453,24.5,6.898782452258365,7.431034482758621,0.8181818181818182,2.9553577641835047,2.9034735100534994,61.3759014221088,19.768896067227164,0.0,0.0,-1.4428232973175175e-12,134.5762702063499,5.242737430648985,0.2957029232835507,0.796179622026326,,,,,,,,,,,,
/home/cmantill/.cache/kagglehub/datasets/saberghaderi/-dfl-bundesliga-460-mp4-videos-in-30sec-csv/versions/1/DFL Bundesliga Data Shootout/train/C35bd9041_0/C35bd9041_0 (80).mp4,C35bd9041_0 (80).mp4,C35bd9041_0 (80),/home/cmantill/.cache/kagglehub/datasets/saberghaderi/-dfl-bundesliga-460-mp4-videos-in-30sec-csv/versions/1/DFL Bundesliga Data Shootout/train/C35bd9041_0/C35bd9041_0 (80).mp4,/home/cmantill/narrador-futbol/output/tracks_json/tracker/C35bd9041_0_80_tracks.json,/home/cmantill/narrador-futbol/output/tracks_json/tracker/C35bd9041_0_80_summary.json,2026-03-13T22:52:16.523531+00:00,22,22,0.46315151515151515,0.47333333333333333,0.445,35.59090909090909,36.0,10.17856187085602,10.243620414673046,0.9545454545454546,3.434235716540452,3.2928435698748775,65.07694688182265,25.72841013978264,0.0,0.0,-1.4428232973175175e-12,195.01108996963782,4.517369921391072,0.3228927192621399,0.748226174142242,,,,,,,,,,,,
/home/cmantill/.cache/kagglehub/datasets/saberghaderi/-dfl-bundesliga-460-mp4-videos-in-30sec-csv/versions/1/DFL Bundesliga Data Shootout/train/C35bd9041_0/C35bd9041_0 (81).mp4,C35bd9041_0 (81).mp4,C35bd9041_0 (81),/home/cmantill/.cache/kagglehub/datasets/saberghaderi/-dfl-bundesliga-460-mp4-videos-in-30sec-csv/versions/1/DFL Bundesliga Data Shootout/train/C35bd9041_0/C35bd9041_0 (81).mp4,/home/cmantill/narrador-futbol/output/tracks_json/tracker/C35bd9041_0_81_tracks.json,/home/cmantill/narrador-futbol/output/tracks_json/tracker/C35bd9041_0_81_summary.json,2026-03-13T22:54:30.635049+00:00,24,22,0.5484848484848484,0.5533333333333333,0.492,51.31818181818182,50.0,5.62788532204541,5.804545454545455,0.9545454545454546,3.160900085158935,2.985418167666043,90.88127275098246,44.899123296493,0.0,0.0,-1.4428232973175175e-12,213.98627695699022,4.52353492003205,0.3544495595547096,0.7189994608871263,,,,,,,,,,,,
/home/cmantill/.cache/kagglehub/datasets/saberghaderi/-dfl-bundesliga-460-mp4-videos-in-30sec-csv/versions/1/DFL Bundesliga Data Shootout/train/C35bd9041_0/C35bd9041_0 (82).mp4,C35bd9041_0 (82).mp4,C35bd9041_0 (82),/home/cmantill/.cache/kagglehub/datasets/saberghaderi/-dfl-bundesliga-460-mp4-videos-in-30sec-csv/versions/1/DFL Bundesliga Data Shootout/train/C35bd9041_0/C35bd9041_0 (82).mp4,/home/cmantill/narrador-futbol/output/tracks_json/tracker/C35bd9041_0_82_tracks.json,/home/cmantill/narrador-futbol/output/tracks_json/tracker/C35bd9041_0_82_summary.json,2026-03-13T22:58:33.975101+00:00,22,22,0.7024848484848484,0.7413333333333334,0.6676666666666666,24.454545454545453,24.0,6.999459198907702,8.027777777777777,0.9545454545454546,1.73380877721151,1.6535525860533005,76.13187160544811,28.015918800012194,0.0,0.0,-1.4428232973175175e-12,307.34563079464516,6.101836683560472,0.23737202053064468,0.7247453467738125,,,,,,,,,,,,
/home/cmantill/.cache/kagglehub/datasets/saberghaderi/-dfl-bundesliga-460-mp4-videos-in-30sec-csv/versions/1/DFL Bundesliga Data Shootout/train/C35bd9041_0/C35bd9041_0 (83).mp4,C35bd9041_0 (83).mp4,C35bd9041_0 (83),/home/cmantill/.cache/kagglehub/datasets/saberghaderi/-dfl-bundesliga-460-mp4-videos-in-30sec-csv/versions/1/DFL Bundesliga Data Shootout/train/C35bd9041_0/C35bd9041_0 (83).mp4,/home/cmantill/narrador-futbol/output/tracks_json/tracker/C35bd9041_0_83_tracks.json,/home/cmantill/narrador-futbol/output/tracks_json/tracker/C35bd9041_0_83_summary.json,2026-03-13T23:07:55.348893+00:00,24,22,0.4028150438855791,0.45422711355677836,0.27538769384692346,60.90909090909091,60.5,30.23852945780893,14.758620689655173,1.0,2.5598863512149945,2.5630364582147362,149.98695907939984,69.66928192702204,0.0,0.0,-1.4428232973175175e-12,378.3594315759821,3.4812861482806423,0.3565661402386568,0.7769085102660934,,,,,,,,,,,,
/home/cmantill/.cache/kagglehub/datasets/saberghaderi/-dfl-bundesliga-460-mp4-videos-in-30sec-csv/versions/1/DFL Bundesliga Data Shootout/train/C35bd9041_0/C35bd9041_0 (9).mp4,C35bd9041_0 (9).mp4,C35bd9041_0 (9),/home/cmantill/.cache/kagglehub/datasets/saberghaderi/-dfl-bundesliga-460-mp4-videos-in-30sec-csv/versions/1/DFL Bundesliga Data Shootout/train/C35bd9041_0/C35bd9041_0 (9).mp4,/home/cmantill/narrador-futbol/output/tracks_json/tracker/C35bd9041_0_9_tracks.json,/home/cmantill/narrador-futbol/output/tracks_json/tracker/C35bd9041_0_9_summary.json,2026-03-13T19:55:38.539737+00:00,23,22,0.5269090909090909,0.582,0.5326666666666666,28.90909090909091,32.5,7.41166310388553,8.331792318634424,0.9090909090909091,3.214864152585198,2.7865696361636036,49.908664427596555,17.421890440323622,0.0,0.0,-1.4428232973175175e-12,165.12028736901013,5.240360582240166,0.40443774021435336,0.6798855408700298,,,,,,,,,,,,
/home/cmantill/.cache/kagglehub/datasets/saberghaderi/-dfl-bundesliga-460-mp4-videos-in-30sec-csv/versions/1/DFL Bundesliga Data Shootout/train/D35bd9041_1/D35bd9041_1 (1).mp4,D35bd9041_1 (1).mp4,D35bd9041_1 (1),/home/cmantill/.cache/kagglehub/datasets/saberghaderi/-dfl-bundesliga-460-mp4-videos-in-30sec-csv/versions/1/DFL Bundesliga Data Shootout/train/D35bd9041_1/D35bd9041_1 (1).mp4,/home/cmantill/narrador-futbol/output/tracks_json/tracker/D35bd9041_1_1_tracks.json,/home/cmantill/narrador-futbol/output/tracks_json/tracker/D35bd9041_1_1_summary.json,2026-03-13T23:01:29.091723+00:00,22,22,0.4756969696969696,0.5066666666666666,0.3753333333333333,69.27272727272727,75.0,5.941674938420506,4.4719540229885055,0.9545454545454546,1.662806392079931,1.6202826523531018,78.65845902813128,31.296815210431078,0.0,0.0,-1.4428232973175175e-12,174.97827807276892,2.701424025017087,0.26306394260365734,0.78026274849483,,,,,,,,,,,,
/home/cmantill/.cache/kagglehub/datasets/saberghaderi/-dfl-bundesliga-460-mp4-videos-in-30sec-csv/versions/1/DFL Bundesliga Data Shootout/train/D35bd9041_1/D35bd9041_1 (10).mp4,D35bd9041_1 (10).mp4,D35bd9041_1 (10),/home/cmantill/.cache/kagglehub/datasets/saberghaderi/-dfl-bundesliga-460-mp4-videos-in-30sec-csv/versions/1/DFL Bundesliga Data Shootout/train/D35bd9041_1/D35bd9041_1 (10).mp4,/home/cmantill/narrador-futbol/output/tracks_json/tracker/D35bd9041_1_10_tracks.json,/home/cmantill/narrador-futbol/output/tracks_json/tracker/D35bd9041_1_10_summary.json,2026-03-13T23:24:00.890897+00:00,25,22,0.41751515151515156,0.4826666666666667,0.2826666666666667,36.72727272727273,41.5,8.339710948327793,7.361111111111111,0.8636363636363636,1.407577424348322,1.6101982314640362,58.90161218729005,16.76145123715538,0.0,0.0,-1.4428232973175175e-12,95.94383568660047,2.5790581754425257,0.2608349733116621,0.7888828483557383,,,,,,,,,,,,
/home/cmantill/.cache/kagglehub/datasets/saberghaderi/-dfl-bundesliga-460-mp4-videos-in-30sec-csv/versions/1/DFL Bundesliga Data Shootout/train/D35bd9041_1/D35bd9041_1 (11).mp4,D35bd9041_1 (11).mp4,D35bd9041_1 (11),/home/cmantill/.cache/kagglehub/datasets/saberghaderi/-dfl-bundesliga-460-mp4-videos-in-30sec-csv/versions/1/DFL Bundesliga Data Shootout/train/D35bd9041_1/D35bd9041_1 (11).mp4,/home/cmantill/narrador-futbol/output/tracks_json/tracker/D35bd9041_1_11_tracks.json,/home/cmantill/narrador-futbol/output/tracks_json/tracker/D35bd9041_1_11_summary.json,2026-03-13T23:26:45.389945+00:00,23,22,0.4510303030303031,0.4686666666666667,0.39666666666666667,35.31818181818182,37.5,7.332768856447936,7.458888888888889,0.8636363636363636,1.5635625380758253,1.4370281015535495,64.58297337800977,18.884142772058624,0.0,0.0,-1.4428232973175175e-12,112.11798617085502,2.8256206136887374,0.2652472608406773,0.8039471177273662,,,,,,,,,,,,
/home/cmantill/.cache/kagglehub/datasets/saberghaderi/-dfl-bundesliga-460-mp4-videos-in-30sec-csv/versions/1/DFL Bundesliga Data Shootout/train/D35bd9041_1/D35bd9041_1 (12).mp4,D35bd9041_1 (12).mp4,D35bd9041_1 (12),/home/cmantill/.cache/kagglehub/datasets/saberghaderi/-dfl-bundesliga-460-mp4-videos-in-30sec-csv/versions/1/DFL Bundesliga Data Shootout/train/D35bd9041_1/D35bd9041_1 (12).mp4,/home/cmantill/narrador-futbol/output/tracks_json/tracker/D35bd9041_1_12_tracks.json,/home/cmantill/narrador-futbol/output/tracks_json/tracker/D35bd9041_1_12_summary.json,2026-03-13T23:26:32.023316+00:00,23,22,0.3775151515151515,0.38666666666666666,0.2306666666666667,35.86363636363637,36.0,9.676423169344174,7.198106591865358,0.8636363636363636,1.7408958492901327,1.5969718846728727,137.47528501206367,26.903772674337404,0.0,0.0,-1.4428232973175175e-12,185.3901339311419,3.5976580605661552,0.2804942624973763,0.7771253897539243,,,,,,,,,,,,
/home/cmantill/.cache/kagglehub/datasets/saberghaderi/-dfl-bundesliga-460-mp4-videos-in-30sec-csv/versions/1/DFL Bundesliga Data Shootout/train/D35bd9041_1/D35bd9041_1 (13).mp4,D35bd9041_1 (13).mp4,D35bd9041_1 (13),/home/cmantill/.cache/kagglehub/datasets/saberghaderi/-dfl-bundesliga-460-mp4-videos-in-30sec-csv/versions/1/DFL Bundesliga Data Shootout/train/D35bd9041_1/D35bd9041_1 (13).mp4,/home/cmantill/narrador-futbol/output/tracks_json/tracker/D35bd9041_1_13_tracks.json,/home/cmantill/narrador-futbol/output/tracks_json/tracker/D35bd9041_1_13_summary.json,2026-03-13T23:30:00.048451+00:00,23,22,0.36957575757575756,0.32666666666666666,0.244,34.72727272727273,35.5,12.668594164466402,6.689100655151876,0.8181818181818182,1.8690563068078194,1.8735537028605476,97.22090512665919,22.513856858379526,0.0,0.0,-1.4428232973175175e-12,204.26623398488456,3.683519717318974,0.27992090972112754,0.7569731073085404,,,,,,,,,,,,
/home/cmantill/.cache/kagglehub/datasets/saberghaderi/-dfl-bundesliga-460-mp4-videos-in-30sec-csv/versions/1/DFL Bundesliga Data Shootout/train/D35bd9041_1/D35bd9041_1 (14).mp4,D35bd9041_1 (14).mp4,D35bd9041_1 (14),/home/cmantill/.cache/kagglehub/datasets/saberghaderi/-dfl-bundesliga-460-mp4-videos-in-30sec-csv/versions/1/DFL Bundesliga Data Shootout/train/D35bd9041_1/D35bd9041_1 (14).mp4,/home/cmantill/narrador-futbol/output/tracks_json/tracker/D35bd9041_1_14_tracks.json,/home/cmantill/narrador-futbol/output/tracks_json/tracker/D35bd9041_1_14_summary.json,2026-03-13T23:32:51.349680+00:00,23,22,0.4047272727272727,0.44066666666666665,0.2843333333333333,38.81818181818182,39.5,36.92611576143783,7.310338680926916,0.9090909090909091,1.655659500407186,1.7764421992817054,85.63837612831051,27.35676899392945,0.0,0.0,-1.4428232973175175e-12,97.65320858115405,4.134702682603649,0.2708006461278792,0.7063764883340325,,,,,,,,,,,,
/home/cmantill/.cache/kagglehub/datasets/saberghaderi/-dfl-bundesliga-460-mp4-videos-in-30sec-csv/versions/1/DFL Bundesliga Data Shootout/train/D35bd9041_1/D35bd9041_1 (15).mp4,D35bd9041_1 (15).mp4,D35bd9041_1 (15),/home/cmantill/.cache/kagglehub/datasets/saberghaderi/-dfl-bundesliga-460-mp4-videos-in-30sec-csv/versions/1/DFL Bundesliga Data Shootout/train/D35bd9041_1/D35bd9041_1 (15).mp4,/home/cmantill/narrador-futbol/output/tracks_json/tracker/D35bd9041_1_15_tracks.json,/home/cmantill/narrador-futbol/output/tracks_json/tracker/D35bd9041_1_15_summary.json,2026-03-13T23:33:08.044021+00:00,23,22,0.5083030303030301,0.5353333333333333,0.466,22.181818181818183,24.0,12.247819281204311,11.941176470588236,0.9090909090909091,2.1777536523221124,2.1823688855521928,77.82280462248056,22.54370293154759,0.0,0.0,-1.4428232973175175e-12,183.8010534128031,4.269862289031066,0.3050427437386274,0.7403402395036719,,,,,,,,,,,,
/home/cmantill/.cache/kagglehub/datasets/saberghaderi/-dfl-bundesliga-460-mp4-videos-in-30sec-csv/versions/1/DFL Bundesliga Data Shootout/train/D35bd9041_1/D35bd9041_1 (16).mp4,D35bd9041_1 (16).mp4,D35bd9041_1 (16),/home/cmantill/.cache/kagglehub/datasets/saberghaderi/-dfl-bundesliga-460-mp4-videos-in-30sec-csv/versions/1/DFL Bundesliga Data Shootout/train/D35bd9041_1/D35bd9041_1 (16).mp4,/home/cmantill/narrador-futbol/output/tracks_json/tracker/D35bd9041_1_16_tracks.json,/home/cmantill/narrador-futbol/output/tracks_json/tracker/D35bd9041_1_16_summary.json,2026-03-13T23:36:36.805239+00:00,24,22,0.6868484848484848,0.7406666666666666,0.5666666666666667,21.363636363636363,22.0,8.759113952388772,6.1764705882352935,0.9545454545454546,1.1327509650170735,1.1381945802191555,65.42583806380317,16.646623384897058,0.0,0.0,-1.4428232973175175e-12,82.16971616926001,3.399202304812574,0.26352593578107164,0.7094457793478005,,,,,,,,,,,,
/home/cmantill/.cache/kagglehub/datasets/saberghaderi/-dfl-bundesliga-460-mp4-videos-in-30sec-csv/versions/1/DFL Bundesliga Data Shootout/train/D35bd9041_1/D35bd9041_1 (17).mp4,D35bd9041_1 (17).mp4,D35bd9041_1 (17),/home/cmantill/.cache/kagglehub/datasets/saberghaderi/-dfl-bundesliga-460-mp4-videos-in-30sec-csv/versions/1/DFL Bundesliga Data Shootout/train/D35bd9041_1/D35bd9041_1 (17).mp4,/home/cmantill/narrador-futbol/output/tracks_json/tracker/D35bd9041_1_17_tracks.json,/home/cmantill/narrador-futbol/output/tracks_json/tracker/D35bd9041_1_17_summary.json,2026-03-13T23:40:23.148815+00:00,23,22,0.5920606060606061,0.6426666666666667,0.4083333333333333,24.5,25.5,12.70747356437912,10.723684210526315,1.0,3.5539452859897853,3.524483738793515,53.06844274455289,24.09157249971344,0.0,0.0,-1.4428232973175175e-12,161.97837294407867,4.670170612720174,0.3121590363525018,0.7724473372151319,,,,,,,,,,,,
/home/cmantill/.cache/kagglehub/datasets/saberghaderi/-dfl-bundesliga-460-mp4-videos-in-30sec-csv/versions/1/DFL Bundesliga Data Shootout/train/D35bd9041_1/D35bd9041_1 (18).mp4,D35bd9041_1 (18).mp4,D35bd9041_1 (18),/home/cmantill/.cache/kagglehub/datasets/saberghaderi/-dfl-bundesliga-460-mp4-videos-in-30sec-csv/versions/1/DFL Bundesliga Data Shootout/train/D35bd9041_1/D35bd9041_1 (18).mp4,/home/cmantill/narrador-futbol/output/tracks_json/tracker/D35bd9041_1_18_tracks.json,/home/cmantill/narrador-futbol/output/tracks_json/tracker/D35bd9041_1_18_summary.json,2026-03-13T23:39:58.364774+00:00,24,22,0.629151515151515,0.6306666666666667,0.47533333333333333,22.772727272727273,23.0,11.584770806759202,10.189285714285713,1.0,1.3544069280717228,1.390568389802408,49.586997325793206,12.811646764154364,0.0,0.0,-1.4428232973175175e-12,159.99136001550306,3.7247922022718303,0.2374972394933013,0.7424472775111218,,,,,,,,,,,,
/home/cmantill/.cache/kagglehub/datasets/saberghaderi/-dfl-bundesliga-460-mp4-videos-in-30sec-csv/versions/1/DFL Bundesliga Data Shootout/train/D35bd9041_1/D35bd9041_1 (19).mp4,D35bd9041_1 (19).mp4,D35bd9041_1 (19),/home/cmantill/.cache/kagglehub/datasets/saberghaderi/-dfl-bundesliga-460-mp4-videos-in-30sec-csv/versions/1/DFL Bundesliga Data Shootout/train/D35bd9041_1/D35bd9041_1 (19).mp4,/home/cmantill/narrador-futbol/output/tracks_json/tracker/D35bd9041_1_19_tracks.json,/home/cmantill/narrador-futbol/output/tracks_json/tracker/D35bd9041_1_19_summary.json,2026-03-13T23:43:47.666325+00:00,25,22,0.5766060606060605,0.7153333333333334,0.3396666666666667,30.40909090909091,28.0,8.001546152058014,5.497997997997998,0.9090909090909091,2.6909444608532276,2.599141180756212,33.44942710598686,15.84723454825761,0.0,0.0,-1.4428232973175175e-12,232.45988863688538,4.907944003204385,0.33519468438170136,0.7448378199319445,,,,,,,,,,,,
/home/cmantill/.cache/kagglehub/datasets/saberghaderi/-dfl-bundesliga-460-mp4-videos-in-30sec-csv/versions/1/DFL Bundesliga Data Shootout/train/D35bd9041_1/D35bd9041_1 (2).mp4,D35bd9041_1 (2).mp4,D35bd9041_1 (2),/home/cmantill/.cache/kagglehub/datasets/saberghaderi/-dfl-bundesliga-460-mp4-videos-in-30sec-csv/versions/1/DFL Bundesliga Data Shootout/train/D35bd9041_1/D35bd9041_1 (2).mp4,/home/cmantill/narrador-futbol/output/tracks_json/tracker/D35bd9041_1_2_tracks.json,/home/cmantill/narrador-futbol/output/tracks_json/tracker/D35bd9041_1_2_summary.json,2026-03-13T23:05:30.633500+00:00,22,22,0.5112727272727272,0.5226666666666666,0.44866666666666666,69.5909090909091,75.0,6.249316691935715,4.512083333333333,0.9545454545454546,1.7613064280795514,1.6603252528524557,60.03570212640921,24.283361573742706,0.0,0.0,-1.4428232973175175e-12,99.49260608000306,4.15053310876964,0.2807487547851146,0.7784102669627777,,,,,,,,,,,,
/home/cmantill/.cache/kagglehub/datasets/saberghaderi/-dfl-bundesliga-460-mp4-videos-in-30sec-csv/versions/1/DFL Bundesliga Data Shootout/train/D35bd9041_1/D35bd9041_1 (20).mp4,D35bd9041_1 (20).mp4,D35bd9041_1 (20),/home/cmantill/.cache/kagglehub/datasets/saberghaderi/-dfl-bundesliga-460-mp4-videos-in-30sec-csv/versions/1/DFL Bundesliga Data Shootout/train/D35bd9041_1/D35bd9041_1 (20).mp4,/home/cmantill/narrador-futbol/output/tracks_json/tracker/D35bd9041_1_20_tracks.json,/home/cmantill/narrador-futbol/output/tracks_json/tracker/D35bd9041_1_20_summary.json,2026-03-13T23:46:59.703737+00:00,24,22,0.606060606060606,0.6553333333333333,0.537,35.81818181818182,39.5,6.458314717518096,5.233031674208145,0.9545454545454546,2.4532816506174866,2.324057773112905,26.20194120742529,13.687307005608188,0.0,0.0,-1.4428232973175175e-12,509.3130701042377,7.544850075881311,0.28658373236530615,0.7816446374815577,,,,,,,,,,,,
/home/cmantill/.cache/kagglehub/datasets/saberghaderi/-dfl-bundesliga-460-mp4-videos-in-30sec-csv/versions/1/DFL Bundesliga Data Shootout/train/D35bd9041_1/D35bd9041_1 (21).mp4,D35bd9041_1 (21).mp4,D35bd9041_1 (21),/home/cmantill/.cache/kagglehub/datasets/saberghaderi/-dfl-bundesliga-460-mp4-videos-in-30sec-csv/versions/1/DFL Bundesliga Data Shootout/train/D35bd9041_1/D35bd9041_1 (21).mp4,/home/cmantill/narrador-futbol/output/tracks_json/tracker/D35bd9041_1_21_tracks.json,/home/cmantill/narrador-futbol/output/tracks_json/tracker/D35bd9041_1_21_summary.json,2026-03-13T23:47:14.697663+00:00,22,22,0.4479393939393939,0.43733333333333335,0.38533333333333336,32.40909090909091,34.0,10.217344705438782,9.875,0.9090909090909091,2.73484081243708,2.9340690993328966,26.61118035959638,15.396604626506047,0.0,0.0,-1.4428232973175175e-12,191.26629712700088,4.360974720994852,0.3343555473895868,0.7673143066579038,,,,,,,,,,,,
/home/cmantill/.cache/kagglehub/datasets/saberghaderi/-dfl-bundesliga-460-mp4-videos-in-30sec-csv/versions/1/DFL Bundesliga Data Shootout/train/D35bd9041_1/D35bd9041_1 (22).mp4,D35bd9041_1 (22).mp4,D35bd9041_1 (22),/home/cmantill/.cache/kagglehub/datasets/saberghaderi/-dfl-bundesliga-460-mp4-videos-in-30sec-csv/versions/1/DFL Bundesliga Data Shootout/train/D35bd9041_1/D35bd9041_1 (22).mp4,/home/cmantill/narrador-futbol/output/tracks_json/tracker/D35bd9041_1_22_tracks.json,/home/cmantill/narrador-futbol/output/tracks_json/tracker/D35bd9041_1_22_summary.json,2026-03-13T23:50:58.980003+00:00,25,22,0.3715757575757576,0.41933333333333334,0.14733333333333334,25.727272727272727,29.0,10.067895511186254,7.951238390092879,0.8181818181818182,2.5585955302981884,2.1511359193496444,52.59417072806142,20.099581299742198,0.0,0.0,-1.4428232973175175e-12,185.59279474311506,4.31224151360363,0.3498216901556634,0.7955463700158035,,,,,,,,,,,,
/home/cmantill/.cache/kagglehub/datasets/saberghaderi/-dfl-bundesliga-460-mp4-videos-in-30sec-csv/versions/1/DFL Bundesliga Data Shootout/train/D35bd9041_1/D35bd9041_1 (23).mp4,D35bd9041_1 (23).mp4,D35bd9041_1 (23),/home/cmantill/.cache/kagglehub/datasets/saberghaderi/-dfl-bundesliga-460-mp4-videos-in-30sec-csv/versions/1/DFL Bundesliga Data Shootout/train/D35bd9041_1/D35bd9041_1 (23).mp4,/home/cmantill/narrador-futbol/output/tracks_json/tracker/D35bd9041_1_23_tracks.json,/home/cmantill/narrador-futbol/output/tracks_json/tracker/D35bd9041_1_23_summary.json,2026-03-13T23:54:35.929332+00:00,23,22,0.5817575757575758,0.6093333333333333,0.55,42.77272727272727,45.0,6.018392945761303,5.7636170212765965,0.9545454545454546,3.4552372159440123,3.3001594288417304,87.03979106023691,29.99649277097118,0.0,0.0,-1.4428232973175175e-12,245.90955969131366,5.6122080854065475,0.3297844830096554,0.7929177325837202,,,,,,,,,,,,
/home/cmantill/.cache/kagglehub/datasets/saberghaderi/-dfl-bundesliga-460-mp4-videos-in-30sec-csv/versions/1/DFL Bundesliga Data Shootout/train/D35bd9041_1/D35bd9041_1 (24).mp4,D35bd9041_1 (24).mp4,D35bd9041_1 (24),/home/cmantill/.cache/kagglehub/datasets/saberghaderi/-dfl-bundesliga-460-mp4-videos-in-30sec-csv/versions/1/DFL Bundesliga Data Shootout/train/D35bd9041_1/D35bd9041_1 (24).mp4,/home/cmantill/narrador-futbol/output/tracks_json/tracker/D35bd9041_1_24_tracks.json,/home/cmantill/narrador-futbol/output/tracks_json/tracker/D35bd9041_1_24_summary.json,2026-03-13T23:55:08.510251+00:00,25,21,0.5186666666666666,0.464,0.3933333333333333,29.857142857142858,30.0,12.709632545313601,12.194444444444445,1.0,2.711239219972626,2.7776929757343596,40.56882722179979,19.243348389781104,0.0,0.0,-1.4428232973175173e-12,234.80797827039063,5.162463162445478,0.30743163326160383,0.8040785837213281,,,,,,,,,,,,
/home/cmantill/.cache/kagglehub/datasets/saberghaderi/-dfl-bundesliga-460-mp4-videos-in-30sec-csv/versions/1/DFL Bundesliga Data Shootout/train/D35bd9041_1/D35bd9041_1 (25).mp4,D35bd9041_1 (25).mp4,D35bd9041_1 (25),/home/cmantill/.cache/kagglehub/datasets/saberghaderi/-dfl-bundesliga-460-mp4-videos-in-30sec-csv/versions/1/DFL Bundesliga Data Shootout/train/D35bd9041_1/D35bd9041_1 (25).mp4,/home/cmantill/narrador-futbol/output/tracks_json/tracker/D35bd9041_1_25_tracks.json,/home/cmantill/narrador-futbol/output/tracks_json/tracker/D35bd9041_1_25_summary.json,2026-03-13T23:58:15.679962+00:00,24,22,0.5307272727272728,0.4973333333333333,0.35266666666666663,27.59090909090909,29.0,25.416651872239832,10.565359477124183,1.0,3.0507500245020815,2.9552552497290807,46.20068321481617,18.09977934645596,0.0,0.0,-1.4428232973175175e-12,210.51830581668963,5.80052878700154,0.3444890244217756,0.7904109175565495,,,,,,,,,,,,
/home/cmantill/.cache/kagglehub/datasets/saberghaderi/-dfl-bundesliga-460-mp4-videos-in-30sec-csv/versions/1/DFL Bundesliga Data Shootout/train/D35bd9041_1/D35bd9041_1 (26).mp4,D35bd9041_1 (26).mp4,D35bd9041_1 (26),/home/cmantill/.cache/kagglehub/datasets/saberghaderi/-dfl-bundesliga-460-mp4-videos-in-30sec-csv/versions/1/DFL Bundesliga Data Shootout/train/D35bd9041_1/D35bd9041_1 (26).mp4,/home/cmantill/narrador-futbol/output/tracks_json/tracker/D35bd9041_1_26_tracks.json,/home/cmantill/narrador-futbol/output/tracks_json/tracker/D35bd9041_1_26_summary.json,2026-03-14T00:01:57.696144+00:00,23,20,0.6126666666666666,0.5926666666666667,0.508,27.2,29.0,11.349063377112078,9.657575757575756,1.0,2.103060397231821,2.1368748447689856,37.34461632012006,15.710034581351142,0.0,0.0,-1.4428232973175173e-12,151.95580087254888,4.123059537292143,0.2765807588177285,0.7488128450656935,,,,,,,,,,,,
/home/cmantill/.cache/kagglehub/datasets/saberghaderi/-dfl-bundesliga-460-mp4-videos-in-30sec-csv/versions/1/DFL Bundesliga Data Shootout/train/D35bd9041_1/D35bd9041_1 (27).mp4,D35bd9041_1 (27).mp4,D35bd9041_1 (27),/home/cmantill/.cache/kagglehub/datasets/saberghaderi/-dfl-bundesliga-460-mp4-videos-in-30sec-csv/versions/1/DFL Bundesliga Data Shootout/train/D35bd9041_1/D35bd9041_1 (27).mp4,/home/cmantill/narrador-futbol/output/tracks_json/tracker/D35bd9041_1_27_tracks.json,/home/cmantill/narrador-futbol/output/tracks_json/tracker/D35bd9041_1_27_summary.json,2026-03-14T00:02:31.109299+00:00,23,22,0.527151515151515,0.5800000000000001,0.45066666666666666,32.13636363636363,29.0,8.25719987296397,7.523938223938224,0.9545454545454546,2.5766098006888347,2.487407117306295,32.07579060956051,16.284925266619794,0.0,0.0,-1.4428232973175175e-12,158.07428121702756,4.222952856076976,0.3273286195903983,0.7895204542171157,,,,,,,,,,,,
/home/cmantill/.cache/kagglehub/datasets/saberghaderi/-dfl-bundesliga-460-mp4-videos-in-30sec-csv/versions/1/DFL Bundesliga Data Shootout/train/D35bd9041_1/D35bd9041_1 (28).mp4,D35bd9041_1 (28).mp4,D35bd9041_1 (28),/home/cmantill/.cache/kagglehub/datasets/saberghaderi/-dfl-bundesliga-460-mp4-videos-in-30sec-csv/versions/1/DFL Bundesliga Data Shootout/train/D35bd9041_1/D35bd9041_1 (28).mp4,/home/cmantill/narrador-futbol/output/tracks_json/tracker/D35bd9041_1_28_tracks.json,/home/cmantill/narrador-futbol/output/tracks_json/tracker/D35bd9041_1_28_summary.json,2026-03-14T00:05:00.394604+00:00,22,22,0.001333333333333333,0.0013333333333333333,0.0013333333333333333,0.0,0.0,0.0,0.0,0.0,0.0,0.0,0.0,0.0,0.0,0.0,-1.4428232973175175e-12,0.0,0.0,0.0,0.8651807010173798,,,,,,,,,,,,
/home/cmantill/.cache/kagglehub/datasets/saberghaderi/-dfl-bundesliga-460-mp4-videos-in-30sec-csv/versions/1/DFL Bundesliga Data Shootout/train/D35bd9041_1/D35bd9041_1 (29).mp4,D35bd9041_1 (29).mp4,D35bd9041_1 (29),/home/cmantill/.cache/kagglehub/datasets/saberghaderi/-dfl-bundesliga-460-mp4-videos-in-30sec-csv/versions/1/DFL Bundesliga Data Shootout/train/D35bd9041_1/D35bd9041_1 (29).mp4,/home/cmantill/narrador-futbol/output/tracks_json/tracker/D35bd9041_1_29_tracks.json,/home/cmantill/narrador-futbol/output/tracks_json/tracker/D35bd9041_1_29_summary.json,2026-03-14T00:08:32.888701+00:00,23,22,0.6561818181818181,0.73,0.5496666666666667,14.409090909090908,13.0,26.85627721703925,11.347494553376906,0.9545454545454546,2.4132562554414028,2.329298480196793,88.52967763850391,17.183371466315233,0.0,0.0,-1.4428232973175175e-12,140.36087706113986,3.06844155674743,0.2870480009209739,0.7939403455710804,,,,,,,,,,,,
/home/cmantill/.cache/kagglehub/datasets/saberghaderi/-dfl-bundesliga-460-mp4-videos-in-30sec-csv/versions/1/DFL Bundesliga Data Shootout/train/D35bd9041_1/D35bd9041_1 (3).mp4,D35bd9041_1 (3).mp4,D35bd9041_1 (3),/home/cmantill/.cache/kagglehub/datasets/saberghaderi/-dfl-bundesliga-460-mp4-videos-in-30sec-csv/versions/1/DFL Bundesliga Data Shootout/train/D35bd9041_1/D35bd9041_1 (3).mp4,/home/cmantill/narrador-futbol/output/tracks_json/tracker/D35bd9041_1_3_tracks.json,/home/cmantill/narrador-futbol/output/tracks_json/tracker/D35bd9041_1_3_summary.json,2026-03-13T23:08:12.828475+00:00,22,22,0.5573939393939394,0.536,0.46799999999999997,66.18181818181819,66.5,5.100641405760611,4.965753424657534,1.0,1.7464441637164927,1.7794537718604084,135.96569058572965,37.113307926695526,0.0,0.0,-1.4428232973175175e-12,75.21979776765608,3.0430079408313135,0.24971571625646885,0.7650264233095456,,,,,,,,,,,,
/home/cmantill/.cache/kagglehub/datasets/saberghaderi/-dfl-bundesliga-460-mp4-videos-in-30sec-csv/versions/1/DFL Bundesliga Data Shootout/train/D35bd9041_1/D35bd9041_1 (30).mp4,D35bd9041_1 (30).mp4,D35bd9041_1 (30),/home/cmantill/.cache/kagglehub/datasets/saberghaderi/-dfl-bundesliga-460-mp4-videos-in-30sec-csv/versions/1/DFL Bundesliga Data Shootout/train/D35bd9041_1/D35bd9041_1 (30).mp4,/home/cmantill/narrador-futbol/output/tracks_json/tracker/D35bd9041_1_30_tracks.json,/home/cmantill/narrador-futbol/output/tracks_json/tracker/D35bd9041_1_30_summary.json,2026-03-14T00:09:41.231422+00:00,24,22,0.5144242424242426,0.554,0.47433333333333333,48.90909090909091,52.0,3.8909040543919833,3.929702695193109,0.8636363636363636,2.023334700982436,1.820441517333727,97.63200985413438,23.97862029525288,0.0,0.0,-1.4428232973175175e-12,166.5861390584491,3.205544856782985,0.21745367309092628,0.8198631097001154,,,,,,,,,,,,
/home/cmantill/.cache/kagglehub/datasets/saberghaderi/-dfl-bundesliga-460-mp4-videos-in-30sec-csv/versions/1/DFL Bundesliga Data Shootout/train/D35bd9041_1/D35bd9041_1 (31).mp4,D35bd9041_1 (31).mp4,D35bd9041_1 (31),/home/cmantill/.cache/kagglehub/datasets/saberghaderi/-dfl-bundesliga-460-mp4-videos-in-30sec-csv/versions/1/DFL Bundesliga Data Shootout/train/D35bd9041_1/D35bd9041_1 (31).mp4,/home/cmantill/narrador-futbol/output/tracks_json/tracker/D35bd9041_1_31_tracks.json,/home/cmantill/narrador-futbol/output/tracks_json/tracker/D35bd9041_1_31_summary.json,2026-03-14T00:11:53.265141+00:00,23,22,0.6748484848484849,0.7,0.49933333333333335,26.772727272727273,25.5,8.807472851384484,8.669642857142858,1.0,3.242852769647476,3.2715978748899173,29.182183337043163,17.383638086389116,0.0,0.0,-1.4428232973175175e-12,493.9578716419141,6.771176053437279,0.3283034986036333,0.7936889282944491,,,,,,,,,,,,
/home/cmantill/.cache/kagglehub/datasets/saberghaderi/-dfl-bundesliga-460-mp4-videos-in-30sec-csv/versions/1/DFL Bundesliga Data Shootout/train/D35bd9041_1/D35bd9041_1 (32).mp4,D35bd9041_1 (32).mp4,D35bd9041_1 (32),/home/cmantill/.cache/kagglehub/datasets/saberghaderi/-dfl-bundesliga-460-mp4-videos-in-30sec-csv/versions/1/DFL Bundesliga Data Shootout/train/D35bd9041_1/D35bd9041_1 (32).mp4,/home/cmantill/narrador-futbol/output/tracks_json/tracker/D35bd9041_1_32_tracks.json,/home/cmantill/narrador-futbol/output/tracks_json/tracker/D35bd9041_1_32_summary.json,2026-03-14T00:15:58.742076+00:00,23,22,0.5747272727272729,0.5986666666666667,0.48233333333333334,32.36363636363637,34.0,9.69551478151515,8.579166666666666,1.0,3.419405872547737,3.426506438456442,38.881752201475436,22.382116400985957,0.0,0.0,-1.4428232973175175e-12,243.54473680576373,5.134374088361736,0.28701300834516547,0.7985831574622637,,,,,,,,,,,,
/home/cmantill/.cache/kagglehub/datasets/saberghaderi/-dfl-bundesliga-460-mp4-videos-in-30sec-csv/versions/1/DFL Bundesliga Data Shootout/train/D35bd9041_1/D35bd9041_1 (33).mp4,D35bd9041_1 (33).mp4,D35bd9041_1 (33),/home/cmantill/.cache/kagglehub/datasets/saberghaderi/-dfl-bundesliga-460-mp4-videos-in-30sec-csv/versions/1/DFL Bundesliga Data Shootout/train/D35bd9041_1/D35bd9041_1 (33).mp4,/home/cmantill/narrador-futbol/output/tracks_json/tracker/D35bd9041_1_33_tracks.json,/home/cmantill/narrador-futbol/output/tracks_json/tracker/D35bd9041_1_33_summary.json,2026-03-14T00:16:12.962563+00:00,25,22,0.602,0.6986666666666667,0.6013333333333333,18.363636363636363,20.5,14.310990734529755,6.486111111111111,0.8636363636363636,3.101446297003381,3.0856470442703623,32.3026573277958,15.796577383051398,0.0,0.0,-1.4428232973175175e-12,135.40159846237216,4.81062282095994,0.32725828951149616,0.8066065163717433,,,,,,,,,,,,
/home/cmantill/.cache/kagglehub/datasets/saberghaderi/-dfl-bundesliga-460-mp4-videos-in-30sec-csv/versions/1/DFL Bundesliga Data Shootout/train/D35bd9041_1/D35bd9041_1 (34).mp4,D35bd9041_1 (34).mp4,D35bd9041_1 (34),/home/cmantill/.cache/kagglehub/datasets/saberghaderi/-dfl-bundesliga-460-mp4-videos-in-30sec-csv/versions/1/DFL Bundesliga Data Shootout/train/D35bd9041_1/D35bd9041_1 (34).mp4,/home/cmantill/narrador-futbol/output/tracks_json/tracker/D35bd9041_1_34_tracks.json,/home/cmantill/narrador-futbol/output/tracks_json/tracker/D35bd9041_1_34_summary.json,2026-03-14T00:19:15.184663+00:00,23,22,0.4424848484848484,0.5666666666666667,0.12066666666666667,28.818181818181817,36.0,5.378704633629858,5.655138339920949,0.8181818181818182,2.9746366166258587,3.074181563086988,61.49978271354887,16.29122702269656,0.0,0.0,-1.4428232973175175e-12,149.5821736776618,4.25450423215298,0.31661009153506875,0.8126001910463853,,,,,,,,,,,,
/home/cmantill/.cache/kagglehub/datasets/saberghaderi/-dfl-bundesliga-460-mp4-videos-in-30sec-csv/versions/1/DFL Bundesliga Data Shootout/train/D35bd9041_1/D35bd9041_1 (35).mp4,D35bd9041_1 (35).mp4,D35bd9041_1 (35),/home/cmantill/.cache/kagglehub/datasets/saberghaderi/-dfl-bundesliga-460-mp4-videos-in-30sec-csv/versions/1/DFL Bundesliga Data Shootout/train/D35bd9041_1/D35bd9041_1 (35).mp4,/home/cmantill/narrador-futbol/output/tracks_json/tracker/D35bd9041_1_35_tracks.json,/home/cmantill/narrador-futbol/output/tracks_json/tracker/D35bd9041_1_35_summary.json,2026-03-14T00:23:27.341132+00:00,22,22,0.6126666666666666,0.6226666666666667,0.5213333333333333,20.727272727272727,23.0,34.99837901550922,7.283216783216783,0.9090909090909091,3.0850916780737023,3.019331517228309,43.38595848939793,16.56032920257077,0.0,0.0,-1.4428232973175175e-12,157.6922422121464,3.8935787397077353,0.37666925424915443,0.7689471174567533,,,,,,,,,,,,
/home/cmantill/.cache/kagglehub/datasets/saberghaderi/-dfl-bundesliga-460-mp4-videos-in-30sec-csv/versions/1/DFL Bundesliga Data Shootout/train/D35bd9041_1/D35bd9041_1 (36).mp4,D35bd9041_1 (36).mp4,D35bd9041_1 (36),/home/cmantill/.cache/kagglehub/datasets/saberghaderi/-dfl-bundesliga-460-mp4-videos-in-30sec-csv/versions/1/DFL Bundesliga Data Shootout/train/D35bd9041_1/D35bd9041_1 (36).mp4,/home/cmantill/narrador-futbol/output/tracks_json/tracker/D35bd9041_1_36_tracks.json,/home/cmantill/narrador-futbol/output/tracks_json/tracker/D35bd9041_1_36_summary.json,2026-03-14T00:22:32.719569+00:00,24,22,0.6034545454545455,0.6606666666666667,0.5216666666666667,16.318181818181817,15.0,23.151935514872807,10.758116883116884,0.9545454545454546,3.1548773771488046,3.1657490366754204,40.208089927693905,18.15533036336134,0.0,0.0,-1.4428232973175175e-12,138.2493309131407,4.614543649318514,0.3088597645993955,0.7905456988029169,,,,,,,,,,,,
/home/cmantill/.cache/kagglehub/datasets/saberghaderi/-dfl-bundesliga-460-mp4-videos-in-30sec-csv/versions/1/DFL Bundesliga Data Shootout/train/D35bd9041_1/D35bd9041_1 (37).mp4,D35bd9041_1 (37).mp4,D35bd9041_1 (37),/home/cmantill/.cache/kagglehub/datasets/saberghaderi/-dfl-bundesliga-460-mp4-videos-in-30sec-csv/versions/1/DFL Bundesliga Data Shootout/train/D35bd9041_1/D35bd9041_1 (37).mp4,/home/cmantill/narrador-futbol/output/tracks_json/tracker/D35bd9041_1_37_tracks.json,/home/cmantill/narrador-futbol/output/tracks_json/tracker/D35bd9041_1_37_summary.json,2026-03-14T00:26:10.166411+00:00,24,22,0.5733939393939393,0.5773333333333333,0.5146666666666666,23.636363636363637,24.0,13.067757331774818,10.980392156862745,0.9545454545454546,2.5670970780213613,2.523830457785064,60.87422182295284,18.888698167959088,0.0,0.0,-1.4428232973175175e-12,122.76519958841482,3.6215886103352872,0.2789308310102465,0.7671821159127753,,,,,,,,,,,,
/home/cmantill/.cache/kagglehub/datasets/saberghaderi/-dfl-bundesliga-460-mp4-videos-in-30sec-csv/versions/1/DFL Bundesliga Data Shootout/train/D35bd9041_1/D35bd9041_1 (38).mp4,D35bd9041_1 (38).mp4,D35bd9041_1 (38),/home/cmantill/.cache/kagglehub/datasets/saberghaderi/-dfl-bundesliga-460-mp4-videos-in-30sec-csv/versions/1/DFL Bundesliga Data Shootout/train/D35bd9041_1/D35bd9041_1 (38).mp4,/home/cmantill/narrador-futbol/output/tracks_json/tracker/D35bd9041_1_38_tracks.json,/home/cmantill/narrador-futbol/output/tracks_json/tracker/D35bd9041_1_38_summary.json,2026-03-14T00:30:02.712478+00:00,24,22,0.5756969696969697,0.5753333333333334,0.4856666666666667,27.59090909090909,27.5,11.247430820572218,10.368055555555555,1.0,2.674538529139826,2.634054430980842,33.68589982703669,17.917456450004945,0.0,0.0,-1.4428232973175175e-12,220.5521693299455,4.704961549856154,0.29465179271688685,0.7777997297505589,,,,,,,,,,,,
/home/cmantill/.cache/kagglehub/datasets/saberghaderi/-dfl-bundesliga-460-mp4-videos-in-30sec-csv/versions/1/DFL Bundesliga Data Shootout/train/D35bd9041_1/D35bd9041_1 (39).mp4,D35bd9041_1 (39).mp4,D35bd9041_1 (39),/home/cmantill/.cache/kagglehub/datasets/saberghaderi/-dfl-bundesliga-460-mp4-videos-in-30sec-csv/versions/1/DFL Bundesliga Data Shootout/train/D35bd9041_1/D35bd9041_1 (39).mp4,/home/cmantill/narrador-futbol/output/tracks_json/tracker/D35bd9041_1_39_tracks.json,/home/cmantill/narrador-futbol/output/tracks_json/tracker/D35bd9041_1_39_summary.json,2026-03-14T00:29:22.416861+00:00,23,22,0.3824848484848484,0.41400000000000003,0.30433333333333334,39.90909090909091,37.0,5.866985252909197,6.1817136285221395,0.8181818181818182,1.3794446009454386,1.122151298732597,29.168209748918798,12.284395441381225,0.0,0.0,-1.4428232973175175e-12,184.14819360329696,4.322595769703265,0.27570346042870525,0.7559105455724544,,,,,,,,,,,,
/home/cmantill/.cache/kagglehub/datasets/saberghaderi/-dfl-bundesliga-460-mp4-videos-in-30sec-csv/versions/1/DFL Bundesliga Data Shootout/train/D35bd9041_1/D35bd9041_1 (4).mp4,D35bd9041_1 (4).mp4,D35bd9041_1 (4),/home/cmantill/.cache/kagglehub/datasets/saberghaderi/-dfl-bundesliga-460-mp4-videos-in-30sec-csv/versions/1/DFL Bundesliga Data Shootout/train/D35bd9041_1/D35bd9041_1 (4).mp4,/home/cmantill/narrador-futbol/output/tracks_json/tracker/D35bd9041_1_4_tracks.json,/home/cmantill/narrador-futbol/output/tracks_json/tracker/D35bd9041_1_4_summary.json,2026-03-13T23:11:51.671727+00:00,25,22,0.5278787878787878,0.528,0.4136666666666667,55.81818181818182,62.0,7.565123897014366,5.442251461988304,1.0,1.3196123651430471,1.3283575618757055,102.60784406984935,32.00783391265523,0.0,0.0,-1.4428232973175175e-12,86.19564895392853,2.590083837432075,0.23991374702685245,0.7719655974280749,,,,,,,,,,,,
/home/cmantill/.cache/kagglehub/datasets/saberghaderi/-dfl-bundesliga-460-mp4-videos-in-30sec-csv/versions/1/DFL Bundesliga Data Shootout/train/D35bd9041_1/D35bd9041_1 (40).mp4,D35bd9041_1 (40).mp4,D35bd9041_1 (40),/home/cmantill/.cache/kagglehub/datasets/saberghaderi/-dfl-bundesliga-460-mp4-videos-in-30sec-csv/versions/1/DFL Bundesliga Data Shootout/train/D35bd9041_1/D35bd9041_1 (40).mp4,/home/cmantill/narrador-futbol/output/tracks_json/tracker/D35bd9041_1_40_tracks.json,/home/cmantill/narrador-futbol/output/tracks_json/tracker/D35bd9041_1_40_summary.json,2026-03-14T00:33:23.436922+00:00,24,22,0.47466666666666674,0.514,0.35333333333333333,28.5,29.5,7.786357267886212,7.158653846153847,0.9090909090909091,3.1959078319133334,3.0979071118529036,55.67804212697069,25.7106971528945,0.0,0.0,-1.4428232973175175e-12,195.2211970361418,5.2756776054173535,0.5664141357435817,0.7259916829469485,,,,,,,,,,,,
/home/cmantill/.cache/kagglehub/datasets/saberghaderi/-dfl-bundesliga-460-mp4-videos-in-30sec-csv/versions/1/DFL Bundesliga Data Shootout/train/D35bd9041_1/D35bd9041_1 (41).mp4,D35bd9041_1 (41).mp4,D35bd9041_1 (41),/home/cmantill/.cache/kagglehub/datasets/saberghaderi/-dfl-bundesliga-460-mp4-videos-in-30sec-csv/versions/1/DFL Bundesliga Data Shootout/train/D35bd9041_1/D35bd9041_1 (41).mp4,/home/cmantill/narrador-futbol/output/tracks_json/tracker/D35bd9041_1_41_tracks.json,/home/cmantill/narrador-futbol/output/tracks_json/tracker/D35bd9041_1_41_summary.json,2026-03-14T00:38:09.833464+00:00,23,22,0.6433939393939393,0.6153333333333333,0.5103333333333333,18.454545454545453,16.5,14.574968488217733,14.129464285714285,1.0,4.290808268867629,4.274730962072852,101.55290736999203,49.75731802251632,0.0,0.0,-1.4428232973175175e-12,331.31703052067445,5.714245862807624,0.3003763244022073,0.7095322884445452,,,,,,,,,,,,
/home/cmantill/.cache/kagglehub/datasets/saberghaderi/-dfl-bundesliga-460-mp4-videos-in-30sec-csv/versions/1/DFL Bundesliga Data Shootout/train/D35bd9041_1/D35bd9041_1 (42).mp4,D35bd9041_1 (42).mp4,D35bd9041_1 (42),/home/cmantill/.cache/kagglehub/datasets/saberghaderi/-dfl-bundesliga-460-mp4-videos-in-30sec-csv/versions/1/DFL Bundesliga Data Shootout/train/D35bd9041_1/D35bd9041_1 (42).mp4,/home/cmantill/narrador-futbol/output/tracks_json/tracker/D35bd9041_1_42_tracks.json,/home/cmantill/narrador-futbol/output/tracks_json/tracker/D35bd9041_1_42_summary.json,2026-03-14T00:38:09.512088+00:00,23,22,0.5967272727272728,0.6106666666666667,0.5546666666666666,19.954545454545453,18.0,15.18534666896279,13.770833333333332,1.0,3.1908540888174812,3.221288715110288,58.393658197483305,33.7536621703218,0.0,0.0,-1.4428232973175175e-12,295.38404543530964,4.582505359094783,0.4413291548104482,0.711890198832839,,,,,,,,,,,,
/home/cmantill/.cache/kagglehub/datasets/saberghaderi/-dfl-bundesliga-460-mp4-videos-in-30sec-csv/versions/1/DFL Bundesliga Data Shootout/train/D35bd9041_1/D35bd9041_1 (43).mp4,D35bd9041_1 (43).mp4,D35bd9041_1 (43),/home/cmantill/.cache/kagglehub/datasets/saberghaderi/-dfl-bundesliga-460-mp4-videos-in-30sec-csv/versions/1/DFL Bundesliga Data Shootout/train/D35bd9041_1/D35bd9041_1 (43).mp4,/home/cmantill/narrador-futbol/output/tracks_json/tracker/D35bd9041_1_43_tracks.json,/home/cmantill/narrador-futbol/output/tracks_json/tracker/D35bd9041_1_43_summary.json,2026-03-14T00:40:22.901968+00:00,25,22,0.4493939393939394,0.496,0.41100000000000003,28.0,31.5,8.893673672982704,8.686046511627907,0.8181818181818182,2.6120457175636957,2.195387593745036,39.523952354329,15.166858323832498,0.0,0.0,-1.4428232973175175e-12,133.36173291485204,3.3663511109500566,0.2910253808741413,0.804401362918535,,,,,,,,,,,,
/home/cmantill/.cache/kagglehub/datasets/saberghaderi/-dfl-bundesliga-460-mp4-videos-in-30sec-csv/versions/1/DFL Bundesliga Data Shootout/train/D35bd9041_1/D35bd9041_1 (44).mp4,D35bd9041_1 (44).mp4,D35bd9041_1 (44),/home/cmantill/.cache/kagglehub/datasets/saberghaderi/-dfl-bundesliga-460-mp4-videos-in-30sec-csv/versions/1/DFL Bundesliga Data Shootout/train/D35bd9041_1/D35bd9041_1 (44).mp4,/home/cmantill/narrador-futbol/output/tracks_json/tracker/D35bd9041_1_44_tracks.json,/home/cmantill/narrador-futbol/output/tracks_json/tracker/D35bd9041_1_44_summary.json,2026-03-14T00:45:46.852454+00:00,23,22,0.5214545454545455,0.4886666666666667,0.449,33.36363636363637,34.0,11.682501829962291,9.576040172166428,1.0,2.872166521948149,2.8983340137375233,35.118927800602535,18.940258707757746,0.0,0.0,-1.4428232973175175e-12,190.0551997946943,4.2400258194719775,0.2956733645701621,0.7940874487321904,,,,,,,,,,,,
/home/cmantill/.cache/kagglehub/datasets/saberghaderi/-dfl-bundesliga-460-mp4-videos-in-30sec-csv/versions/1/DFL Bundesliga Data Shootout/train/D35bd9041_1/D35bd9041_1 (45).mp4,D35bd9041_1 (45).mp4,D35bd9041_1 (45),/home/cmantill/.cache/kagglehub/datasets/saberghaderi/-dfl-bundesliga-460-mp4-videos-in-30sec-csv/versions/1/DFL Bundesliga Data Shootout/train/D35bd9041_1/D35bd9041_1 (45).mp4,/home/cmantill/narrador-futbol/output/tracks_json/tracker/D35bd9041_1_45_tracks.json,/home/cmantill/narrador-futbol/output/tracks_json/tracker/D35bd9041_1_45_summary.json,2026-03-14T00:45:09.370233+00:00,25,22,0.4980606060606062,0.5193333333333333,0.43533333333333335,45.0,47.0,6.93507650237298,7.199305555555556,0.9545454545454546,3.27345473684102,3.092273673493214,25.11552562896281,16.851573680991716,0.0,0.0,-1.4428232973175175e-12,193.11742761468685,4.664829004342471,0.37707083520410695,0.79306886189162,,,,,,,,,,,,
/home/cmantill/.cache/kagglehub/datasets/saberghaderi/-dfl-bundesliga-460-mp4-videos-in-30sec-csv/versions/1/DFL Bundesliga Data Shootout/train/D35bd9041_1/D35bd9041_1 (46).mp4,D35bd9041_1 (46).mp4,D35bd9041_1 (46),/home/cmantill/.cache/kagglehub/datasets/saberghaderi/-dfl-bundesliga-460-mp4-videos-in-30sec-csv/versions/1/DFL Bundesliga Data Shootout/train/D35bd9041_1/D35bd9041_1 (46).mp4,/home/cmantill/narrador-futbol/output/tracks_json/tracker/D35bd9041_1_46_tracks.json,/home/cmantill/narrador-futbol/output/tracks_json/tracker/D35bd9041_1_46_summary.json,2026-03-14T00:47:18.482083+00:00,24,22,0.5416363636363637,0.526,0.43566666666666665,29.636363636363637,29.5,11.741567596164776,11.003315649867375,1.0,2.759534092567927,2.8209771426986294,37.29045503721984,19.182778202133736,0.0,0.0,-1.4428232973175175e-12,174.98222549176765,4.375643633233714,0.42269184523193953,0.7879824853490245,,,,,,,,,,,,
/home/cmantill/.cache/kagglehub/datasets/saberghaderi/-dfl-bundesliga-460-mp4-videos-in-30sec-csv/versions/1/DFL Bundesliga Data Shootout/train/D35bd9041_1/D35bd9041_1 (47).mp4,D35bd9041_1 (47).mp4,D35bd9041_1 (47),/home/cmantill/.cache/kagglehub/datasets/saberghaderi/-dfl-bundesliga-460-mp4-videos-in-30sec-csv/versions/1/DFL Bundesliga Data Shootout/train/D35bd9041_1/D35bd9041_1 (47).mp4,/home/cmantill/narrador-futbol/output/tracks_json/tracker/D35bd9041_1_47_tracks.json,/home/cmantill/narrador-futbol/output/tracks_json/tracker/D35bd9041_1_47_summary.json,2026-03-14T00:52:48.373741+00:00,23,22,0.49690909090909086,0.48533333333333334,0.4306666666666667,42.45454545454545,43.0,8.876688805875297,8.227228682170542,1.0,2.8361122763255615,2.8523328250834186,53.82368234577968,25.722336893169086,0.0,0.0,-1.4428232973175175e-12,294.5647151713158,6.2256487596643915,0.4153132216410065,0.694686004975145,,,,,,,,,,,,
/home/cmantill/.cache/kagglehub/datasets/saberghaderi/-dfl-bundesliga-460-mp4-videos-in-30sec-csv/versions/1/DFL Bundesliga Data Shootout/train/D35bd9041_1/D35bd9041_1 (48).mp4,D35bd9041_1 (48).mp4,D35bd9041_1 (48),/home/cmantill/.cache/kagglehub/datasets/saberghaderi/-dfl-bundesliga-460-mp4-videos-in-30sec-csv/versions/1/DFL Bundesliga Data Shootout/train/D35bd9041_1/D35bd9041_1 (48).mp4,/home/cmantill/narrador-futbol/output/tracks_json/tracker/D35bd9041_1_48_tracks.json,/home/cmantill/narrador-futbol/output/tracks_json/tracker/D35bd9041_1_48_summary.json,2026-03-14T00:52:34.804440+00:00,25,22,0.596,0.562,0.5023333333333333,31.136363636363637,33.0,10.218209881128267,9.371323529411764,1.0,3.0742845732202877,3.081615320801676,25.19149591478322,15.771423852859566,0.0,0.0,-1.4428232973175175e-12,539.5228621753621,6.212270982598583,0.3381086668835555,0.7968633712047505,,,,,,,,,,,,
/home/cmantill/.cache/kagglehub/datasets/saberghaderi/-dfl-bundesliga-460-mp4-videos-in-30sec-csv/versions/1/DFL Bundesliga Data Shootout/train/D35bd9041_1/D35bd9041_1 (49).mp4,D35bd9041_1 (49).mp4,D35bd9041_1 (49),/home/cmantill/.cache/kagglehub/datasets/saberghaderi/-dfl-bundesliga-460-mp4-videos-in-30sec-csv/versions/1/DFL Bundesliga Data Shootout/train/D35bd9041_1/D35bd9041_1 (49).mp4,/home/cmantill/narrador-futbol/output/tracks_json/tracker/D35bd9041_1_49_tracks.json,/home/cmantill/narrador-futbol/output/tracks_json/tracker/D35bd9041_1_49_summary.json,2026-03-14T00:54:06.674251+00:00,25,22,0.36327272727272725,0.41400000000000003,0.091,38.86363636363637,50.5,4.883658494139368,5.1420717592592595,0.7727272727272727,3.3931714460155207,3.230677833044345,69.06407991966499,21.29298393947737,0.0,0.0,-1.4428232973175175e-12,183.85211440930667,4.81361389564535,0.3631784634044011,0.7875296598135292,,,,,,,,,,,,
/home/cmantill/.cache/kagglehub/datasets/saberghaderi/-dfl-bundesliga-460-mp4-videos-in-30sec-csv/versions/1/DFL Bundesliga Data Shootout/train/D35bd9041_1/D35bd9041_1 (5).mp4,D35bd9041_1 (5).mp4,D35bd9041_1 (5),/home/cmantill/.cache/kagglehub/datasets/saberghaderi/-dfl-bundesliga-460-mp4-videos-in-30sec-csv/versions/1/DFL Bundesliga Data Shootout/train/D35bd9041_1/D35bd9041_1 (5).mp4,/home/cmantill/narrador-futbol/output/tracks_json/tracker/D35bd9041_1_5_tracks.json,/home/cmantill/narrador-futbol/output/tracks_json/tracker/D35bd9041_1_5_summary.json,2026-03-13T23:14:24.721319+00:00,23,22,0.6230303030303029,0.6326666666666667,0.5489999999999999,35.72727272727273,41.0,6.987754113141066,4.364939870490287,0.9545454545454546,1.34090965355766,1.2656145471636904,45.65591906047213,14.146770044675474,0.0,0.0,-1.4428232973175175e-12,143.25119792851953,3.1393419494660084,0.2654786083917674,0.7457471233956997,,,,,,,,,,,,
/home/cmantill/.cache/kagglehub/datasets/saberghaderi/-dfl-bundesliga-460-mp4-videos-in-30sec-csv/versions/1/DFL Bundesliga Data Shootout/train/D35bd9041_1/D35bd9041_1 (50).mp4,D35bd9041_1 (50).mp4,D35bd9041_1 (50),/home/cmantill/.cache/kagglehub/datasets/saberghaderi/-dfl-bundesliga-460-mp4-videos-in-30sec-csv/versions/1/DFL Bundesliga Data Shootout/train/D35bd9041_1/D35bd9041_1 (50).mp4,/home/cmantill/narrador-futbol/output/tracks_json/tracker/D35bd9041_1_50_tracks.json,/home/cmantill/narrador-futbol/output/tracks_json/tracker/D35bd9041_1_50_summary.json,2026-03-14T01:00:02.158607+00:00,23,22,0.5496969696969697,0.558,0.448,27.318181818181817,27.0,11.119943491870968,10.186507936507937,0.9545454545454546,2.769430063462691,2.6778137533910527,75.72037946317552,19.80924548226882,0.0,0.0,-1.4428232973175175e-12,208.4536746082131,4.377851705181677,0.3346067592861813,0.8073771352755539,,,,,,,,,,,,
/home/cmantill/.cache/kagglehub/datasets/saberghaderi/-dfl-bundesliga-460-mp4-videos-in-30sec-csv/versions/1/DFL Bundesliga Data Shootout/train/D35bd9041_1/D35bd9041_1 (51).mp4,D35bd9041_1 (51).mp4,D35bd9041_1 (51),/home/cmantill/.cache/kagglehub/datasets/saberghaderi/-dfl-bundesliga-460-mp4-videos-in-30sec-csv/versions/1/DFL Bundesliga Data Shootout/train/D35bd9041_1/D35bd9041_1 (51).mp4,/home/cmantill/narrador-futbol/output/tracks_json/tracker/D35bd9041_1_51_tracks.json,/home/cmantill/narrador-futbol/output/tracks_json/tracker/D35bd9041_1_51_summary.json,2026-03-14T01:00:06.014865+00:00,23,22,0.48884848484848487,0.5053333333333334,0.44966666666666666,32.22727272727273,34.0,9.688228286096582,8.373295910184442,0.9090909090909091,3.350212051817226,3.2223260484403693,36.68234172659339,17.67388938951418,0.0,0.0,-1.4428232973175175e-12,189.1311099742651,5.368856825515423,0.40455683317539604,0.8017540361030338,,,,,,,,,,,,
/home/cmantill/.cache/kagglehub/datasets/saberghaderi/-dfl-bundesliga-460-mp4-videos-in-30sec-csv/versions/1/DFL Bundesliga Data Shootout/train/D35bd9041_1/D35bd9041_1 (52).mp4,D35bd9041_1 (52).mp4,D35bd9041_1 (52),/home/cmantill/.cache/kagglehub/datasets/saberghaderi/-dfl-bundesliga-460-mp4-videos-in-30sec-csv/versions/1/DFL Bundesliga Data Shootout/train/D35bd9041_1/D35bd9041_1 (52).mp4,/home/cmantill/narrador-futbol/output/tracks_json/tracker/D35bd9041_1_52_tracks.json,/home/cmantill/narrador-futbol/output/tracks_json/tracker/D35bd9041_1_52_summary.json,2026-03-14T01:00:24.486344+00:00,23,22,0.5914545454545456,0.53,0.43166666666666664,32.40909090909091,32.0,9.206044885314324,8.680186170212766,1.0,2.5388913967531965,2.4936793250056506,49.95071219526416,20.192526606174166,0.0,0.0,-1.4428232973175175e-12,168.96472191700116,4.638700090326514,0.4762149987736104,0.7331558355194936,,,,,,,,,,,,
/home/cmantill/.cache/kagglehub/datasets/saberghaderi/-dfl-bundesliga-460-mp4-videos-in-30sec-csv/versions/1/DFL Bundesliga Data Shootout/train/D35bd9041_1/D35bd9041_1 (53).mp4,D35bd9041_1 (53).mp4,D35bd9041_1 (53),/home/cmantill/.cache/kagglehub/datasets/saberghaderi/-dfl-bundesliga-460-mp4-videos-in-30sec-csv/versions/1/DFL Bundesliga Data Shootout/train/D35bd9041_1/D35bd9041_1 (53).mp4,/home/cmantill/narrador-futbol/output/tracks_json/tracker/D35bd9041_1_53_tracks.json,/home/cmantill/narrador-futbol/output/tracks_json/tracker/D35bd9041_1_53_summary.json,2026-03-14T01:06:40.799459+00:00,25,22,0.5337575757575758,0.5366666666666666,0.4766666666666667,28.227272727272727,30.0,16.36248815513755,9.610532407407408,0.9545454545454546,2.8131979091453183,2.7295236867008126,34.375767056078224,15.541037073074296,0.0,0.0,-1.4428232973175175e-12,160.090415321245,3.950876317345771,0.38231070904938813,0.7773506986584476,,,,,,,,,,,,
/home/cmantill/.cache/kagglehub/datasets/saberghaderi/-dfl-bundesliga-460-mp4-videos-in-30sec-csv/versions/1/DFL Bundesliga Data Shootout/train/D35bd9041_1/D35bd9041_1 (54).mp4,D35bd9041_1 (54).mp4,D35bd9041_1 (54),/home/cmantill/.cache/kagglehub/datasets/saberghaderi/-dfl-bundesliga-460-mp4-videos-in-30sec-csv/versions/1/DFL Bundesliga Data Shootout/train/D35bd9041_1/D35bd9041_1 (54).mp4,/home/cmantill/narrador-futbol/output/tracks_json/tracker/D35bd9041_1_54_tracks.json,/home/cmantill/narrador-futbol/output/tracks_json/tracker/D35bd9041_1_54_summary.json,2026-03-14T01:07:28.745817+00:00,24,22,0.5733333333333335,0.6293333333333333,0.5456666666666667,38.68181818181818,40.0,6.0158922968116535,5.514100185528758,0.9090909090909091,3.20676278354861,3.0090633918325946,41.86694499468059,18.879015718984007,0.0,0.0,-1.4428232973175175e-12,201.93906622865168,5.8500950684618145,0.3322600498706266,0.7925275666503429,,,,,,,,,,,,
/home/cmantill/.cache/kagglehub/datasets/saberghaderi/-dfl-bundesliga-460-mp4-videos-in-30sec-csv/versions/1/DFL Bundesliga Data Shootout/train/D35bd9041_1/D35bd9041_1 (55).mp4,D35bd9041_1 (55).mp4,D35bd9041_1 (55),/home/cmantill/.cache/kagglehub/datasets/saberghaderi/-dfl-bundesliga-460-mp4-videos-in-30sec-csv/versions/1/DFL Bundesliga Data Shootout/train/D35bd9041_1/D35bd9041_1 (55).mp4,/home/cmantill/narrador-futbol/output/tracks_json/tracker/D35bd9041_1_55_tracks.json,/home/cmantill/narrador-futbol/output/tracks_json/tracker/D35bd9041_1_55_summary.json,2026-03-14T01:07:32.889082+00:00,22,22,0.5452121212121211,0.588,0.5026666666666667,21.181818181818183,22.0,7.7642173231973,8.244444444444444,0.8181818181818182,1.882570673767503,2.1005800645075188,41.308077039632074,14.769913711387575,0.0,0.0,-1.4428232973175175e-12,129.28439799022416,3.8075413410075,0.2654811499160201,0.7862500612022334,,,,,,,,,,,,
/home/cmantill/.cache/kagglehub/datasets/saberghaderi/-dfl-bundesliga-460-mp4-videos-in-30sec-csv/versions/1/DFL Bundesliga Data Shootout/train/D35bd9041_1/D35bd9041_1 (56).mp4,D35bd9041_1 (56).mp4,D35bd9041_1 (56),/home/cmantill/.cache/kagglehub/datasets/saberghaderi/-dfl-bundesliga-460-mp4-videos-in-30sec-csv/versions/1/DFL Bundesliga Data Shootout/train/D35bd9041_1/D35bd9041_1 (56).mp4,/home/cmantill/narrador-futbol/output/tracks_json/tracker/D35bd9041_1_56_tracks.json,/home/cmantill/narrador-futbol/output/tracks_json/tracker/D35bd9041_1_56_summary.json,2026-03-14T01:15:39.384076+00:00,25,22,0.589090909090909,0.6533333333333333,0.3593333333333333,17.045454545454547,16.0,16.19287908505661,7.506944444444445,1.0,2.533482197340752,2.28747213020339,117.81958114261263,51.70621391863048,0.0,0.0,-1.4428232973175175e-12,269.6719849386532,3.526153106161346,0.2809638751328779,0.7337258662685688,,,,,,,,,,,,
/home/cmantill/.cache/kagglehub/datasets/saberghaderi/-dfl-bundesliga-460-mp4-videos-in-30sec-csv/versions/1/DFL Bundesliga Data Shootout/train/D35bd9041_1/D35bd9041_1 (57).mp4,D35bd9041_1 (57).mp4,D35bd9041_1 (57),/home/cmantill/.cache/kagglehub/datasets/saberghaderi/-dfl-bundesliga-460-mp4-videos-in-30sec-csv/versions/1/DFL Bundesliga Data Shootout/train/D35bd9041_1/D35bd9041_1 (57).mp4,/home/cmantill/narrador-futbol/output/tracks_json/tracker/D35bd9041_1_57_tracks.json,/home/cmantill/narrador-futbol/output/tracks_json/tracker/D35bd9041_1_57_summary.json,2026-03-14T01:15:45.194654+00:00,23,22,0.7252121212121212,0.75,0.6723333333333333,18.90909090909091,18.0,10.408406334742335,8.66293103448276,1.0,1.8964441073040543,1.930184528364313,84.1121658009992,43.480185430587404,0.0,0.0,-1.4428232973175175e-12,190.83139841486152,2.74823223576172,0.2934892839276499,0.5938105014879141,,,,,,,,,,,,
/home/cmantill/.cache/kagglehub/datasets/saberghaderi/-dfl-bundesliga-460-mp4-videos-in-30sec-csv/versions/1/DFL Bundesliga Data Shootout/train/D35bd9041_1/D35bd9041_1 (58).mp4,D35bd9041_1 (58).mp4,D35bd9041_1 (58),/home/cmantill/.cache/kagglehub/datasets/saberghaderi/-dfl-bundesliga-460-mp4-videos-in-30sec-csv/versions/1/DFL Bundesliga Data Shootout/train/D35bd9041_1/D35bd9041_1 (58).mp4,/home/cmantill/narrador-futbol/output/tracks_json/tracker/D35bd9041_1_58_tracks.json,/home/cmantill/narrador-futbol/output/tracks_json/tracker/D35bd9041_1_58_summary.json,2026-03-14T01:14:06.166577+00:00,22,22,0.4541212121212121,0.45799999999999996,0.373,29.227272727272727,28.0,13.063815192160906,13.417410714285715,0.9545454545454546,3.419932200842271,3.3080288669195923,95.22443573010382,27.575408770598912,0.0,0.0,-1.4428232973175175e-12,184.71692603213685,4.047431902764075,0.3785042625803465,0.7667289868825187,,,,,,,,,,,,
/home/cmantill/.cache/kagglehub/datasets/saberghaderi/-dfl-bundesliga-460-mp4-videos-in-30sec-csv/versions/1/DFL Bundesliga Data Shootout/train/D35bd9041_1/D35bd9041_1 (59).mp4,D35bd9041_1 (59).mp4,D35bd9041_1 (59),/home/cmantill/.cache/kagglehub/datasets/saberghaderi/-dfl-bundesliga-460-mp4-videos-in-30sec-csv/versions/1/DFL Bundesliga Data Shootout/train/D35bd9041_1/D35bd9041_1 (59).mp4,/home/cmantill/narrador-futbol/output/tracks_json/tracker/D35bd9041_1_59_tracks.json,/home/cmantill/narrador-futbol/output/tracks_json/tracker/D35bd9041_1_59_summary.json,2026-03-14T01:21:05.808686+00:00,25,22,0.6733939393939394,0.738,0.623,22.0,22.5,8.861711384636733,7.585043988269795,0.9545454545454546,2.819135951123442,2.8921851480564382,53.181223545080215,22.63677085284803,0.0,0.0,-1.4428232973175175e-12,136.69027163511353,3.5036874627371004,0.3557533457337559,0.7812433886276184,,,,,,,,,,,,
/home/cmantill/.cache/kagglehub/datasets/saberghaderi/-dfl-bundesliga-460-mp4-videos-in-30sec-csv/versions/1/DFL Bundesliga Data Shootout/train/D35bd9041_1/D35bd9041_1 (6).mp4,D35bd9041_1 (6).mp4,D35bd9041_1 (6),/home/cmantill/.cache/kagglehub/datasets/saberghaderi/-dfl-bundesliga-460-mp4-videos-in-30sec-csv/versions/1/DFL Bundesliga Data Shootout/train/D35bd9041_1/D35bd9041_1 (6).mp4,/home/cmantill/narrador-futbol/output/tracks_json/tracker/D35bd9041_1_6_tracks.json,/home/cmantill/narrador-futbol/output/tracks_json/tracker/D35bd9041_1_6_summary.json,2026-03-13T23:14:41.711240+00:00,23,22,0.5047878787878787,0.506,0.3626666666666667,52.90909090909091,55.0,6.745861664910607,5.166540404040404,1.0,1.3781376386366573,1.275351700124065,31.345871976134372,13.683643407363991,0.0,0.0,-1.4428232973175175e-12,120.54161572586612,3.6075154018756503,0.2521354465792144,0.737350685786792,,,,,,,,,,,,
/home/cmantill/.cache/kagglehub/datasets/saberghaderi/-dfl-bundesliga-460-mp4-videos-in-30sec-csv/versions/1/DFL Bundesliga Data Shootout/train/D35bd9041_1/D35bd9041_1 (60).mp4,D35bd9041_1 (60).mp4,D35bd9041_1 (60),/home/cmantill/.cache/kagglehub/datasets/saberghaderi/-dfl-bundesliga-460-mp4-videos-in-30sec-csv/versions/1/DFL Bundesliga Data Shootout/train/D35bd9041_1/D35bd9041_1 (60).mp4,/home/cmantill/narrador-futbol/output/tracks_json/tracker/D35bd9041_1_60_tracks.json,/home/cmantill/narrador-futbol/output/tracks_json/tracker/D35bd9041_1_60_summary.json,2026-03-14T01:21:55.901823+00:00,24,22,0.3186666666666667,0.2853333333333333,0.19666666666666666,24.681818181818183,23.0,10.739237749249066,10.883522727272727,0.9090909090909091,2.013037144611124,1.866446810440666,66.6052184205365,15.00296104864472,0.0,0.0,-1.4428232973175175e-12,117.07265813319397,3.1732295556819334,0.26626240146583596,0.7680871707514725,,,,,,,,,,,,
/home/cmantill/.cache/kagglehub/datasets/saberghaderi/-dfl-bundesliga-460-mp4-videos-in-30sec-csv/versions/1/DFL Bundesliga Data Shootout/train/D35bd9041_1/D35bd9041_1 (61).mp4,D35bd9041_1 (61).mp4,D35bd9041_1 (61),/home/cmantill/.cache/kagglehub/datasets/saberghaderi/-dfl-bundesliga-460-mp4-videos-in-30sec-csv/versions/1/DFL Bundesliga Data Shootout/train/D35bd9041_1/D35bd9041_1 (61).mp4,/home/cmantill/narrador-futbol/output/tracks_json/tracker/D35bd9041_1_61_tracks.json,/home/cmantill/narrador-futbol/output/tracks_json/tracker/D35bd9041_1_61_summary.json,2026-03-14T01:22:56.380400+00:00,24,22,0.36266666666666664,0.30933333333333335,0.15666666666666668,23.318181818181817,23.5,17.602843617221513,15.435023041474654,0.9545454545454546,2.989234746284146,2.7139072692033235,82.4420263803679,23.885136274884164,0.0,0.0,-1.4428232973175175e-12,306.50810403902983,6.888186776018596,0.39283079533692095,0.7843718988441534,,,,,,,,,,,,
/home/cmantill/.cache/kagglehub/datasets/saberghaderi/-dfl-bundesliga-460-mp4-videos-in-30sec-csv/versions/1/DFL Bundesliga Data Shootout/train/D35bd9041_1/D35bd9041_1 (62).mp4,D35bd9041_1 (62).mp4,D35bd9041_1 (62),/home/cmantill/.cache/kagglehub/datasets/saberghaderi/-dfl-bundesliga-460-mp4-videos-in-30sec-csv/versions/1/DFL Bundesliga Data Shootout/train/D35bd9041_1/D35bd9041_1 (62).mp4,/home/cmantill/narrador-futbol/output/tracks_json/tracker/D35bd9041_1_62_tracks.json,/home/cmantill/narrador-futbol/output/tracks_json/tracker/D35bd9041_1_62_summary.json,2026-03-14T01:27:21.596830+00:00,25,22,0.6129696969696968,0.5733333333333333,0.5346666666666666,21.136363636363637,19.5,12.302584726819282,9.235294117647058,0.9545454545454546,3.415663951332042,3.280360661214759,33.859430904599726,17.927850938233686,0.0,0.0,-1.4428232973175175e-12,159.98900584115933,4.315308576268811,0.31131354489270724,0.7652188274923316,,,,,,,,,,,,
/home/cmantill/.cache/kagglehub/datasets/saberghaderi/-dfl-bundesliga-460-mp4-videos-in-30sec-csv/versions/1/DFL Bundesliga Data Shootout/train/D35bd9041_1/D35bd9041_1 (63).mp4,D35bd9041_1 (63).mp4,D35bd9041_1 (63),/home/cmantill/.cache/kagglehub/datasets/saberghaderi/-dfl-bundesliga-460-mp4-videos-in-30sec-csv/versions/1/DFL Bundesliga Data Shootout/train/D35bd9041_1/D35bd9041_1 (63).mp4,/home/cmantill/narrador-futbol/output/tracks_json/tracker/D35bd9041_1_63_tracks.json,/home/cmantill/narrador-futbol/output/tracks_json/tracker/D35bd9041_1_63_summary.json,2026-03-14T01:29:23.913519+00:00,24,22,0.41042424242424236,0.5173333333333333,0.08466666666666667,34.45454545454545,43.0,5.203115341245142,5.834717607973422,0.7272727272727273,3.1532408393943965,3.074972238354249,54.717020046249466,14.407805775261933,0.0,0.0,-1.4428232973175175e-12,112.03080565187632,4.50183340730006,0.3351332027889434,0.7193085100526465,,,,,,,,,,,,
/home/cmantill/.cache/kagglehub/datasets/saberghaderi/-dfl-bundesliga-460-mp4-videos-in-30sec-csv/versions/1/DFL Bundesliga Data Shootout/train/D35bd9041_1/D35bd9041_1 (64).mp4,D35bd9041_1 (64).mp4,D35bd9041_1 (64),/home/cmantill/.cache/kagglehub/datasets/saberghaderi/-dfl-bundesliga-460-mp4-videos-in-30sec-csv/versions/1/DFL Bundesliga Data Shootout/train/D35bd9041_1/D35bd9041_1 (64).mp4,/home/cmantill/narrador-futbol/output/tracks_json/tracker/D35bd9041_1_64_tracks.json,/home/cmantill/narrador-futbol/output/tracks_json/tracker/D35bd9041_1_64_summary.json,2026-03-14T01:30:18.074834+00:00,23,22,0.5269090909090909,0.5746666666666667,0.445,29.363636363636363,30.5,7.621121216319796,8.558333333333334,0.9090909090909091,3.0403068266693722,2.7635910818304477,45.68580540544641,17.085829836478474,0.0,0.0,-1.4428232973175175e-12,167.94701010056562,3.7910774756903183,0.297883295852139,0.8112665610784855,,,,,,,,,,,,
/home/cmantill/.cache/kagglehub/datasets/saberghaderi/-dfl-bundesliga-460-mp4-videos-in-30sec-csv/versions/1/DFL Bundesliga Data Shootout/train/D35bd9041_1/D35bd9041_1 (65).mp4,D35bd9041_1 (65).mp4,D35bd9041_1 (65),/home/cmantill/.cache/kagglehub/datasets/saberghaderi/-dfl-bundesliga-460-mp4-videos-in-30sec-csv/versions/1/DFL Bundesliga Data Shootout/train/D35bd9041_1/D35bd9041_1 (65).mp4,/home/cmantill/narrador-futbol/output/tracks_json/tracker/D35bd9041_1_65_tracks.json,/home/cmantill/narrador-futbol/output/tracks_json/tracker/D35bd9041_1_65_summary.json,2026-03-14T01:34:19.460608+00:00,22,22,0.49939393939393945,0.4666666666666667,0.38,28.272727272727273,30.0,10.706847749472503,11.005911330049262,0.9545454545454546,3.4870135685224612,3.2758491503003184,67.86845074732983,22.922001455568658,0.0,0.0,-1.4428232973175175e-12,253.59399902741964,5.275250413579932,0.2959504958693624,0.7952153708073095,,,,,,,,,,,,
/home/cmantill/.cache/kagglehub/datasets/saberghaderi/-dfl-bundesliga-460-mp4-videos-in-30sec-csv/versions/1/DFL Bundesliga Data Shootout/train/D35bd9041_1/D35bd9041_1 (66).mp4,D35bd9041_1 (66).mp4,D35bd9041_1 (66),/home/cmantill/.cache/kagglehub/datasets/saberghaderi/-dfl-bundesliga-460-mp4-videos-in-30sec-csv/versions/1/DFL Bundesliga Data Shootout/train/D35bd9041_1/D35bd9041_1 (66).mp4,/home/cmantill/narrador-futbol/output/tracks_json/tracker/D35bd9041_1_66_tracks.json,/home/cmantill/narrador-futbol/output/tracks_json/tracker/D35bd9041_1_66_summary.json,2026-03-14T01:36:04.006599+00:00,23,22,0.36860606060606055,0.41933333333333334,0.37566666666666665,40.68181818181818,45.5,6.838695083683242,7.277719298245614,0.8181818181818182,2.614829116498351,2.469566251794941,46.59851899529757,20.047001415907182,0.0,0.0,-1.4428232973175175e-12,288.61433757661894,8.620414058894006,0.28208676367177093,0.7234941273362095,,,,,,,,,,,,
/home/cmantill/.cache/kagglehub/datasets/saberghaderi/-dfl-bundesliga-460-mp4-videos-in-30sec-csv/versions/1/DFL Bundesliga Data Shootout/train/D35bd9041_1/D35bd9041_1 (67).mp4,D35bd9041_1 (67).mp4,D35bd9041_1 (67),/home/cmantill/.cache/kagglehub/datasets/saberghaderi/-dfl-bundesliga-460-mp4-videos-in-30sec-csv/versions/1/DFL Bundesliga Data Shootout/train/D35bd9041_1/D35bd9041_1 (67).mp4,/home/cmantill/narrador-futbol/output/tracks_json/tracker/D35bd9041_1_67_tracks.json,/home/cmantill/narrador-futbol/output/tracks_json/tracker/D35bd9041_1_67_summary.json,2026-03-14T01:38:16.126564+00:00,25,22,0.3698181818181817,0.51,0.003,24.40909090909091,24.0,16.438865669024327,4.501157407407407,0.7727272727272727,2.7820544722002363,2.148669656261632,52.44770979422019,13.423060747970322,0.0,0.0,-1.4428232973175175e-12,102.9555638791878,6.347257107327704,0.19638750216891188,0.7960439841702851,,,,,,,,,,,,
/home/cmantill/.cache/kagglehub/datasets/saberghaderi/-dfl-bundesliga-460-mp4-videos-in-30sec-csv/versions/1/DFL Bundesliga Data Shootout/train/D35bd9041_1/D35bd9041_1 (68).mp4,D35bd9041_1 (68).mp4,D35bd9041_1 (68),/home/cmantill/.cache/kagglehub/datasets/saberghaderi/-dfl-bundesliga-460-mp4-videos-in-30sec-csv/versions/1/DFL Bundesliga Data Shootout/train/D35bd9041_1/D35bd9041_1 (68).mp4,/home/cmantill/narrador-futbol/output/tracks_json/tracker/D35bd9041_1_68_tracks.json,/home/cmantill/narrador-futbol/output/tracks_json/tracker/D35bd9041_1_68_summary.json,2026-03-14T01:42:38.830498+00:00,23,22,0.4873333333333333,0.47,0.395,31.772727272727273,27.5,12.204185191889167,11.621658986175115,0.9545454545454546,3.3856539594275024,3.2669998265038513,42.06344809539062,20.797933364314776,0.0,0.0,-1.4428232973175175e-12,216.52664654569688,4.607288378449969,0.4173021725674908,0.7829722063903646,,,,,,,,,,,,
/home/cmantill/.cache/kagglehub/datasets/saberghaderi/-dfl-bundesliga-460-mp4-videos-in-30sec-csv/versions/1/DFL Bundesliga Data Shootout/train/D35bd9041_1/D35bd9041_1 (69).mp4,D35bd9041_1 (69).mp4,D35bd9041_1 (69),/home/cmantill/.cache/kagglehub/datasets/saberghaderi/-dfl-bundesliga-460-mp4-videos-in-30sec-csv/versions/1/DFL Bundesliga Data Shootout/train/D35bd9041_1/D35bd9041_1 (69).mp4,/home/cmantill/narrador-futbol/output/tracks_json/tracker/D35bd9041_1_69_tracks.json,/home/cmantill/narrador-futbol/output/tracks_json/tracker/D35bd9041_1_69_summary.json,2026-03-14T01:43:02.404316+00:00,23,22,0.5993939393939395,0.6446666666666667,0.486,26.59090909090909,27.5,10.037901061186401,7.180402930402931,0.9090909090909091,2.665996909951489,2.6181981077802066,32.96356061422187,15.163951741834326,0.0,0.0,-1.4428232973175175e-12,116.09155877721173,4.11688010490093,0.378809417708255,0.7794290304350017,,,,,,,,,,,,
/home/cmantill/.cache/kagglehub/datasets/saberghaderi/-dfl-bundesliga-460-mp4-videos-in-30sec-csv/versions/1/DFL Bundesliga Data Shootout/train/D35bd9041_1/D35bd9041_1 (7).mp4,D35bd9041_1 (7).mp4,D35bd9041_1 (7),/home/cmantill/.cache/kagglehub/datasets/saberghaderi/-dfl-bundesliga-460-mp4-videos-in-30sec-csv/versions/1/DFL Bundesliga Data Shootout/train/D35bd9041_1/D35bd9041_1 (7).mp4,/home/cmantill/narrador-futbol/output/tracks_json/tracker/D35bd9041_1_7_tracks.json,/home/cmantill/narrador-futbol/output/tracks_json/tracker/D35bd9041_1_7_summary.json,2026-03-13T23:18:12.845513+00:00,23,22,0.504909090909091,0.524,0.33466666666666667,42.31818181818182,46.5,5.330205295847306,5.110833927298646,0.8636363636363636,1.499667536640009,1.4062231670508567,21.603844389001623,11.327892719772485,0.0,0.0,-1.4428232973175175e-12,87.29055838282046,4.378415881687356,0.21624828712201286,0.7495367686686457,,,,,,,,,,,,
/home/cmantill/.cache/kagglehub/datasets/saberghaderi/-dfl-bundesliga-460-mp4-videos-in-30sec-csv/versions/1/DFL Bundesliga Data Shootout/train/D35bd9041_1/D35bd9041_1 (70).mp4,D35bd9041_1 (70).mp4,D35bd9041_1 (70),/home/cmantill/.cache/kagglehub/datasets/saberghaderi/-dfl-bundesliga-460-mp4-videos-in-30sec-csv/versions/1/DFL Bundesliga Data Shootout/train/D35bd9041_1/D35bd9041_1 (70).mp4,/home/cmantill/narrador-futbol/output/tracks_json/tracker/D35bd9041_1_70_tracks.json,/home/cmantill/narrador-futbol/output/tracks_json/tracker/D35bd9041_1_70_summary.json,2026-03-14T01:45:44.953236+00:00,24,22,0.5275757575757576,0.5326666666666666,0.4093333333333333,26.545454545454547,28.0,15.146789474211868,13.992857142857144,1.0,2.9089541943414154,3.001147775335624,71.31406477568365,21.126171122202134,0.0,0.0,-1.4428232973175175e-12,195.20578151772068,4.629205447731298,0.3417326058505006,0.7931875316210873,,,,,,,,,,,,
/home/cmantill/.cache/kagglehub/datasets/saberghaderi/-dfl-bundesliga-460-mp4-videos-in-30sec-csv/versions/1/DFL Bundesliga Data Shootout/train/D35bd9041_1/D35bd9041_1 (71).mp4,D35bd9041_1 (71).mp4,D35bd9041_1 (71),/home/cmantill/.cache/kagglehub/datasets/saberghaderi/-dfl-bundesliga-460-mp4-videos-in-30sec-csv/versions/1/DFL Bundesliga Data Shootout/train/D35bd9041_1/D35bd9041_1 (71).mp4,/home/cmantill/narrador-futbol/output/tracks_json/tracker/D35bd9041_1_71_tracks.json,/home/cmantill/narrador-futbol/output/tracks_json/tracker/D35bd9041_1_71_summary.json,2026-03-14T01:50:13.183567+00:00,24,22,0.3653333333333333,0.14733333333333332,0.0013333333333333333,10.863636363636363,5.5,23.91119705419957,3.9987593052109185,0.6363636363636364,1.619064732985962,1.2611690392149777,141.77622926514158,12.333883757065843,0.0,0.0,-1.4428232973175175e-12,85.19943391768892,3.1515120104183505,0.20600887756426572,0.7977129418977138,,,,,,,,,,,,
/home/cmantill/.cache/kagglehub/datasets/saberghaderi/-dfl-bundesliga-460-mp4-videos-in-30sec-csv/versions/1/DFL Bundesliga Data Shootout/train/D35bd9041_1/D35bd9041_1 (72).mp4,D35bd9041_1 (72).mp4,D35bd9041_1 (72),/home/cmantill/.cache/kagglehub/datasets/saberghaderi/-dfl-bundesliga-460-mp4-videos-in-30sec-csv/versions/1/DFL Bundesliga Data Shootout/train/D35bd9041_1/D35bd9041_1 (72).mp4,/home/cmantill/narrador-futbol/output/tracks_json/tracker/D35bd9041_1_72_tracks.json,/home/cmantill/narrador-futbol/output/tracks_json/tracker/D35bd9041_1_72_summary.json,2026-03-14T01:51:38.601513+00:00,25,21,0.5815238095238096,0.684,0.5213333333333333,33.523809523809526,34.0,40.499054194984424,5.448979591836735,0.9047619047619048,1.7893500309616308,1.9520735647686018,72.88577683509877,13.859048608983946,0.0,0.0,-1.4428232973175173e-12,339.45341718327074,7.610458109635664,0.2265858916053945,0.7558970087645874,,,,,,,,,,,,
/home/cmantill/.cache/kagglehub/datasets/saberghaderi/-dfl-bundesliga-460-mp4-videos-in-30sec-csv/versions/1/DFL Bundesliga Data Shootout/train/D35bd9041_1/D35bd9041_1 (73).mp4,D35bd9041_1 (73).mp4,D35bd9041_1 (73),/home/cmantill/.cache/kagglehub/datasets/saberghaderi/-dfl-bundesliga-460-mp4-videos-in-30sec-csv/versions/1/DFL Bundesliga Data Shootout/train/D35bd9041_1/D35bd9041_1 (73).mp4,/home/cmantill/narrador-futbol/output/tracks_json/tracker/D35bd9041_1_73_tracks.json,/home/cmantill/narrador-futbol/output/tracks_json/tracker/D35bd9041_1_73_summary.json,2026-03-14T01:52:25.245397+00:00,23,22,0.5152121212121211,0.49333333333333335,0.36733333333333335,36.04545454545455,33.5,8.655868636757814,8.803571428571429,0.9545454545454546,2.645156460404092,2.5661454886271837,70.80084033505835,19.449500871451207,0.0,0.0,-1.4428232973175175e-12,266.43562481959873,5.39449093973779,0.36055107946416737,0.7762017246218772,,,,,,,,,,,,
/home/cmantill/.cache/kagglehub/datasets/saberghaderi/-dfl-bundesliga-460-mp4-videos-in-30sec-csv/versions/1/DFL Bundesliga Data Shootout/train/D35bd9041_1/D35bd9041_1 (74).mp4,D35bd9041_1 (74).mp4,D35bd9041_1 (74),/home/cmantill/.cache/kagglehub/datasets/saberghaderi/-dfl-bundesliga-460-mp4-videos-in-30sec-csv/versions/1/DFL Bundesliga Data Shootout/train/D35bd9041_1/D35bd9041_1 (74).mp4,/home/cmantill/narrador-futbol/output/tracks_json/tracker/D35bd9041_1_74_tracks.json,/home/cmantill/narrador-futbol/output/tracks_json/tracker/D35bd9041_1_74_summary.json,2026-03-14T01:56:25.626710+00:00,22,22,0.5582424242424241,0.5886666666666667,0.4656666666666667,22.818181818181817,24.5,7.693927278016485,7.04054054054054,0.8636363636363636,2.710256852887095,2.616547968432249,32.05587340200131,15.954102802472159,0.0,0.0,-1.4428232973175175e-12,190.17864745371483,3.698099948140758,0.2682751154134687,0.80383251524047,,,,,,,,,,,,
/home/cmantill/.cache/kagglehub/datasets/saberghaderi/-dfl-bundesliga-460-mp4-videos-in-30sec-csv/versions/1/DFL Bundesliga Data Shootout/train/D35bd9041_1/D35bd9041_1 (75).mp4,D35bd9041_1 (75).mp4,D35bd9041_1 (75),/home/cmantill/.cache/kagglehub/datasets/saberghaderi/-dfl-bundesliga-460-mp4-videos-in-30sec-csv/versions/1/DFL Bundesliga Data Shootout/train/D35bd9041_1/D35bd9041_1 (75).mp4,/home/cmantill/narrador-futbol/output/tracks_json/tracker/D35bd9041_1_75_tracks.json,/home/cmantill/narrador-futbol/output/tracks_json/tracker/D35bd9041_1_75_summary.json,2026-03-14T01:58:44.010523+00:00,23,22,0.5914545454545455,0.5666666666666667,0.5316666666666666,33.22727272727273,33.5,9.20575587459305,9.412554112554112,1.0,3.077116944054252,3.073710639199982,38.45548936690192,21.066759403958283,0.0,0.0,-1.4428232973175175e-12,194.05720696270907,4.468864041957776,0.39263530158343835,0.7903317460864187,,,,,,,,,,,,
/home/cmantill/.cache/kagglehub/datasets/saberghaderi/-dfl-bundesliga-460-mp4-videos-in-30sec-csv/versions/1/DFL Bundesliga Data Shootout/train/D35bd9041_1/D35bd9041_1 (76).mp4,D35bd9041_1 (76).mp4,D35bd9041_1 (76),/home/cmantill/.cache/kagglehub/datasets/saberghaderi/-dfl-bundesliga-460-mp4-videos-in-30sec-csv/versions/1/DFL Bundesliga Data Shootout/train/D35bd9041_1/D35bd9041_1 (76).mp4,/home/cmantill/narrador-futbol/output/tracks_json/tracker/D35bd9041_1_76_tracks.json,/home/cmantill/narrador-futbol/output/tracks_json/tracker/D35bd9041_1_76_summary.json,2026-03-14T02:00:03.267362+00:00,25,22,0.4148484848484848,0.4726666666666667,0.33466666666666667,31.59090909090909,31.5,48.08164453570137,10.519642857142857,0.9545454545454546,2.6057385886161244,2.6522198662090117,35.54584854898484,20.02683638861729,0.0,0.0,-1.4428232973175175e-12,282.3736053647295,6.941449177604494,0.2991973013869248,0.7219208571352305,,,,,,,,,,,,
/home/cmantill/.cache/kagglehub/datasets/saberghaderi/-dfl-bundesliga-460-mp4-videos-in-30sec-csv/versions/1/DFL Bundesliga Data Shootout/train/D35bd9041_1/D35bd9041_1 (77).mp4,D35bd9041_1 (77).mp4,D35bd9041_1 (77),/home/cmantill/.cache/kagglehub/datasets/saberghaderi/-dfl-bundesliga-460-mp4-videos-in-30sec-csv/versions/1/DFL Bundesliga Data Shootout/train/D35bd9041_1/D35bd9041_1 (77).mp4,/home/cmantill/narrador-futbol/output/tracks_json/tracker/D35bd9041_1_77_tracks.json,/home/cmantill/narrador-futbol/output/tracks_json/tracker/D35bd9041_1_77_summary.json,2026-03-14T02:03:21.524789+00:00,23,22,0.6534545454545454,0.6806666666666666,0.5366666666666666,28.545454545454547,28.5,8.718095094030746,8.513333333333334,1.0,2.6163736415021517,2.6219559998414663,62.71805318762849,21.54882108857059,0.0,0.0,-1.4428232973175175e-12,225.72052718566803,3.7152636186335517,0.33257914340551437,0.7862521218834594,,,,,,,,,,,,
/home/cmantill/.cache/kagglehub/datasets/saberghaderi/-dfl-bundesliga-460-mp4-videos-in-30sec-csv/versions/1/DFL Bundesliga Data Shootout/train/D35bd9041_1/D35bd9041_1 (78).mp4,D35bd9041_1 (78).mp4,D35bd9041_1 (78),/home/cmantill/.cache/kagglehub/datasets/saberghaderi/-dfl-bundesliga-460-mp4-videos-in-30sec-csv/versions/1/DFL Bundesliga Data Shootout/train/D35bd9041_1/D35bd9041_1 (78).mp4,/home/cmantill/narrador-futbol/output/tracks_json/tracker/D35bd9041_1_78_tracks.json,/home/cmantill/narrador-futbol/output/tracks_json/tracker/D35bd9041_1_78_summary.json,2026-03-14T02:05:28.326014+00:00,24,22,0.4773939393939393,0.482,0.42833333333333334,58.72727272727273,62.5,5.7108540839350725,5.548717521652232,1.0,2.2478726167567125,2.184660824026898,77.55226695207865,28.98076084357973,0.0,0.0,-1.4428232973175175e-12,299.31660616106296,4.837508799092916,0.28986436346446315,0.7934358666679256,,,,,,,,,,,,
/home/cmantill/.cache/kagglehub/datasets/saberghaderi/-dfl-bundesliga-460-mp4-videos-in-30sec-csv/versions/1/DFL Bundesliga Data Shootout/train/D35bd9041_1/D35bd9041_1 (79).mp4,D35bd9041_1 (79).mp4,D35bd9041_1 (79),/home/cmantill/.cache/kagglehub/datasets/saberghaderi/-dfl-bundesliga-460-mp4-videos-in-30sec-csv/versions/1/DFL Bundesliga Data Shootout/train/D35bd9041_1/D35bd9041_1 (79).mp4,/home/cmantill/narrador-futbol/output/tracks_json/tracker/D35bd9041_1_79_tracks.json,/home/cmantill/narrador-futbol/output/tracks_json/tracker/D35bd9041_1_79_summary.json,2026-03-14T02:06:27.527929+00:00,24,22,0.47406060606060607,0.5073333333333333,0.358,22.863636363636363,24.5,13.104938846857335,9.995670995670995,0.8636363636363636,2.6813930022116756,2.656542516040914,61.934460802510856,16.45587999924454,0.0,0.0,-1.4428232973175175e-12,166.5913934861756,4.278410440608997,0.28676605196041305,0.7919271870672362,,,,,,,,,,,,
/home/cmantill/.cache/kagglehub/datasets/saberghaderi/-dfl-bundesliga-460-mp4-videos-in-30sec-csv/versions/1/DFL Bundesliga Data Shootout/train/D35bd9041_1/D35bd9041_1 (8).mp4,D35bd9041_1 (8).mp4,D35bd9041_1 (8),/home/cmantill/.cache/kagglehub/datasets/saberghaderi/-dfl-bundesliga-460-mp4-videos-in-30sec-csv/versions/1/DFL Bundesliga Data Shootout/train/D35bd9041_1/D35bd9041_1 (8).mp4,/home/cmantill/narrador-futbol/output/tracks_json/tracker/D35bd9041_1_8_tracks.json,/home/cmantill/narrador-futbol/output/tracks_json/tracker/D35bd9041_1_8_summary.json,2026-03-13T23:20:39.733474+00:00,23,22,0.43945454545454543,0.43266666666666664,0.345,53.68181818181818,59.5,11.243760586222884,6.5758258258258255,0.9090909090909091,1.4130846321441068,1.4004585425372136,27.50977699171793,11.111624860945987,0.0,0.0,-1.4428232973175175e-12,65.41982098580127,2.949200617105181,0.2180001348426691,0.7755772132566531,,,,,,,,,,,,
/home/cmantill/.cache/kagglehub/datasets/saberghaderi/-dfl-bundesliga-460-mp4-videos-in-30sec-csv/versions/1/DFL Bundesliga Data Shootout/train/D35bd9041_1/D35bd9041_1 (80).mp4,D35bd9041_1 (80).mp4,D35bd9041_1 (80),/home/cmantill/.cache/kagglehub/datasets/saberghaderi/-dfl-bundesliga-460-mp4-videos-in-30sec-csv/versions/1/DFL Bundesliga Data Shootout/train/D35bd9041_1/D35bd9041_1 (80).mp4,/home/cmantill/narrador-futbol/output/tracks_json/tracker/D35bd9041_1_80_tracks.json,/home/cmantill/narrador-futbol/output/tracks_json/tracker/D35bd9041_1_80_summary.json,2026-03-14T02:10:49.305341+00:00,23,22,0.6642424242424243,0.7113333333333334,0.5276666666666667,28.40909090909091,30.5,8.642022770420663,6.923202614379084,1.0,2.5748514329416485,2.6081299538641396,38.45299994702673,18.659770970669378,0.0,0.0,-1.4428232973175175e-12,150.00858078438293,3.7555796421877075,0.354360735943887,0.7594659446263748,,,,,,,,,,,,
/home/cmantill/.cache/kagglehub/datasets/saberghaderi/-dfl-bundesliga-460-mp4-videos-in-30sec-csv/versions/1/DFL Bundesliga Data Shootout/train/D35bd9041_1/D35bd9041_1 (81).mp4,D35bd9041_1 (81).mp4,D35bd9041_1 (81),/home/cmantill/.cache/kagglehub/datasets/saberghaderi/-dfl-bundesliga-460-mp4-videos-in-30sec-csv/versions/1/DFL Bundesliga Data Shootout/train/D35bd9041_1/D35bd9041_1 (81).mp4,/home/cmantill/narrador-futbol/output/tracks_json/tracker/D35bd9041_1_81_tracks.json,/home/cmantill/narrador-futbol/output/tracks_json/tracker/D35bd9041_1_81_summary.json,2026-03-14T02:12:07.205674+00:00,23,22,0.6344242424242424,0.6926666666666667,0.502,19.818181818181817,19.0,11.982480163876955,9.891826923076923,0.9545454545454546,2.4317375895841473,2.383214867638493,29.915294137677368,15.375653527357496,0.0,0.0,-1.4428232973175175e-12,147.85340669217047,3.4957297644506315,0.34581364896828337,0.7675536623173329,,,,,,,,,,,,
/home/cmantill/.cache/kagglehub/datasets/saberghaderi/-dfl-bundesliga-460-mp4-videos-in-30sec-csv/versions/1/DFL Bundesliga Data Shootout/train/D35bd9041_1/D35bd9041_1 (82).mp4,D35bd9041_1 (82).mp4,D35bd9041_1 (82),/home/cmantill/.cache/kagglehub/datasets/saberghaderi/-dfl-bundesliga-460-mp4-videos-in-30sec-csv/versions/1/DFL Bundesliga Data Shootout/train/D35bd9041_1/D35bd9041_1 (82).mp4,/home/cmantill/narrador-futbol/output/tracks_json/tracker/D35bd9041_1_82_tracks.json,/home/cmantill/narrador-futbol/output/tracks_json/tracker/D35bd9041_1_82_summary.json,2026-03-14T02:13:24.379977+00:00,24,22,0.8078787878787879,0.89,0.7286666666666667,13.772727272727273,13.5,9.738951007880301,6.214285714285714,1.0,1.9794420666262484,1.972898933159157,49.94938268493079,18.333055596331512,0.0,0.0,-1.4428232973175175e-12,153.40304314607306,2.9766399460573023,0.2508525295130654,0.8137374650746941,,,,,,,,,,,,
/home/cmantill/.cache/kagglehub/datasets/saberghaderi/-dfl-bundesliga-460-mp4-videos-in-30sec-csv/versions/1/DFL Bundesliga Data Shootout/train/D35bd9041_1/D35bd9041_1 (83).mp4,D35bd9041_1 (83).mp4,D35bd9041_1 (83),/home/cmantill/.cache/kagglehub/datasets/saberghaderi/-dfl-bundesliga-460-mp4-videos-in-30sec-csv/versions/1/DFL Bundesliga Data Shootout/train/D35bd9041_1/D35bd9041_1 (83).mp4,/home/cmantill/narrador-futbol/output/tracks_json/tracker/D35bd9041_1_83_tracks.json,/home/cmantill/narrador-futbol/output/tracks_json/tracker/D35bd9041_1_83_summary.json,2026-03-14T02:18:00.821880+00:00,23,22,0.450060606060606,0.4673333333333334,0.3413333333333333,25.59090909090909,26.0,11.638520816493655,11.304112554112553,0.9090909090909091,1.945542868951652,1.8749126973528987,63.231324503828475,15.983380778244763,0.0,0.0,-1.4428232973175175e-12,209.3904774113277,3.8192089380229466,0.27690253980772933,0.7849803329190574,,,,,,,,,,,,
/home/cmantill/.cache/kagglehub/datasets/saberghaderi/-dfl-bundesliga-460-mp4-videos-in-30sec-csv/versions/1/DFL Bundesliga Data Shootout/train/D35bd9041_1/D35bd9041_1 (84).mp4,D35bd9041_1 (84).mp4,D35bd9041_1 (84),/home/cmantill/.cache/kagglehub/datasets/saberghaderi/-dfl-bundesliga-460-mp4-videos-in-30sec-csv/versions/1/DFL Bundesliga Data Shootout/train/D35bd9041_1/D35bd9041_1 (84).mp4,/home/cmantill/narrador-futbol/output/tracks_json/tracker/D35bd9041_1_84_tracks.json,/home/cmantill/narrador-futbol/output/tracks_json/tracker/D35bd9041_1_84_summary.json,2026-03-14T02:19:35.745187+00:00,24,22,0.4061212121212121,0.46066666666666667,0.358,39.81818181818182,46.0,6.705260587143534,6.542262969588551,0.8636363636363636,3.456339455059316,3.0712968673234147,62.79785758415848,23.73442157511805,0.0,0.0,-1.4428232973175175e-12,343.2328916499251,7.382782592139722,0.37038678103144573,0.7179026159316693,,,,,,,,,,,,
/home/cmantill/.cache/kagglehub/datasets/saberghaderi/-dfl-bundesliga-460-mp4-videos-in-30sec-csv/versions/1/DFL Bundesliga Data Shootout/train/D35bd9041_1/D35bd9041_1 (85).mp4,D35bd9041_1 (85).mp4,D35bd9041_1 (85),/home/cmantill/.cache/kagglehub/datasets/saberghaderi/-dfl-bundesliga-460-mp4-videos-in-30sec-csv/versions/1/DFL Bundesliga Data Shootout/train/D35bd9041_1/D35bd9041_1 (85).mp4,/home/cmantill/narrador-futbol/output/tracks_json/tracker/D35bd9041_1_85_tracks.json,/home/cmantill/narrador-futbol/output/tracks_json/tracker/D35bd9041_1_85_summary.json,2026-03-14T02:20:20.604532+00:00,22,22,0.5081212121212122,0.522,0.46,51.86363636363637,52.0,7.255765536043171,7.305555555555555,1.0,2.675420472452813,2.7030300410192956,227.35563738706304,34.795384349053904,0.0,0.0,-1.4428232973175175e-12,309.1952508832995,5.299476352415045,0.2921481035609845,0.7923870557746236,,,,,,,,,,,,
/home/cmantill/.cache/kagglehub/datasets/saberghaderi/-dfl-bundesliga-460-mp4-videos-in-30sec-csv/versions/1/DFL Bundesliga Data Shootout/train/D35bd9041_1/D35bd9041_1 (86).mp4,D35bd9041_1 (86).mp4,D35bd9041_1 (86),/home/cmantill/.cache/kagglehub/datasets/saberghaderi/-dfl-bundesliga-460-mp4-videos-in-30sec-csv/versions/1/DFL Bundesliga Data Shootout/train/D35bd9041_1/D35bd9041_1 (86).mp4,/home/cmantill/narrador-futbol/output/tracks_json/tracker/D35bd9041_1_86_tracks.json,/home/cmantill/narrador-futbol/output/tracks_json/tracker/D35bd9041_1_86_summary.json,2026-03-14T02:25:33.238737+00:00,24,22,0.5441818181818182,0.5946666666666667,0.494,39.13636363636363,43.0,6.264456562774814,5.495909090909091,0.9090909090909091,3.4492719269406913,3.2812701359169876,57.13551599409313,25.006707189621647,0.0,0.0,-1.4428232973175175e-12,182.20150266029322,5.363423886767101,0.352536413872465,0.7602784690307461,,,,,,,,,,,,
/home/cmantill/.cache/kagglehub/datasets/saberghaderi/-dfl-bundesliga-460-mp4-videos-in-30sec-csv/versions/1/DFL Bundesliga Data Shootout/train/D35bd9041_1/D35bd9041_1 (87).mp4,D35bd9041_1 (87).mp4,D35bd9041_1 (87),/home/cmantill/.cache/kagglehub/datasets/saberghaderi/-dfl-bundesliga-460-mp4-videos-in-30sec-csv/versions/1/DFL Bundesliga Data Shootout/train/D35bd9041_1/D35bd9041_1 (87).mp4,/home/cmantill/narrador-futbol/output/tracks_json/tracker/D35bd9041_1_87_tracks.json,/home/cmantill/narrador-futbol/output/tracks_json/tracker/D35bd9041_1_87_summary.json,2026-03-14T02:26:40.018687+00:00,22,22,0.4500000000000001,0.45866666666666667,0.357,24.863636363636363,23.5,11.085162049122921,8.588709677419356,0.9090909090909091,2.9127133619094465,2.9618950627971383,42.62470004429425,20.41258999714975,0.0,0.0,-1.4428232973175175e-12,448.9247043155437,7.937762085242605,0.36810583655009776,0.7428147524904724,,,,,,,,,,,,
/home/cmantill/.cache/kagglehub/datasets/saberghaderi/-dfl-bundesliga-460-mp4-videos-in-30sec-csv/versions/1/DFL Bundesliga Data Shootout/train/D35bd9041_1/D35bd9041_1 (88).mp4,D35bd9041_1 (88).mp4,D35bd9041_1 (88),/home/cmantill/.cache/kagglehub/datasets/saberghaderi/-dfl-bundesliga-460-mp4-videos-in-30sec-csv/versions/1/DFL Bundesliga Data Shootout/train/D35bd9041_1/D35bd9041_1 (88).mp4,/home/cmantill/narrador-futbol/output/tracks_json/tracker/D35bd9041_1_88_tracks.json,/home/cmantill/narrador-futbol/output/tracks_json/tracker/D35bd9041_1_88_summary.json,2026-03-14T02:26:58.450118+00:00,24,22,0.47933333333333333,0.4946666666666667,0.433,33.09090909090909,33.0,11.971480809644492,10.986742424242424,1.0,3.078583547827129,3.046203652226777,36.352209772087846,19.0800018723292,0.0,0.0,-1.4428232973175175e-12,171.73915561369972,3.37235313348463,0.4460384286399272,0.7563004085094924,,,,,,,,,,,,
/home/cmantill/.cache/kagglehub/datasets/saberghaderi/-dfl-bundesliga-460-mp4-videos-in-30sec-csv/versions/1/DFL Bundesliga Data Shootout/train/D35bd9041_1/D35bd9041_1 (89).mp4,D35bd9041_1 (89).mp4,D35bd9041_1 (89),/home/cmantill/.cache/kagglehub/datasets/saberghaderi/-dfl-bundesliga-460-mp4-videos-in-30sec-csv/versions/1/DFL Bundesliga Data Shootout/train/D35bd9041_1/D35bd9041_1 (89).mp4,/home/cmantill/narrador-futbol/output/tracks_json/tracker/D35bd9041_1_89_tracks.json,/home/cmantill/narrador-futbol/output/tracks_json/tracker/D35bd9041_1_89_summary.json,2026-03-14T02:32:41.532262+00:00,24,22,0.41,0.49266666666666664,0.4206666666666667,47.45454545454545,54.5,5.202319694135694,5.855917008196721,0.8181818181818182,3.09692730030969,2.637046271130993,40.05145739375559,19.473990146187017,0.0,0.0,-1.4428232973175175e-12,219.74086407623255,5.173171239980692,0.3665365465420008,0.7697907301722928,,,,,,,,,,,,
/home/cmantill/.cache/kagglehub/datasets/saberghaderi/-dfl-bundesliga-460-mp4-videos-in-30sec-csv/versions/1/DFL Bundesliga Data Shootout/train/D35bd9041_1/D35bd9041_1 (9).mp4,D35bd9041_1 (9).mp4,D35bd9041_1 (9),/home/cmantill/.cache/kagglehub/datasets/saberghaderi/-dfl-bundesliga-460-mp4-videos-in-30sec-csv/versions/1/DFL Bundesliga Data Shootout/train/D35bd9041_1/D35bd9041_1 (9).mp4,/home/cmantill/narrador-futbol/output/tracks_json/tracker/D35bd9041_1_9_tracks.json,/home/cmantill/narrador-futbol/output/tracks_json/tracker/D35bd9041_1_9_summary.json,2026-03-13T23:20:43.726874+00:00,23,22,0.383030303030303,0.3393333333333334,0.252,56.59090909090909,58.0,6.285664878324412,6.5486972704714645,0.9090909090909091,1.5848547372034134,1.4169153486400758,39.383780901512004,15.430931366169318,0.0,0.0,-1.4428232973175175e-12,99.33324867262148,3.366349377339711,0.23271401376218498,0.7737000078326107,,,,,,,,,,,,
/home/cmantill/.cache/kagglehub/datasets/saberghaderi/-dfl-bundesliga-460-mp4-videos-in-30sec-csv/versions/1/DFL Bundesliga Data Shootout/train/D35bd9041_1/D35bd9041_1 (90).mp4,D35bd9041_1 (90).mp4,D35bd9041_1 (90),/home/cmantill/.cache/kagglehub/datasets/saberghaderi/-dfl-bundesliga-460-mp4-videos-in-30sec-csv/versions/1/DFL Bundesliga Data Shootout/train/D35bd9041_1/D35bd9041_1 (90).mp4,/home/cmantill/narrador-futbol/output/tracks_json/tracker/D35bd9041_1_90_tracks.json,/home/cmantill/narrador-futbol/output/tracks_json/tracker/D35bd9041_1_90_summary.json,2026-03-14T02:34:32.695015+00:00,23,22,0.4665454545454546,0.5940000000000001,0.15766666666666668,24.40909090909091,29.0,8.1433070085556,6.359397417503587,0.7727272727272727,3.1389768232660065,2.567896215250008,56.643233016907544,15.677157560685123,0.0,0.0,-1.4428232973175175e-12,173.7209741293108,3.5199833443222825,0.293795815682671,0.766675462829658,,,,,,,,,,,,
/home/cmantill/.cache/kagglehub/datasets/saberghaderi/-dfl-bundesliga-460-mp4-videos-in-30sec-csv/versions/1/DFL Bundesliga Data Shootout/train/D35bd9041_1/D35bd9041_1 (91).mp4,D35bd9041_1 (91).mp4,D35bd9041_1 (91),/home/cmantill/.cache/kagglehub/datasets/saberghaderi/-dfl-bundesliga-460-mp4-videos-in-30sec-csv/versions/1/DFL Bundesliga Data Shootout/train/D35bd9041_1/D35bd9041_1 (91).mp4,/home/cmantill/narrador-futbol/output/tracks_json/tracker/D35bd9041_1_91_tracks.json,/home/cmantill/narrador-futbol/output/tracks_json/tracker/D35bd9041_1_91_summary.json,2026-03-14T02:34:02.528907+00:00,25,22,0.4797575757575757,0.5720000000000001,0.3963333333333333,29.181818181818183,34.5,24.92862817082154,6.5875,0.8636363636363636,2.073533178447138,1.791626493020936,34.77097164129289,13.63885469004693,0.0,0.0,-1.4428232973175175e-12,209.1281598046772,4.678143002836334,0.3011710954732033,0.7989125839591147,,,,,,,,,,,,
/home/cmantill/.cache/kagglehub/datasets/saberghaderi/-dfl-bundesliga-460-mp4-videos-in-30sec-csv/versions/1/DFL Bundesliga Data Shootout/train/D35bd9041_1/D35bd9041_1 (92).mp4,D35bd9041_1 (92).mp4,D35bd9041_1 (92),/home/cmantill/.cache/kagglehub/datasets/saberghaderi/-dfl-bundesliga-460-mp4-videos-in-30sec-csv/versions/1/DFL Bundesliga Data Shootout/train/D35bd9041_1/D35bd9041_1 (92).mp4,/home/cmantill/narrador-futbol/output/tracks_json/tracker/D35bd9041_1_92_tracks.json,/home/cmantill/narrador-futbol/output/tracks_json/tracker/D35bd9041_1_92_summary.json,2026-03-14T02:39:41.261277+00:00,24,22,0.46545454545454545,0.43933333333333335,0.35,32.13636363636363,30.0,11.457899577592606,10.076766304347826,0.9545454545454546,3.521118100622709,3.465413049089497,72.49388407418165,23.678224923120297,0.0,0.0,-1.4428232973175175e-12,228.2249441382186,5.465965677012881,0.2946995884982205,0.7804444585575283,,,,,,,,,,,,
/home/cmantill/.cache/kagglehub/datasets/saberghaderi/-dfl-bundesliga-460-mp4-videos-in-30sec-csv/versions/1/DFL Bundesliga Data Shootout/train/D35bd9041_1/D35bd9041_1 (93).mp4,D35bd9041_1 (93).mp4,D35bd9041_1 (93),/home/cmantill/.cache/kagglehub/datasets/saberghaderi/-dfl-bundesliga-460-mp4-videos-in-30sec-csv/versions/1/DFL Bundesliga Data Shootout/train/D35bd9041_1/D35bd9041_1 (93).mp4,/home/cmantill/narrador-futbol/output/tracks_json/tracker/D35bd9041_1_93_tracks.json,/home/cmantill/narrador-futbol/output/tracks_json/tracker/D35bd9041_1_93_summary.json,2026-03-14T02:42:18.309277+00:00,23,22,0.44709090909090904,0.36733333333333335,0.315,29.454545454545453,29.5,17.087807970982507,10.884920634920634,1.0,2.932425279713246,2.95648244889466,55.400779648922374,20.59827587638295,0.0,0.0,-1.4428232973175175e-12,224.2766197113054,6.724714212695674,0.39656143501045454,0.7471133258923423,,,,,,,,,,,,
/home/cmantill/.cache/kagglehub/datasets/saberghaderi/-dfl-bundesliga-460-mp4-videos-in-30sec-csv/versions/1/DFL Bundesliga Data Shootout/train/E3c993bd2_0/E3c993bd2_0 (1).mp4,E3c993bd2_0 (1).mp4,E3c993bd2_0 (1),/home/cmantill/.cache/kagglehub/datasets/saberghaderi/-dfl-bundesliga-460-mp4-videos-in-30sec-csv/versions/1/DFL Bundesliga Data Shootout/train/E3c993bd2_0/E3c993bd2_0 (1).mp4,/home/cmantill/narrador-futbol/output/tracks_json/tracker/E3c993bd2_0_1_tracks.json,/home/cmantill/narrador-futbol/output/tracks_json/tracker/E3c993bd2_0_1_summary.json,2026-03-14T02:38:57.480666+00:00,25,22,0.1506666666666667,0.14466666666666667,0.004,15.318181818181818,15.5,9.631417638425647,9.275974025974026,0.8181818181818182,0.780948062857917,0.6806748699790054,14.776851660102716,4.5099417586624115,0.0,0.0,-1.4428232973175175e-12,173.9774000655328,5.05662202162929,0.15946819809028656,0.5070742533542304,,,,,,,,,,,,
/home/cmantill/.cache/kagglehub/datasets/saberghaderi/-dfl-bundesliga-460-mp4-videos-in-30sec-csv/versions/1/DFL Bundesliga Data Shootout/train/E3c993bd2_0/E3c993bd2_0 (10).mp4,E3c993bd2_0 (10).mp4,E3c993bd2_0 (10),/home/cmantill/.cache/kagglehub/datasets/saberghaderi/-dfl-bundesliga-460-mp4-videos-in-30sec-csv/versions/1/DFL Bundesliga Data Shootout/train/E3c993bd2_0/E3c993bd2_0 (10).mp4,/home/cmantill/narrador-futbol/output/tracks_json/tracker/E3c993bd2_0_10_tracks.json,/home/cmantill/narrador-futbol/output/tracks_json/tracker/E3c993bd2_0_10_summary.json,2026-03-14T02:59:11.754759+00:00,25,22,0.5887878787878786,0.5640000000000001,0.475,25.0,24.0,11.662339211836622,10.168965517241379,0.9545454545454546,2.7299210638756133,2.5830747286620674,37.506549689647514,18.625814992479544,0.0,0.0,-1.4428232973175175e-12,96.15868963004617,3.4320027526365915,0.29165202566234294,0.7548657879090119,,,,,,,,,,,,
/home/cmantill/.cache/kagglehub/datasets/saberghaderi/-dfl-bundesliga-460-mp4-videos-in-30sec-csv/versions/1/DFL Bundesliga Data Shootout/train/E3c993bd2_0/E3c993bd2_0 (11).mp4,E3c993bd2_0 (11).mp4,E3c993bd2_0 (11),/home/cmantill/.cache/kagglehub/datasets/saberghaderi/-dfl-bundesliga-460-mp4-videos-in-30sec-csv/versions/1/DFL Bundesliga Data Shootout/train/E3c993bd2_0/E3c993bd2_0 (11).mp4,/home/cmantill/narrador-futbol/output/tracks_json/tracker/E3c993bd2_0_11_tracks.json,/home/cmantill/narrador-futbol/output/tracks_json/tracker/E3c993bd2_0_11_summary.json,2026-03-14T02:59:36.381017+00:00,25,22,0.7202424242424242,0.7333333333333334,0.6746666666666666,20.181818181818183,17.0,12.89675723001082,6.933333333333334,1.0,2.4211041882402005,2.3230762951213104,32.23754649120575,17.024093766677186,0.0,0.0,-1.4428232973175175e-12,85.68888967126928,3.630831732108293,0.28350135675770183,0.758735904092055,,,,,,,,,,,,
/home/cmantill/.cache/kagglehub/datasets/saberghaderi/-dfl-bundesliga-460-mp4-videos-in-30sec-csv/versions/1/DFL Bundesliga Data Shootout/train/E3c993bd2_0/E3c993bd2_0 (12).mp4,E3c993bd2_0 (12).mp4,E3c993bd2_0 (12),/home/cmantill/.cache/kagglehub/datasets/saberghaderi/-dfl-bundesliga-460-mp4-videos-in-30sec-csv/versions/1/DFL Bundesliga Data Shootout/train/E3c993bd2_0/E3c993bd2_0 (12).mp4,/home/cmantill/narrador-futbol/output/tracks_json/tracker/E3c993bd2_0_12_tracks.json,/home/cmantill/narrador-futbol/output/tracks_json/tracker/E3c993bd2_0_12_summary.json,2026-03-14T03:02:51.957559+00:00,25,22,0.4533333333333333,0.48,0.33533333333333337,42.27272727272727,41.5,8.554260050472012,8.310138689622189,0.9545454545454546,2.302742573909586,2.614132711332274,78.41752093264455,21.449567727521462,0.0,0.0,-1.4428232973175175e-12,136.8571116307072,5.5844831428979615,0.3656579129513617,0.7540387720313061,,,,,,,,,,,,
/home/cmantill/.cache/kagglehub/datasets/saberghaderi/-dfl-bundesliga-460-mp4-videos-in-30sec-csv/versions/1/DFL Bundesliga Data Shootout/train/E3c993bd2_0/E3c993bd2_0 (13).mp4,E3c993bd2_0 (13).mp4,E3c993bd2_0 (13),/home/cmantill/.cache/kagglehub/datasets/saberghaderi/-dfl-bundesliga-460-mp4-videos-in-30sec-csv/versions/1/DFL Bundesliga Data Shootout/train/E3c993bd2_0/E3c993bd2_0 (13).mp4,/home/cmantill/narrador-futbol/output/tracks_json/tracker/E3c993bd2_0_13_tracks.json,/home/cmantill/narrador-futbol/output/tracks_json/tracker/E3c993bd2_0_13_summary.json,2026-03-14T03:05:36.220834+00:00,24,22,0.6252727272727273,0.6606666666666667,0.5690000000000001,25.40909090909091,24.5,7.893798706378317,7.270967741935484,0.9545454545454546,2.2810655238334516,2.1484615269902516,40.62447916803143,19.092141019217536,0.0,0.0,-1.4428232973175175e-12,155.01692321778512,3.9709891577305116,0.22737758361117402,0.7639028002896114,,,,,,,,,,,,
/home/cmantill/.cache/kagglehub/datasets/saberghaderi/-dfl-bundesliga-460-mp4-videos-in-30sec-csv/versions/1/DFL Bundesliga Data Shootout/train/E3c993bd2_0/E3c993bd2_0 (14).mp4,E3c993bd2_0 (14).mp4,E3c993bd2_0 (14),/home/cmantill/.cache/kagglehub/datasets/saberghaderi/-dfl-bundesliga-460-mp4-videos-in-30sec-csv/versions/1/DFL Bundesliga Data Shootout/train/E3c993bd2_0/E3c993bd2_0 (14).mp4,/home/cmantill/narrador-futbol/output/tracks_json/tracker/E3c993bd2_0_14_tracks.json,/home/cmantill/narrador-futbol/output/tracks_json/tracker/E3c993bd2_0_14_summary.json,2026-03-14T03:06:59.021244+00:00,23,22,0.4960606060606061,0.5993333333333333,0.116,19.454545454545453,22.5,6.495771804749077,5.714285714285714,0.7727272727272727,1.8941531282054436,1.507485952421701,38.499423726188716,15.175841215546365,0.0,0.0,-1.4428232973175175e-12,94.35042128319724,4.213017706889541,0.22699521807624692,0.7352254849173486,,,,,,,,,,,,
/home/cmantill/.cache/kagglehub/datasets/saberghaderi/-dfl-bundesliga-460-mp4-videos-in-30sec-csv/versions/1/DFL Bundesliga Data Shootout/train/E3c993bd2_0/E3c993bd2_0 (15).mp4,E3c993bd2_0 (15).mp4,E3c993bd2_0 (15),/home/cmantill/.cache/kagglehub/datasets/saberghaderi/-dfl-bundesliga-460-mp4-videos-in-30sec-csv/versions/1/DFL Bundesliga Data Shootout/train/E3c993bd2_0/E3c993bd2_0 (15).mp4,/home/cmantill/narrador-futbol/output/tracks_json/tracker/E3c993bd2_0_15_tracks.json,/home/cmantill/narrador-futbol/output/tracks_json/tracker/E3c993bd2_0_15_summary.json,2026-03-14T03:09:43.130914+00:00,25,21,0.6147301587301586,0.6373333333333333,0.568,26.238095238095237,27.0,6.880417007490063,7.228571428571429,0.9047619047619048,2.2974337118603287,2.7276477735377718,43.02499928574171,18.37834832676945,0.0,0.0,-1.4428232973175173e-12,101.10318314432914,3.7194179600753494,0.2871685476825046,0.7631874840080877,,,,,,,,,,,,
/home/cmantill/.cache/kagglehub/datasets/saberghaderi/-dfl-bundesliga-460-mp4-videos-in-30sec-csv/versions/1/DFL Bundesliga Data Shootout/train/E3c993bd2_0/E3c993bd2_0 (16).mp4,E3c993bd2_0 (16).mp4,E3c993bd2_0 (16),/home/cmantill/.cache/kagglehub/datasets/saberghaderi/-dfl-bundesliga-460-mp4-videos-in-30sec-csv/versions/1/DFL Bundesliga Data Shootout/train/E3c993bd2_0/E3c993bd2_0 (16).mp4,/home/cmantill/narrador-futbol/output/tracks_json/tracker/E3c993bd2_0_16_tracks.json,/home/cmantill/narrador-futbol/output/tracks_json/tracker/E3c993bd2_0_16_summary.json,2026-03-14T03:12:38.412878+00:00,24,22,0.6318787878787878,0.6973333333333334,0.4996666666666667,23.181818181818183,21.5,10.864274112917917,8.430147058823529,0.9545454545454546,2.27726861162446,2.521523273018114,69.18041775998253,17.90955639895171,0.0,0.0,-1.4428232973175175e-12,55.859835602569426,3.157581555722692,0.23446330371555257,0.730930774721644,,,,,,,,,,,,
/home/cmantill/.cache/kagglehub/datasets/saberghaderi/-dfl-bundesliga-460-mp4-videos-in-30sec-csv/versions/1/DFL Bundesliga Data Shootout/train/E3c993bd2_0/E3c993bd2_0 (17).mp4,E3c993bd2_0 (17).mp4,E3c993bd2_0 (17),/home/cmantill/.cache/kagglehub/datasets/saberghaderi/-dfl-bundesliga-460-mp4-videos-in-30sec-csv/versions/1/DFL Bundesliga Data Shootout/train/E3c993bd2_0/E3c993bd2_0 (17).mp4,/home/cmantill/narrador-futbol/output/tracks_json/tracker/E3c993bd2_0_17_tracks.json,/home/cmantill/narrador-futbol/output/tracks_json/tracker/E3c993bd2_0_17_summary.json,2026-03-14T03:15:15.729842+00:00,24,22,0.5116969696969697,0.5513333333333333,0.43633333333333335,27.90909090909091,31.0,10.362765206450753,8.94830659536542,0.9090909090909091,2.184015749158634,1.9698221501842552,77.84863097027927,23.366118759699376,0.0,0.0,-1.4428232973175175e-12,62.8872056717742,2.989329892252,0.2827733366880162,0.7261657542704569,,,,,,,,,,,,
/home/cmantill/.cache/kagglehub/datasets/saberghaderi/-dfl-bundesliga-460-mp4-videos-in-30sec-csv/versions/1/DFL Bundesliga Data Shootout/train/E3c993bd2_0/E3c993bd2_0 (18).mp4,E3c993bd2_0 (18).mp4,E3c993bd2_0 (18),/home/cmantill/.cache/kagglehub/datasets/saberghaderi/-dfl-bundesliga-460-mp4-videos-in-30sec-csv/versions/1/DFL Bundesliga Data Shootout/train/E3c993bd2_0/E3c993bd2_0 (18).mp4,/home/cmantill/narrador-futbol/output/tracks_json/tracker/E3c993bd2_0_18_tracks.json,/home/cmantill/narrador-futbol/output/tracks_json/tracker/E3c993bd2_0_18_summary.json,2026-03-14T03:16:13.674458+00:00,23,22,0.5313333333333333,0.552,0.476,43.5,46.0,7.06744291281506,5.785639412997904,0.9545454545454546,2.0288479610797054,1.9684685549275003,35.35302978010243,14.275825760481315,0.0,0.0,-1.4428232973175175e-12,82.59140124250854,3.732517518871767,0.31416329318331937,0.7643026679131576,,,,,,,,,,,,
/home/cmantill/.cache/kagglehub/datasets/saberghaderi/-dfl-bundesliga-460-mp4-videos-in-30sec-csv/versions/1/DFL Bundesliga Data Shootout/train/E3c993bd2_0/E3c993bd2_0 (19).mp4,E3c993bd2_0 (19).mp4,E3c993bd2_0 (19),/home/cmantill/.cache/kagglehub/datasets/saberghaderi/-dfl-bundesliga-460-mp4-videos-in-30sec-csv/versions/1/DFL Bundesliga Data Shootout/train/E3c993bd2_0/E3c993bd2_0 (19).mp4,/home/cmantill/narrador-futbol/output/tracks_json/tracker/E3c993bd2_0_19_tracks.json,/home/cmantill/narrador-futbol/output/tracks_json/tracker/E3c993bd2_0_19_summary.json,2026-03-14T03:19:32.106238+00:00,25,22,0.684060606060606,0.7666666666666667,0.6596666666666666,18.045454545454547,18.0,8.644014934489139,8.413194444444445,0.9090909090909091,2.8214300144218747,2.8886415771154534,45.095290837924246,19.581575918772504,0.0,0.0,-1.4428232973175175e-12,86.1836106153771,3.1016917983948575,0.2714288131299474,0.7772762575102746,,,,,,,,,,,,
/home/cmantill/.cache/kagglehub/datasets/saberghaderi/-dfl-bundesliga-460-mp4-videos-in-30sec-csv/versions/1/DFL Bundesliga Data Shootout/train/E3c993bd2_0/E3c993bd2_0 (2).mp4,E3c993bd2_0 (2).mp4,E3c993bd2_0 (2),/home/cmantill/.cache/kagglehub/datasets/saberghaderi/-dfl-bundesliga-460-mp4-videos-in-30sec-csv/versions/1/DFL Bundesliga Data Shootout/train/E3c993bd2_0/E3c993bd2_0 (2).mp4,/home/cmantill/narrador-futbol/output/tracks_json/tracker/E3c993bd2_0_2_tracks.json,/home/cmantill/narrador-futbol/output/tracks_json/tracker/E3c993bd2_0_2_summary.json,2026-03-14T02:43:49.304406+00:00,22,22,0.001333333333333333,0.0013333333333333333,0.0013333333333333333,0.0,0.0,0.0,0.0,0.0,0.0,0.0,0.0,0.0,0.0,0.0,-1.4428232973175175e-12,0.0,0.0,0.0,0.4841117642142556,,,,,,,,,,,,
/home/cmantill/.cache/kagglehub/datasets/saberghaderi/-dfl-bundesliga-460-mp4-videos-in-30sec-csv/versions/1/DFL Bundesliga Data Shootout/train/E3c993bd2_0/E3c993bd2_0 (20).mp4,E3c993bd2_0 (20).mp4,E3c993bd2_0 (20),/home/cmantill/.cache/kagglehub/datasets/saberghaderi/-dfl-bundesliga-460-mp4-videos-in-30sec-csv/versions/1/DFL Bundesliga Data Shootout/train/E3c993bd2_0/E3c993bd2_0 (20).mp4,/home/cmantill/narrador-futbol/output/tracks_json/tracker/E3c993bd2_0_20_tracks.json,/home/cmantill/narrador-futbol/output/tracks_json/tracker/E3c993bd2_0_20_summary.json,2026-03-14T03:21:54.695602+00:00,23,22,0.6152121212121213,0.6100000000000001,0.532,20.954545454545453,21.0,15.985841022599017,10.418181818181818,1.0,2.948205950099022,2.9141474683558513,34.50179918376582,15.912611020676689,0.0,0.0,-1.4428232973175175e-12,77.30210986343103,2.957447239196783,0.277942486408492,0.7879374559212399,,,,,,,,,,,,
/home/cmantill/.cache/kagglehub/datasets/saberghaderi/-dfl-bundesliga-460-mp4-videos-in-30sec-csv/versions/1/DFL Bundesliga Data Shootout/train/E3c993bd2_0/E3c993bd2_0 (21).mp4,E3c993bd2_0 (21).mp4,E3c993bd2_0 (21),/home/cmantill/.cache/kagglehub/datasets/saberghaderi/-dfl-bundesliga-460-mp4-videos-in-30sec-csv/versions/1/DFL Bundesliga Data Shootout/train/E3c993bd2_0/E3c993bd2_0 (21).mp4,/home/cmantill/narrador-futbol/output/tracks_json/tracker/E3c993bd2_0_21_tracks.json,/home/cmantill/narrador-futbol/output/tracks_json/tracker/E3c993bd2_0_21_summary.json,2026-03-14T03:22:39.335494+00:00,24,22,0.6912727272727273,0.702,0.634,21.545454545454547,22.5,10.992656311905323,10.25889328063241,1.0,2.807433360818592,2.8009475506871384,30.527966079909387,14.471221595920047,0.0,0.0,-1.4428232973175175e-12,101.62248433547876,3.6036099055785864,0.28324028247229577,0.7820743910936488,,,,,,,,,,,,
/home/cmantill/.cache/kagglehub/datasets/saberghaderi/-dfl-bundesliga-460-mp4-videos-in-30sec-csv/versions/1/DFL Bundesliga Data Shootout/train/E3c993bd2_0/E3c993bd2_0 (22).mp4,E3c993bd2_0 (22).mp4,E3c993bd2_0 (22),/home/cmantill/.cache/kagglehub/datasets/saberghaderi/-dfl-bundesliga-460-mp4-videos-in-30sec-csv/versions/1/DFL Bundesliga Data Shootout/train/E3c993bd2_0/E3c993bd2_0 (22).mp4,/home/cmantill/narrador-futbol/output/tracks_json/tracker/E3c993bd2_0_22_tracks.json,/home/cmantill/narrador-futbol/output/tracks_json/tracker/E3c993bd2_0_22_summary.json,2026-03-14T03:26:58.204775+00:00,24,22,0.6853939393939394,0.6913333333333334,0.5666666666666667,22.272727272727273,20.0,8.705629890216299,7.183333333333334,0.9545454545454546,2.3286487876903097,2.2263412266989153,22.107284258268297,13.515781672883229,0.0,0.0,-1.4428232973175175e-12,81.88366289342903,3.3740360248676,0.24738554456359657,0.7321041450811094,,,,,,,,,,,,
/home/cmantill/.cache/kagglehub/datasets/saberghaderi/-dfl-bundesliga-460-mp4-videos-in-30sec-csv/versions/1/DFL Bundesliga Data Shootout/train/E3c993bd2_0/E3c993bd2_0 (23).mp4,E3c993bd2_0 (23).mp4,E3c993bd2_0 (23),/home/cmantill/.cache/kagglehub/datasets/saberghaderi/-dfl-bundesliga-460-mp4-videos-in-30sec-csv/versions/1/DFL Bundesliga Data Shootout/train/E3c993bd2_0/E3c993bd2_0 (23).mp4,/home/cmantill/narrador-futbol/output/tracks_json/tracker/E3c993bd2_0_23_tracks.json,/home/cmantill/narrador-futbol/output/tracks_json/tracker/E3c993bd2_0_23_summary.json,2026-03-14T03:28:55.501631+00:00,25,22,0.5912727272727273,0.5973333333333333,0.4836666666666667,24.863636363636363,23.5,13.761635197336386,12.385416666666668,1.0,3.203950928869849,3.2156356531145374,33.535392285228944,18.132186631578893,0.0,0.0,-1.4428232973175175e-12,82.88340749188806,3.726475566187744,0.25084872631155664,0.7761617002587783,,,,,,,,,,,,
/home/cmantill/.cache/kagglehub/datasets/saberghaderi/-dfl-bundesliga-460-mp4-videos-in-30sec-csv/versions/1/DFL Bundesliga Data Shootout/train/E3c993bd2_0/E3c993bd2_0 (24).mp4,E3c993bd2_0 (24).mp4,E3c993bd2_0 (24),/home/cmantill/.cache/kagglehub/datasets/saberghaderi/-dfl-bundesliga-460-mp4-videos-in-30sec-csv/versions/1/DFL Bundesliga Data Shootout/train/E3c993bd2_0/E3c993bd2_0 (24).mp4,/home/cmantill/narrador-futbol/output/tracks_json/tracker/E3c993bd2_0_24_tracks.json,/home/cmantill/narrador-futbol/output/tracks_json/tracker/E3c993bd2_0_24_summary.json,2026-03-14T03:28:46.411507+00:00,25,22,0.7076363636363637,0.756,0.5386666666666666,17.181818181818183,17.0,8.919815878401092,8.61231884057971,0.9545454545454546,1.4032967393639277,1.3558913089370965,42.08610578054407,12.097351487657948,0.0,0.0,-1.4428232973175175e-12,56.69973427397294,2.4901779434076654,0.2306773843758132,0.7200526449850165,,,,,,,,,,,,
/home/cmantill/.cache/kagglehub/datasets/saberghaderi/-dfl-bundesliga-460-mp4-videos-in-30sec-csv/versions/1/DFL Bundesliga Data Shootout/train/E3c993bd2_0/E3c993bd2_0 (25).mp4,E3c993bd2_0 (25).mp4,E3c993bd2_0 (25),/home/cmantill/.cache/kagglehub/datasets/saberghaderi/-dfl-bundesliga-460-mp4-videos-in-30sec-csv/versions/1/DFL Bundesliga Data Shootout/train/E3c993bd2_0/E3c993bd2_0 (25).mp4,/home/cmantill/narrador-futbol/output/tracks_json/tracker/E3c993bd2_0_25_tracks.json,/home/cmantill/narrador-futbol/output/tracks_json/tracker/E3c993bd2_0_25_summary.json,2026-03-14T03:33:13.868281+00:00,23,22,0.6578787878787878,0.7213333333333334,0.46699999999999997,14.863636363636363,15.0,11.25249337338241,10.642857142857142,0.9545454545454546,2.4884563644034903,2.3801242618017047,39.19236560223092,15.855434952945426,0.0,0.0,-1.4428232973175175e-12,60.31771675127939,2.91380615479375,0.2576809452172949,0.75885364731047,,,,,,,,,,,,
/home/cmantill/.cache/kagglehub/datasets/saberghaderi/-dfl-bundesliga-460-mp4-videos-in-30sec-csv/versions/1/DFL Bundesliga Data Shootout/train/E3c993bd2_0/E3c993bd2_0 (26).mp4,E3c993bd2_0 (26).mp4,E3c993bd2_0 (26),/home/cmantill/.cache/kagglehub/datasets/saberghaderi/-dfl-bundesliga-460-mp4-videos-in-30sec-csv/versions/1/DFL Bundesliga Data Shootout/train/E3c993bd2_0/E3c993bd2_0 (26).mp4,/home/cmantill/narrador-futbol/output/tracks_json/tracker/E3c993bd2_0_26_tracks.json,/home/cmantill/narrador-futbol/output/tracks_json/tracker/E3c993bd2_0_26_summary.json,2026-03-14T03:36:01.120978+00:00,25,22,0.6601818181818182,0.6506666666666667,0.5386666666666666,17.863636363636363,13.5,13.215352230966547,8.66304347826087,0.9545454545454546,2.5383503384957113,2.4934946923439663,51.422065598674486,17.58531274081626,0.0,0.0,-1.4428232973175175e-12,89.27840779335203,3.5648889271953847,0.2528003615169166,0.7799478528229695,,,,,,,,,,,,
/home/cmantill/.cache/kagglehub/datasets/saberghaderi/-dfl-bundesliga-460-mp4-videos-in-30sec-csv/versions/1/DFL Bundesliga Data Shootout/train/E3c993bd2_0/E3c993bd2_0 (27).mp4,E3c993bd2_0 (27).mp4,E3c993bd2_0 (27),/home/cmantill/.cache/kagglehub/datasets/saberghaderi/-dfl-bundesliga-460-mp4-videos-in-30sec-csv/versions/1/DFL Bundesliga Data Shootout/train/E3c993bd2_0/E3c993bd2_0 (27).mp4,/home/cmantill/narrador-futbol/output/tracks_json/tracker/E3c993bd2_0_27_tracks.json,/home/cmantill/narrador-futbol/output/tracks_json/tracker/E3c993bd2_0_27_summary.json,2026-03-14T03:37:26.341876+00:00,24,22,0.6392727272727272,0.7166666666666667,0.526,26.363636363636363,23.0,8.127932976061695,7.482608695652174,0.9545454545454546,2.133082185299431,2.4541393723462424,50.015297890793825,17.514369758420234,0.0,0.0,-1.4428232973175175e-12,75.90428057543087,3.611248891039311,0.23492707825948533,0.747396119491713,,,,,,,,,,,,
/home/cmantill/.cache/kagglehub/datasets/saberghaderi/-dfl-bundesliga-460-mp4-videos-in-30sec-csv/versions/1/DFL Bundesliga Data Shootout/train/E3c993bd2_0/E3c993bd2_0 (28).mp4,E3c993bd2_0 (28).mp4,E3c993bd2_0 (28),/home/cmantill/.cache/kagglehub/datasets/saberghaderi/-dfl-bundesliga-460-mp4-videos-in-30sec-csv/versions/1/DFL Bundesliga Data Shootout/train/E3c993bd2_0/E3c993bd2_0 (28).mp4,/home/cmantill/narrador-futbol/output/tracks_json/tracker/E3c993bd2_0_28_tracks.json,/home/cmantill/narrador-futbol/output/tracks_json/tracker/E3c993bd2_0_28_summary.json,2026-03-14T03:39:52.602124+00:00,22,22,0.5276969696969697,0.6393333333333333,0.5690000000000001,29.0,33.5,5.0257722942954866,5.059523809523809,0.8636363636363636,2.2756547770615385,1.9915050447820624,47.79172399931598,14.749274877682002,0.0,0.0,-1.4428232973175175e-12,50.83064812197658,3.405133678082009,0.24202457283786996,0.7375659769204064,,,,,,,,,,,,
/home/cmantill/.cache/kagglehub/datasets/saberghaderi/-dfl-bundesliga-460-mp4-videos-in-30sec-csv/versions/1/DFL Bundesliga Data Shootout/train/E3c993bd2_0/E3c993bd2_0 (29).mp4,E3c993bd2_0 (29).mp4,E3c993bd2_0 (29),/home/cmantill/.cache/kagglehub/datasets/saberghaderi/-dfl-bundesliga-460-mp4-videos-in-30sec-csv/versions/1/DFL Bundesliga Data Shootout/train/E3c993bd2_0/E3c993bd2_0 (29).mp4,/home/cmantill/narrador-futbol/output/tracks_json/tracker/E3c993bd2_0_29_tracks.json,/home/cmantill/narrador-futbol/output/tracks_json/tracker/E3c993bd2_0_29_summary.json,2026-03-14T03:43:04.698758+00:00,25,22,0.6123636363636363,0.6226666666666667,0.5293333333333333,27.772727272727273,29.0,8.911270832857626,8.692251461988304,1.0,3.0521505546933008,3.235507379170532,26.556587752589575,16.76732121826437,0.0,0.0,-1.4428232973175175e-12,77.47866750066895,4.4789559472837635,0.2670474956100786,0.7378243274027386,,,,,,,,,,,,
/home/cmantill/.cache/kagglehub/datasets/saberghaderi/-dfl-bundesliga-460-mp4-videos-in-30sec-csv/versions/1/DFL Bundesliga Data Shootout/train/E3c993bd2_0/E3c993bd2_0 (3).mp4,E3c993bd2_0 (3).mp4,E3c993bd2_0 (3),/home/cmantill/.cache/kagglehub/datasets/saberghaderi/-dfl-bundesliga-460-mp4-videos-in-30sec-csv/versions/1/DFL Bundesliga Data Shootout/train/E3c993bd2_0/E3c993bd2_0 (3).mp4,/home/cmantill/narrador-futbol/output/tracks_json/tracker/E3c993bd2_0_3_tracks.json,/home/cmantill/narrador-futbol/output/tracks_json/tracker/E3c993bd2_0_3_summary.json,2026-03-14T02:45:00.235958+00:00,23,22,0.001333333333333333,0.0013333333333333333,0.0013333333333333333,0.0,0.0,0.0,0.0,0.0,0.0,0.0,0.0,0.0,0.0,0.0,-1.4428232973175175e-12,0.0,0.0,0.0,0.6029294417663054,,,,,,,,,,,,
/home/cmantill/.cache/kagglehub/datasets/saberghaderi/-dfl-bundesliga-460-mp4-videos-in-30sec-csv/versions/1/DFL Bundesliga Data Shootout/train/E3c993bd2_0/E3c993bd2_0 (30).mp4,E3c993bd2_0 (30).mp4,E3c993bd2_0 (30),/home/cmantill/.cache/kagglehub/datasets/saberghaderi/-dfl-bundesliga-460-mp4-videos-in-30sec-csv/versions/1/DFL Bundesliga Data Shootout/train/E3c993bd2_0/E3c993bd2_0 (30).mp4,/home/cmantill/narrador-futbol/output/tracks_json/tracker/E3c993bd2_0_30_tracks.json,/home/cmantill/narrador-futbol/output/tracks_json/tracker/E3c993bd2_0_30_summary.json,2026-03-14T03:44:41.242683+00:00,22,22,0.6424848484848485,0.652,0.5136666666666667,26.227272727272727,26.0,9.380201383886579,9.058333333333334,1.0,2.481026365164892,2.483598634688183,42.00143211848052,16.801709072883494,0.0,0.0,-1.4428232973175175e-12,88.74435675035214,3.6210629970091373,0.26583951408658457,0.7591682757732177,,,,,,,,,,,,
/home/cmantill/.cache/kagglehub/datasets/saberghaderi/-dfl-bundesliga-460-mp4-videos-in-30sec-csv/versions/1/DFL Bundesliga Data Shootout/train/E3c993bd2_0/E3c993bd2_0 (31).mp4,E3c993bd2_0 (31).mp4,E3c993bd2_0 (31),/home/cmantill/.cache/kagglehub/datasets/saberghaderi/-dfl-bundesliga-460-mp4-videos-in-30sec-csv/versions/1/DFL Bundesliga Data Shootout/train/E3c993bd2_0/E3c993bd2_0 (31).mp4,/home/cmantill/narrador-futbol/output/tracks_json/tracker/E3c993bd2_0_31_tracks.json,/home/cmantill/narrador-futbol/output/tracks_json/tracker/E3c993bd2_0_31_summary.json,2026-03-14T03:46:56.526162+00:00,25,22,0.47921212121212126,0.5233333333333333,0.42766666666666664,53.95454545454545,62.5,11.255518282317935,4.478571428571429,0.9545454545454546,2.0008801066339066,2.0049601286111307,55.437797405044314,17.97477644049099,0.0,0.0,-1.4428232973175175e-12,72.67231765777075,3.5401845039833546,0.301157562431606,0.760967520422259,,,,,,,,,,,,
/home/cmantill/.cache/kagglehub/datasets/saberghaderi/-dfl-bundesliga-460-mp4-videos-in-30sec-csv/versions/1/DFL Bundesliga Data Shootout/train/E3c993bd2_0/E3c993bd2_0 (32).mp4,E3c993bd2_0 (32).mp4,E3c993bd2_0 (32),/home/cmantill/.cache/kagglehub/datasets/saberghaderi/-dfl-bundesliga-460-mp4-videos-in-30sec-csv/versions/1/DFL Bundesliga Data Shootout/train/E3c993bd2_0/E3c993bd2_0 (32).mp4,/home/cmantill/narrador-futbol/output/tracks_json/tracker/E3c993bd2_0_32_tracks.json,/home/cmantill/narrador-futbol/output/tracks_json/tracker/E3c993bd2_0_32_summary.json,2026-03-14T03:49:43.098335+00:00,24,21,0.6273650793650793,0.652,0.5466666666666666,19.904761904761905,21.0,10.551316462538514,9.481481481481481,0.9523809523809523,2.725657472409099,2.673059324607945,26.31737738396257,13.488189480608323,0.0,0.0,-1.4428232973175173e-12,64.37758783545772,3.83722134719961,0.25144767782313837,0.770453530758388,,,,,,,,,,,,
/home/cmantill/.cache/kagglehub/datasets/saberghaderi/-dfl-bundesliga-460-mp4-videos-in-30sec-csv/versions/1/DFL Bundesliga Data Shootout/train/E3c993bd2_0/E3c993bd2_0 (33).mp4,E3c993bd2_0 (33).mp4,E3c993bd2_0 (33),/home/cmantill/.cache/kagglehub/datasets/saberghaderi/-dfl-bundesliga-460-mp4-videos-in-30sec-csv/versions/1/DFL Bundesliga Data Shootout/train/E3c993bd2_0/E3c993bd2_0 (33).mp4,/home/cmantill/narrador-futbol/output/tracks_json/tracker/E3c993bd2_0_33_tracks.json,/home/cmantill/narrador-futbol/output/tracks_json/tracker/E3c993bd2_0_33_summary.json,2026-03-14T03:51:06.532800+00:00,23,22,0.6373333333333332,0.6499999999999999,0.5663333333333334,28.59090909090909,28.5,10.154890239318801,8.266666666666666,1.0,2.810909959151905,2.8323667143931894,27.698743117466407,17.650935032534502,0.0,0.0,-1.4428232973175175e-12,73.29686849160947,3.876628768063837,0.3056146628910017,0.7422029683306005,,,,,,,,,,,,
/home/cmantill/.cache/kagglehub/datasets/saberghaderi/-dfl-bundesliga-460-mp4-videos-in-30sec-csv/versions/1/DFL Bundesliga Data Shootout/train/E3c993bd2_0/E3c993bd2_0 (34).mp4,E3c993bd2_0 (34).mp4,E3c993bd2_0 (34),/home/cmantill/.cache/kagglehub/datasets/saberghaderi/-dfl-bundesliga-460-mp4-videos-in-30sec-csv/versions/1/DFL Bundesliga Data Shootout/train/E3c993bd2_0/E3c993bd2_0 (34).mp4,/home/cmantill/narrador-futbol/output/tracks_json/tracker/E3c993bd2_0_34_tracks.json,/home/cmantill/narrador-futbol/output/tracks_json/tracker/E3c993bd2_0_34_summary.json,2026-03-14T03:54:12.686154+00:00,24,22,0.5919393939393939,0.6233333333333333,0.5223333333333333,28.318181818181817,27.5,9.033518026640941,8.486559139784946,0.9545454545454546,2.0274359451274337,2.0484827231082776,47.03404062355822,22.835576797295086,0.0,0.0,-1.4428232973175175e-12,83.97536294513925,3.9138605960191253,0.2436293763766651,0.7393478565433764,,,,,,,,,,,,
/home/cmantill/.cache/kagglehub/datasets/saberghaderi/-dfl-bundesliga-460-mp4-videos-in-30sec-csv/versions/1/DFL Bundesliga Data Shootout/train/E3c993bd2_0/E3c993bd2_0 (35).mp4,E3c993bd2_0 (35).mp4,E3c993bd2_0 (35),/home/cmantill/.cache/kagglehub/datasets/saberghaderi/-dfl-bundesliga-460-mp4-videos-in-30sec-csv/versions/1/DFL Bundesliga Data Shootout/train/E3c993bd2_0/E3c993bd2_0 (35).mp4,/home/cmantill/narrador-futbol/output/tracks_json/tracker/E3c993bd2_0_35_tracks.json,/home/cmantill/narrador-futbol/output/tracks_json/tracker/E3c993bd2_0_35_summary.json,2026-03-14T03:56:40.878274+00:00,23,22,0.5095757575757577,0.47933333333333333,0.3813333333333333,35.90909090909091,40.0,11.477111905240847,8.637237762237762,1.0,2.176669418015176,2.199086886050222,60.6157618165826,22.21718505434301,0.0,0.0,-1.4428232973175175e-12,109.98137143810955,3.9401769196927985,0.283165315675086,0.6983305615872422,,,,,,,,,,,,
/home/cmantill/.cache/kagglehub/datasets/saberghaderi/-dfl-bundesliga-460-mp4-videos-in-30sec-csv/versions/1/DFL Bundesliga Data Shootout/train/E3c993bd2_0/E3c993bd2_0 (36).mp4,E3c993bd2_0 (36).mp4,E3c993bd2_0 (36),/home/cmantill/.cache/kagglehub/datasets/saberghaderi/-dfl-bundesliga-460-mp4-videos-in-30sec-csv/versions/1/DFL Bundesliga Data Shootout/train/E3c993bd2_0/E3c993bd2_0 (36).mp4,/home/cmantill/narrador-futbol/output/tracks_json/tracker/E3c993bd2_0_36_tracks.json,/home/cmantill/narrador-futbol/output/tracks_json/tracker/E3c993bd2_0_36_summary.json,2026-03-14T03:58:25.694096+00:00,25,22,0.6771515151515151,0.6913333333333334,0.5783333333333334,18.954545454545453,20.0,10.793988242964883,9.052173913043479,0.9545454545454546,1.9868197658273568,1.9311304887343794,61.05631145551779,16.504374232709086,0.0,0.0,-1.4428232973175175e-12,77.10296210352824,2.611186714610787,0.25434188343526953,0.8023279886073069,,,,,,,,,,,,
/home/cmantill/.cache/kagglehub/datasets/saberghaderi/-dfl-bundesliga-460-mp4-videos-in-30sec-csv/versions/1/DFL Bundesliga Data Shootout/train/E3c993bd2_0/E3c993bd2_0 (37).mp4,E3c993bd2_0 (37).mp4,E3c993bd2_0 (37),/home/cmantill/.cache/kagglehub/datasets/saberghaderi/-dfl-bundesliga-460-mp4-videos-in-30sec-csv/versions/1/DFL Bundesliga Data Shootout/train/E3c993bd2_0/E3c993bd2_0 (37).mp4,/home/cmantill/narrador-futbol/output/tracks_json/tracker/E3c993bd2_0_37_tracks.json,/home/cmantill/narrador-futbol/output/tracks_json/tracker/E3c993bd2_0_37_summary.json,2026-03-14T04:00:30.513327+00:00,25,22,0.5783636363636363,0.618,0.5006666666666666,32.13636363636363,32.0,8.884544760564044,9.115127919911012,0.9545454545454546,2.3140925091736686,2.352349301124676,57.77074228361649,20.45373363187251,0.0,0.0,-1.4428232973175175e-12,73.94370496771533,3.5811249658117585,0.2988367798440074,0.7490606001165669,,,,,,,,,,,,
/home/cmantill/.cache/kagglehub/datasets/saberghaderi/-dfl-bundesliga-460-mp4-videos-in-30sec-csv/versions/1/DFL Bundesliga Data Shootout/train/E3c993bd2_0/E3c993bd2_0 (38).mp4,E3c993bd2_0 (38).mp4,E3c993bd2_0 (38),/home/cmantill/.cache/kagglehub/datasets/saberghaderi/-dfl-bundesliga-460-mp4-videos-in-30sec-csv/versions/1/DFL Bundesliga Data Shootout/train/E3c993bd2_0/E3c993bd2_0 (38).mp4,/home/cmantill/narrador-futbol/output/tracks_json/tracker/E3c993bd2_0_38_tracks.json,/home/cmantill/narrador-futbol/output/tracks_json/tracker/E3c993bd2_0_38_summary.json,2026-03-14T04:02:55.872566+00:00,23,22,0.719030303030303,0.768,0.5786666666666667,17.954545454545453,16.0,11.229386017866178,10.831932773109244,1.0,2.1881591639866578,2.203565875688553,24.143131354925288,14.003361279059446,0.0,0.0,-1.4428232973175175e-12,93.90445087503166,3.288499986962457,0.25757974479939977,0.7782012317207443,,,,,,,,,,,,
/home/cmantill/.cache/kagglehub/datasets/saberghaderi/-dfl-bundesliga-460-mp4-videos-in-30sec-csv/versions/1/DFL Bundesliga Data Shootout/train/E3c993bd2_0/E3c993bd2_0 (39).mp4,E3c993bd2_0 (39).mp4,E3c993bd2_0 (39),/home/cmantill/.cache/kagglehub/datasets/saberghaderi/-dfl-bundesliga-460-mp4-videos-in-30sec-csv/versions/1/DFL Bundesliga Data Shootout/train/E3c993bd2_0/E3c993bd2_0 (39).mp4,/home/cmantill/narrador-futbol/output/tracks_json/tracker/E3c993bd2_0_39_tracks.json,/home/cmantill/narrador-futbol/output/tracks_json/tracker/E3c993bd2_0_39_summary.json,2026-03-14T04:05:38.125940+00:00,23,22,0.6150303030303029,0.706,0.5696666666666667,16.636363636363637,17.5,13.580218413954354,6.4035947712418295,0.8636363636363636,2.948853052150994,2.5568172499381467,41.63474367862944,16.23612369139931,0.0,0.0,-1.4428232973175175e-12,86.27970742259026,3.069978185917129,0.2637057940091944,0.7552768888204217,,,,,,,,,,,,
/home/cmantill/.cache/kagglehub/datasets/saberghaderi/-dfl-bundesliga-460-mp4-videos-in-30sec-csv/versions/1/DFL Bundesliga Data Shootout/train/E3c993bd2_0/E3c993bd2_0 (4).mp4,E3c993bd2_0 (4).mp4,E3c993bd2_0 (4),/home/cmantill/.cache/kagglehub/datasets/saberghaderi/-dfl-bundesliga-460-mp4-videos-in-30sec-csv/versions/1/DFL Bundesliga Data Shootout/train/E3c993bd2_0/E3c993bd2_0 (4).mp4,/home/cmantill/narrador-futbol/output/tracks_json/tracker/E3c993bd2_0_4_tracks.json,/home/cmantill/narrador-futbol/output/tracks_json/tracker/E3c993bd2_0_4_summary.json,2026-03-14T02:47:32.920759+00:00,23,22,0.001333333333333333,0.0013333333333333333,0.0013333333333333333,0.0,0.0,0.0,0.0,0.0,0.0,0.0,0.0,0.0,0.0,0.0,-1.4428232973175175e-12,0.0,0.0,0.0,0.5741792863065546,,,,,,,,,,,,
/home/cmantill/.cache/kagglehub/datasets/saberghaderi/-dfl-bundesliga-460-mp4-videos-in-30sec-csv/versions/1/DFL Bundesliga Data Shootout/train/E3c993bd2_0/E3c993bd2_0 (40).mp4,E3c993bd2_0 (40).mp4,E3c993bd2_0 (40),/home/cmantill/.cache/kagglehub/datasets/saberghaderi/-dfl-bundesliga-460-mp4-videos-in-30sec-csv/versions/1/DFL Bundesliga Data Shootout/train/E3c993bd2_0/E3c993bd2_0 (40).mp4,/home/cmantill/narrador-futbol/output/tracks_json/tracker/E3c993bd2_0_40_tracks.json,/home/cmantill/narrador-futbol/output/tracks_json/tracker/E3c993bd2_0_40_summary.json,2026-03-14T04:07:19.942039+00:00,25,22,0.7066666666666667,0.6966666666666667,0.5756666666666667,18.818181818181817,16.5,12.163377094310306,9.896191646191646,1.0,2.531152540684548,2.5286896656669096,38.02931431738872,15.876446187083012,0.0,0.0,-1.4428232973175175e-12,62.31101139302711,3.081729491281431,0.2439322275976804,0.7798944221789406,,,,,,,,,,,,
/home/cmantill/.cache/kagglehub/datasets/saberghaderi/-dfl-bundesliga-460-mp4-videos-in-30sec-csv/versions/1/DFL Bundesliga Data Shootout/train/E3c993bd2_0/E3c993bd2_0 (41).mp4,E3c993bd2_0 (41).mp4,E3c993bd2_0 (41),/home/cmantill/.cache/kagglehub/datasets/saberghaderi/-dfl-bundesliga-460-mp4-videos-in-30sec-csv/versions/1/DFL Bundesliga Data Shootout/train/E3c993bd2_0/E3c993bd2_0 (41).mp4,/home/cmantill/narrador-futbol/output/tracks_json/tracker/E3c993bd2_0_41_tracks.json,/home/cmantill/narrador-futbol/output/tracks_json/tracker/E3c993bd2_0_41_summary.json,2026-03-14T04:09:51.158119+00:00,24,22,0.7708484848484847,0.7953333333333333,0.665,17.454545454545453,18.0,9.672485304075112,8.401515151515152,1.0,2.300000852604565,2.3016629193882943,38.91530169632647,16.46426918439508,0.0,0.0,-1.4428232973175175e-12,61.58341780543012,2.8300315425784723,0.23916692200764383,0.7910186812822132,,,,,,,,,,,,
/home/cmantill/.cache/kagglehub/datasets/saberghaderi/-dfl-bundesliga-460-mp4-videos-in-30sec-csv/versions/1/DFL Bundesliga Data Shootout/train/E3c993bd2_0/E3c993bd2_0 (42).mp4,E3c993bd2_0 (42).mp4,E3c993bd2_0 (42),/home/cmantill/.cache/kagglehub/datasets/saberghaderi/-dfl-bundesliga-460-mp4-videos-in-30sec-csv/versions/1/DFL Bundesliga Data Shootout/train/E3c993bd2_0/E3c993bd2_0 (42).mp4,/home/cmantill/narrador-futbol/output/tracks_json/tracker/E3c993bd2_0_42_tracks.json,/home/cmantill/narrador-futbol/output/tracks_json/tracker/E3c993bd2_0_42_summary.json,2026-03-14T04:12:43.442660+00:00,25,22,0.7395151515151516,0.806,0.6956666666666667,14.863636363636363,12.5,10.918687697204444,7.357142857142858,0.9545454545454546,1.842417383105261,1.9984729418693128,55.53681598966166,14.437404305780069,0.0,0.0,-1.4428232973175175e-12,45.08073106762874,2.602760309855565,0.20985228528390606,0.763317079803209,,,,,,,,,,,,
/home/cmantill/.cache/kagglehub/datasets/saberghaderi/-dfl-bundesliga-460-mp4-videos-in-30sec-csv/versions/1/DFL Bundesliga Data Shootout/train/E3c993bd2_0/E3c993bd2_0 (43).mp4,E3c993bd2_0 (43).mp4,E3c993bd2_0 (43),/home/cmantill/.cache/kagglehub/datasets/saberghaderi/-dfl-bundesliga-460-mp4-videos-in-30sec-csv/versions/1/DFL Bundesliga Data Shootout/train/E3c993bd2_0/E3c993bd2_0 (43).mp4,/home/cmantill/narrador-futbol/output/tracks_json/tracker/E3c993bd2_0_43_tracks.json,/home/cmantill/narrador-futbol/output/tracks_json/tracker/E3c993bd2_0_43_summary.json,2026-03-14T04:14:17.729711+00:00,24,22,0.5295151515151516,0.5353333333333333,0.4623333333333334,39.36363636363637,40.5,9.371885069562161,8.965945512820513,1.0,1.6826466540584624,1.6752452178874135,37.741667612098226,14.710932870212769,0.0,0.0,-1.4428232973175175e-12,64.82781847052898,3.2518218622825823,0.33427910668209854,0.7594321572959187,,,,,,,,,,,,
/home/cmantill/.cache/kagglehub/datasets/saberghaderi/-dfl-bundesliga-460-mp4-videos-in-30sec-csv/versions/1/DFL Bundesliga Data Shootout/train/E3c993bd2_0/E3c993bd2_0 (44).mp4,E3c993bd2_0 (44).mp4,E3c993bd2_0 (44),/home/cmantill/.cache/kagglehub/datasets/saberghaderi/-dfl-bundesliga-460-mp4-videos-in-30sec-csv/versions/1/DFL Bundesliga Data Shootout/train/E3c993bd2_0/E3c993bd2_0 (44).mp4,/home/cmantill/narrador-futbol/output/tracks_json/tracker/E3c993bd2_0_44_tracks.json,/home/cmantill/narrador-futbol/output/tracks_json/tracker/E3c993bd2_0_44_summary.json,2026-03-14T04:17:32.857775+00:00,25,21,0.50615873015873,0.5853333333333334,0.556,35.76190476190476,39.0,5.203049517350514,5.423076923076923,0.8571428571428571,2.4127512408102523,2.2463601068852643,26.97077756916054,12.586766479623204,0.0,0.0,-1.4428232973175173e-12,69.43723748051087,5.289778020432207,0.21491947871716155,0.7515305146600482,,,,,,,,,,,,
/home/cmantill/.cache/kagglehub/datasets/saberghaderi/-dfl-bundesliga-460-mp4-videos-in-30sec-csv/versions/1/DFL Bundesliga Data Shootout/train/E3c993bd2_0/E3c993bd2_0 (45).mp4,E3c993bd2_0 (45).mp4,E3c993bd2_0 (45),/home/cmantill/.cache/kagglehub/datasets/saberghaderi/-dfl-bundesliga-460-mp4-videos-in-30sec-csv/versions/1/DFL Bundesliga Data Shootout/train/E3c993bd2_0/E3c993bd2_0 (45).mp4,/home/cmantill/narrador-futbol/output/tracks_json/tracker/E3c993bd2_0_45_tracks.json,/home/cmantill/narrador-futbol/output/tracks_json/tracker/E3c993bd2_0_45_summary.json,2026-03-14T04:19:03.366730+00:00,23,22,0.2911515151515151,0.3446666666666667,0.25733333333333336,36.36363636363637,40.5,9.791928563195505,9.018461538461539,0.8636363636363636,3.0144737749389408,3.0076918262176617,56.93609661142067,20.05742931696404,0.0,0.0,-1.4428232973175175e-12,87.71477135535223,4.669698236108395,0.33064648282141496,0.7979865051899261,,,,,,,,,,,,
/home/cmantill/.cache/kagglehub/datasets/saberghaderi/-dfl-bundesliga-460-mp4-videos-in-30sec-csv/versions/1/DFL Bundesliga Data Shootout/train/E3c993bd2_0/E3c993bd2_0 (46).mp4,E3c993bd2_0 (46).mp4,E3c993bd2_0 (46),/home/cmantill/.cache/kagglehub/datasets/saberghaderi/-dfl-bundesliga-460-mp4-videos-in-30sec-csv/versions/1/DFL Bundesliga Data Shootout/train/E3c993bd2_0/E3c993bd2_0 (46).mp4,/home/cmantill/narrador-futbol/output/tracks_json/tracker/E3c993bd2_0_46_tracks.json,/home/cmantill/narrador-futbol/output/tracks_json/tracker/E3c993bd2_0_46_summary.json,2026-03-14T04:21:30.924132+00:00,25,22,0.5613939393939392,0.554,0.46366666666666667,22.40909090909091,22.0,19.352983484840756,9.995726495726496,1.0,3.4817966472957043,3.3994313946546915,48.9746661821323,26.61780728300339,0.0,0.0,-1.4428232973175175e-12,172.4080920846194,4.843744078786728,0.2708376731388689,0.7455933324631385,,,,,,,,,,,,
/home/cmantill/.cache/kagglehub/datasets/saberghaderi/-dfl-bundesliga-460-mp4-videos-in-30sec-csv/versions/1/DFL Bundesliga Data Shootout/train/E3c993bd2_0/E3c993bd2_0 (47).mp4,E3c993bd2_0 (47).mp4,E3c993bd2_0 (47),/home/cmantill/.cache/kagglehub/datasets/saberghaderi/-dfl-bundesliga-460-mp4-videos-in-30sec-csv/versions/1/DFL Bundesliga Data Shootout/train/E3c993bd2_0/E3c993bd2_0 (47).mp4,/home/cmantill/narrador-futbol/output/tracks_json/tracker/E3c993bd2_0_47_tracks.json,/home/cmantill/narrador-futbol/output/tracks_json/tracker/E3c993bd2_0_47_summary.json,2026-03-14T04:24:11.182013+00:00,23,22,0.6735757575757576,0.7193333333333334,0.53,27.227272727272727,28.0,7.385155464752307,4.86848635235732,0.9545454545454546,2.3199269048143623,2.2035633556187717,23.813950782627497,13.975252767173094,0.0,0.0,-1.4428232973175175e-12,73.22150742589228,2.9432033345040067,0.29568010485347596,0.7765639477514067,,,,,,,,,,,,
/home/cmantill/.cache/kagglehub/datasets/saberghaderi/-dfl-bundesliga-460-mp4-videos-in-30sec-csv/versions/1/DFL Bundesliga Data Shootout/train/E3c993bd2_0/E3c993bd2_0 (48).mp4,E3c993bd2_0 (48).mp4,E3c993bd2_0 (48),/home/cmantill/.cache/kagglehub/datasets/saberghaderi/-dfl-bundesliga-460-mp4-videos-in-30sec-csv/versions/1/DFL Bundesliga Data Shootout/train/E3c993bd2_0/E3c993bd2_0 (48).mp4,/home/cmantill/narrador-futbol/output/tracks_json/tracker/E3c993bd2_0_48_tracks.json,/home/cmantill/narrador-futbol/output/tracks_json/tracker/E3c993bd2_0_48_summary.json,2026-03-14T04:25:40.607649+00:00,25,22,0.5634545454545455,0.5913333333333334,0.5,23.59090909090909,22.0,12.008167366016671,9.930147058823529,0.9545454545454546,2.6504686625508596,2.5753862096856093,47.84169880033169,15.716646561633015,0.0,0.0,-1.4428232973175175e-12,75.031311689791,3.1459171371817063,0.2460135275352652,0.7656080960967611,,,,,,,,,,,,
/home/cmantill/.cache/kagglehub/datasets/saberghaderi/-dfl-bundesliga-460-mp4-videos-in-30sec-csv/versions/1/DFL Bundesliga Data Shootout/train/E3c993bd2_0/E3c993bd2_0 (49).mp4,E3c993bd2_0 (49).mp4,E3c993bd2_0 (49),/home/cmantill/.cache/kagglehub/datasets/saberghaderi/-dfl-bundesliga-460-mp4-videos-in-30sec-csv/versions/1/DFL Bundesliga Data Shootout/train/E3c993bd2_0/E3c993bd2_0 (49).mp4,/home/cmantill/narrador-futbol/output/tracks_json/tracker/E3c993bd2_0_49_tracks.json,/home/cmantill/narrador-futbol/output/tracks_json/tracker/E3c993bd2_0_49_summary.json,2026-03-14T04:29:21.165855+00:00,25,22,0.5996363636363636,0.642,0.5043333333333333,22.136363636363637,21.5,11.978461448501555,9.261111111111111,0.9090909090909091,1.7023708523795467,1.5568981152071606,45.67622639295529,13.306235498565838,0.0,0.0,-1.4428232973175175e-12,62.00608840073035,2.817129418994629,0.2130640107250002,0.7523116572017947,,,,,,,,,,,,
/home/cmantill/.cache/kagglehub/datasets/saberghaderi/-dfl-bundesliga-460-mp4-videos-in-30sec-csv/versions/1/DFL Bundesliga Data Shootout/train/E3c993bd2_0/E3c993bd2_0 (5).mp4,E3c993bd2_0 (5).mp4,E3c993bd2_0 (5),/home/cmantill/.cache/kagglehub/datasets/saberghaderi/-dfl-bundesliga-460-mp4-videos-in-30sec-csv/versions/1/DFL Bundesliga Data Shootout/train/E3c993bd2_0/E3c993bd2_0 (5).mp4,/home/cmantill/narrador-futbol/output/tracks_json/tracker/E3c993bd2_0_5_tracks.json,/home/cmantill/narrador-futbol/output/tracks_json/tracker/E3c993bd2_0_5_summary.json,2026-03-14T02:48:27.982713+00:00,22,22,0.001333333333333333,0.0013333333333333333,0.0013333333333333333,0.0,0.0,0.0,0.0,0.0,0.0,0.0,0.0,0.0,0.0,0.0,-1.4428232973175175e-12,0.0,0.0,0.0,0.5418943681500175,,,,,,,,,,,,
/home/cmantill/.cache/kagglehub/datasets/saberghaderi/-dfl-bundesliga-460-mp4-videos-in-30sec-csv/versions/1/DFL Bundesliga Data Shootout/train/E3c993bd2_0/E3c993bd2_0 (50).mp4,E3c993bd2_0 (50).mp4,E3c993bd2_0 (50),/home/cmantill/.cache/kagglehub/datasets/saberghaderi/-dfl-bundesliga-460-mp4-videos-in-30sec-csv/versions/1/DFL Bundesliga Data Shootout/train/E3c993bd2_0/E3c993bd2_0 (50).mp4,/home/cmantill/narrador-futbol/output/tracks_json/tracker/E3c993bd2_0_50_tracks.json,/home/cmantill/narrador-futbol/output/tracks_json/tracker/E3c993bd2_0_50_summary.json,2026-03-14T04:30:12.691302+00:00,22,22,0.6599393939393938,0.6793333333333333,0.5453333333333333,26.0,19.0,5.747167896250523,5.734119782214156,0.9090909090909091,2.0157696863092998,2.2275920663400366,37.945028419456676,13.793487808399636,0.0,0.0,-1.4428232973175175e-12,86.22658255753282,4.020429019876616,0.2515949638585993,0.6971388289815763,,,,,,,,,,,,
/home/cmantill/.cache/kagglehub/datasets/saberghaderi/-dfl-bundesliga-460-mp4-videos-in-30sec-csv/versions/1/DFL Bundesliga Data Shootout/train/E3c993bd2_0/E3c993bd2_0 (51).mp4,E3c993bd2_0 (51).mp4,E3c993bd2_0 (51),/home/cmantill/.cache/kagglehub/datasets/saberghaderi/-dfl-bundesliga-460-mp4-videos-in-30sec-csv/versions/1/DFL Bundesliga Data Shootout/train/E3c993bd2_0/E3c993bd2_0 (51).mp4,/home/cmantill/narrador-futbol/output/tracks_json/tracker/E3c993bd2_0_51_tracks.json,/home/cmantill/narrador-futbol/output/tracks_json/tracker/E3c993bd2_0_51_summary.json,2026-03-14T04:31:41.927481+00:00,25,22,0.7703636363636363,0.8173333333333334,0.6396666666666666,16.045454545454547,15.0,11.82108879508582,9.875,1.0,2.459876893632343,2.4567283055309477,47.13943295213135,19.08529451286636,0.0,0.0,-1.4428232973175175e-12,54.47475053569845,2.925123422583979,0.23518560352596313,0.783296492871019,,,,,,,,,,,,
/home/cmantill/.cache/kagglehub/datasets/saberghaderi/-dfl-bundesliga-460-mp4-videos-in-30sec-csv/versions/1/DFL Bundesliga Data Shootout/train/E3c993bd2_0/E3c993bd2_0 (52).mp4,E3c993bd2_0 (52).mp4,E3c993bd2_0 (52),/home/cmantill/.cache/kagglehub/datasets/saberghaderi/-dfl-bundesliga-460-mp4-videos-in-30sec-csv/versions/1/DFL Bundesliga Data Shootout/train/E3c993bd2_0/E3c993bd2_0 (52).mp4,/home/cmantill/narrador-futbol/output/tracks_json/tracker/E3c993bd2_0_52_tracks.json,/home/cmantill/narrador-futbol/output/tracks_json/tracker/E3c993bd2_0_52_summary.json,2026-03-14T04:35:26.568184+00:00,25,22,0.8068484848484849,0.8373333333333334,0.7013333333333334,15.0,11.0,9.6116058357591,6.336206896551724,0.9090909090909091,1.5693688199436036,1.5614176083003541,38.55409033683899,14.798126373851263,0.0,0.0,-1.4428232973175175e-12,40.208597860341314,2.297240459822102,0.22579708998492254,0.7733010037648037,,,,,,,,,,,,
/home/cmantill/.cache/kagglehub/datasets/saberghaderi/-dfl-bundesliga-460-mp4-videos-in-30sec-csv/versions/1/DFL Bundesliga Data Shootout/train/E3c993bd2_0/E3c993bd2_0 (53).mp4,E3c993bd2_0 (53).mp4,E3c993bd2_0 (53),/home/cmantill/.cache/kagglehub/datasets/saberghaderi/-dfl-bundesliga-460-mp4-videos-in-30sec-csv/versions/1/DFL Bundesliga Data Shootout/train/E3c993bd2_0/E3c993bd2_0 (53).mp4,/home/cmantill/narrador-futbol/output/tracks_json/tracker/E3c993bd2_0_53_tracks.json,/home/cmantill/narrador-futbol/output/tracks_json/tracker/E3c993bd2_0_53_summary.json,2026-03-14T04:36:28.356647+00:00,25,22,0.7123636363636363,0.7066666666666667,0.6316666666666667,15.727272727272727,12.5,15.180171644192193,12.86111111111111,1.0,2.325596409198552,2.324321095465942,25.998360060017042,15.298670601214058,0.0,0.0,-1.4428232973175175e-12,42.25659259680309,2.8938432427029848,0.2411320569794203,0.7848591362330878,,,,,,,,,,,,
/home/cmantill/.cache/kagglehub/datasets/saberghaderi/-dfl-bundesliga-460-mp4-videos-in-30sec-csv/versions/1/DFL Bundesliga Data Shootout/train/E3c993bd2_0/E3c993bd2_0 (54).mp4,E3c993bd2_0 (54).mp4,E3c993bd2_0 (54),/home/cmantill/.cache/kagglehub/datasets/saberghaderi/-dfl-bundesliga-460-mp4-videos-in-30sec-csv/versions/1/DFL Bundesliga Data Shootout/train/E3c993bd2_0/E3c993bd2_0 (54).mp4,/home/cmantill/narrador-futbol/output/tracks_json/tracker/E3c993bd2_0_54_tracks.json,/home/cmantill/narrador-futbol/output/tracks_json/tracker/E3c993bd2_0_54_summary.json,2026-03-14T04:38:23.302262+00:00,24,22,0.6936969696969698,0.7066666666666667,0.5336666666666667,20.0,19.0,12.148427008101963,11.316666666666666,1.0,2.543891494779031,2.527295878771148,27.97249916504022,14.063170063681259,0.0,0.0,-1.4428232973175175e-12,45.47211805785331,3.3567353281522103,0.2248491835801574,0.7750326909681964,,,,,,,,,,,,
/home/cmantill/.cache/kagglehub/datasets/saberghaderi/-dfl-bundesliga-460-mp4-videos-in-30sec-csv/versions/1/DFL Bundesliga Data Shootout/train/E3c993bd2_0/E3c993bd2_0 (55).mp4,E3c993bd2_0 (55).mp4,E3c993bd2_0 (55),/home/cmantill/.cache/kagglehub/datasets/saberghaderi/-dfl-bundesliga-460-mp4-videos-in-30sec-csv/versions/1/DFL Bundesliga Data Shootout/train/E3c993bd2_0/E3c993bd2_0 (55).mp4,/home/cmantill/narrador-futbol/output/tracks_json/tracker/E3c993bd2_0_55_tracks.json,/home/cmantill/narrador-futbol/output/tracks_json/tracker/E3c993bd2_0_55_summary.json,2026-03-14T04:43:01.508771+00:00,25,22,0.33303030303030307,0.362,0.0013333333333333333,15.545454545454545,18.5,7.891612482618954,5.4263157894736835,0.5909090909090909,1.8989918693692514,1.305062828110446,70.50806957948265,16.219359598560917,0.0,0.0,-1.4428232973175175e-12,52.27409873237823,2.4993191057943656,0.23259538185696044,0.7312427305033445,,,,,,,,,,,,
/home/cmantill/.cache/kagglehub/datasets/saberghaderi/-dfl-bundesliga-460-mp4-videos-in-30sec-csv/versions/1/DFL Bundesliga Data Shootout/train/E3c993bd2_0/E3c993bd2_0 (56).mp4,E3c993bd2_0 (56).mp4,E3c993bd2_0 (56),/home/cmantill/.cache/kagglehub/datasets/saberghaderi/-dfl-bundesliga-460-mp4-videos-in-30sec-csv/versions/1/DFL Bundesliga Data Shootout/train/E3c993bd2_0/E3c993bd2_0 (56).mp4,/home/cmantill/narrador-futbol/output/tracks_json/tracker/E3c993bd2_0_56_tracks.json,/home/cmantill/narrador-futbol/output/tracks_json/tracker/E3c993bd2_0_56_summary.json,2026-03-14T04:43:16.658494+00:00,25,22,0.642060606060606,0.6813333333333333,0.4603333333333333,12.772727272727273,11.0,19.530269267769267,13.107142857142858,0.9545454545454546,1.101350031354547,1.104717091579519,47.73805901457182,16.21697895954537,0.0,0.0,-1.4428232973175175e-12,72.39071518134988,2.3346455979456326,0.18276679236152849,0.6748765234311093,,,,,,,,,,,,
/home/cmantill/.cache/kagglehub/datasets/saberghaderi/-dfl-bundesliga-460-mp4-videos-in-30sec-csv/versions/1/DFL Bundesliga Data Shootout/train/E3c993bd2_0/E3c993bd2_0 (57).mp4,E3c993bd2_0 (57).mp4,E3c993bd2_0 (57),/home/cmantill/.cache/kagglehub/datasets/saberghaderi/-dfl-bundesliga-460-mp4-videos-in-30sec-csv/versions/1/DFL Bundesliga Data Shootout/train/E3c993bd2_0/E3c993bd2_0 (57).mp4,/home/cmantill/narrador-futbol/output/tracks_json/tracker/E3c993bd2_0_57_tracks.json,/home/cmantill/narrador-futbol/output/tracks_json/tracker/E3c993bd2_0_57_summary.json,2026-03-14T04:47:11.489823+00:00,24,22,0.5728484848484848,0.674,0.4966666666666667,27.0,26.5,7.337586803534799,6.709064327485381,0.9090909090909091,2.391887890661553,2.5681678270723034,28.8773559091347,15.900164642486546,0.0,0.0,-1.4428232973175175e-12,102.1601889402559,3.7185927689159475,0.33913846089528404,0.6811603657364308,,,,,,,,,,,,
/home/cmantill/.cache/kagglehub/datasets/saberghaderi/-dfl-bundesliga-460-mp4-videos-in-30sec-csv/versions/1/DFL Bundesliga Data Shootout/train/E3c993bd2_0/E3c993bd2_0 (58).mp4,E3c993bd2_0 (58).mp4,E3c993bd2_0 (58),/home/cmantill/.cache/kagglehub/datasets/saberghaderi/-dfl-bundesliga-460-mp4-videos-in-30sec-csv/versions/1/DFL Bundesliga Data Shootout/train/E3c993bd2_0/E3c993bd2_0 (58).mp4,/home/cmantill/narrador-futbol/output/tracks_json/tracker/E3c993bd2_0_58_tracks.json,/home/cmantill/narrador-futbol/output/tracks_json/tracker/E3c993bd2_0_58_summary.json,2026-03-14T04:48:43.777903+00:00,25,22,0.6138787878787878,0.68,0.492,20.318181818181817,21.0,9.381831303249019,7.6568627450980395,0.9545454545454546,1.855096715295065,1.8238030621061554,26.25834170121826,15.461880032253084,0.0,0.0,-1.4428232973175175e-12,78.18820773771814,2.8521566011175223,0.22913166180347574,0.7543812215812483,,,,,,,,,,,,
/home/cmantill/.cache/kagglehub/datasets/saberghaderi/-dfl-bundesliga-460-mp4-videos-in-30sec-csv/versions/1/DFL Bundesliga Data Shootout/train/E3c993bd2_0/E3c993bd2_0 (59).mp4,E3c993bd2_0 (59).mp4,E3c993bd2_0 (59),/home/cmantill/.cache/kagglehub/datasets/saberghaderi/-dfl-bundesliga-460-mp4-videos-in-30sec-csv/versions/1/DFL Bundesliga Data Shootout/train/E3c993bd2_0/E3c993bd2_0 (59).mp4,/home/cmantill/narrador-futbol/output/tracks_json/tracker/E3c993bd2_0_59_tracks.json,/home/cmantill/narrador-futbol/output/tracks_json/tracker/E3c993bd2_0_59_summary.json,2026-03-14T04:50:34.867138+00:00,25,22,0.6618181818181819,0.6526666666666667,0.5549999999999999,18.545454545454547,20.0,10.944980997475277,12.673489278752436,0.9545454545454546,2.900020254625063,2.865393852554259,52.11541160354213,19.171168698330526,0.0,0.0,-1.4428232973175175e-12,95.20529839875995,3.4548312631770113,0.26891813053634567,0.7749293309482019,,,,,,,,,,,,
/home/cmantill/.cache/kagglehub/datasets/saberghaderi/-dfl-bundesliga-460-mp4-videos-in-30sec-csv/versions/1/DFL Bundesliga Data Shootout/train/E3c993bd2_0/E3c993bd2_0 (6).mp4,E3c993bd2_0 (6).mp4,E3c993bd2_0 (6),/home/cmantill/.cache/kagglehub/datasets/saberghaderi/-dfl-bundesliga-460-mp4-videos-in-30sec-csv/versions/1/DFL Bundesliga Data Shootout/train/E3c993bd2_0/E3c993bd2_0 (6).mp4,/home/cmantill/narrador-futbol/output/tracks_json/tracker/E3c993bd2_0_6_tracks.json,/home/cmantill/narrador-futbol/output/tracks_json/tracker/E3c993bd2_0_6_summary.json,2026-03-14T02:49:38.445081+00:00,22,22,0.001333333333333333,0.0013333333333333333,0.0013333333333333333,0.0,0.0,0.0,0.0,0.0,0.0,0.0,0.0,0.0,0.0,0.0,-1.4428232973175175e-12,0.0,0.0,0.0,0.5461084273728457,,,,,,,,,,,,
/home/cmantill/.cache/kagglehub/datasets/saberghaderi/-dfl-bundesliga-460-mp4-videos-in-30sec-csv/versions/1/DFL Bundesliga Data Shootout/train/E3c993bd2_0/E3c993bd2_0 (60).mp4,E3c993bd2_0 (60).mp4,E3c993bd2_0 (60),/home/cmantill/.cache/kagglehub/datasets/saberghaderi/-dfl-bundesliga-460-mp4-videos-in-30sec-csv/versions/1/DFL Bundesliga Data Shootout/train/E3c993bd2_0/E3c993bd2_0 (60).mp4,/home/cmantill/narrador-futbol/output/tracks_json/tracker/E3c993bd2_0_60_tracks.json,/home/cmantill/narrador-futbol/output/tracks_json/tracker/E3c993bd2_0_60_summary.json,2026-03-14T04:53:16.487950+00:00,24,22,0.7536363636363635,0.812,0.6000000000000001,17.636363636363637,16.5,10.302230410933864,9.108333333333334,1.0,2.102790396390045,2.0906007986466193,52.933271353612994,17.70931905835245,0.0,0.0,-1.4428232973175175e-12,70.65677148677166,2.853347997026642,0.2405056254698815,0.7758536307579956,,,,,,,,,,,,
/home/cmantill/.cache/kagglehub/datasets/saberghaderi/-dfl-bundesliga-460-mp4-videos-in-30sec-csv/versions/1/DFL Bundesliga Data Shootout/train/E3c993bd2_0/E3c993bd2_0 (61).mp4,E3c993bd2_0 (61).mp4,E3c993bd2_0 (61),/home/cmantill/.cache/kagglehub/datasets/saberghaderi/-dfl-bundesliga-460-mp4-videos-in-30sec-csv/versions/1/DFL Bundesliga Data Shootout/train/E3c993bd2_0/E3c993bd2_0 (61).mp4,/home/cmantill/narrador-futbol/output/tracks_json/tracker/E3c993bd2_0_61_tracks.json,/home/cmantill/narrador-futbol/output/tracks_json/tracker/E3c993bd2_0_61_summary.json,2026-03-14T04:55:07.473245+00:00,25,22,0.6555151515151514,0.7213333333333334,0.456,21.227272727272727,21.0,9.604857235934535,7.334408602150537,0.9545454545454546,3.025723088371786,2.959852178144104,30.214349429757323,16.614474278765762,0.0,0.0,-1.4428232973175175e-12,87.40255146060494,3.8134019657735836,0.281300273663085,0.7700638376306155,,,,,,,,,,,,
/home/cmantill/.cache/kagglehub/datasets/saberghaderi/-dfl-bundesliga-460-mp4-videos-in-30sec-csv/versions/1/DFL Bundesliga Data Shootout/train/E3c993bd2_0/E3c993bd2_0 (62).mp4,E3c993bd2_0 (62).mp4,E3c993bd2_0 (62),/home/cmantill/.cache/kagglehub/datasets/saberghaderi/-dfl-bundesliga-460-mp4-videos-in-30sec-csv/versions/1/DFL Bundesliga Data Shootout/train/E3c993bd2_0/E3c993bd2_0 (62).mp4,/home/cmantill/narrador-futbol/output/tracks_json/tracker/E3c993bd2_0_62_tracks.json,/home/cmantill/narrador-futbol/output/tracks_json/tracker/E3c993bd2_0_62_summary.json,2026-03-14T04:56:54.119291+00:00,25,22,0.6079393939393939,0.6513333333333333,0.5106666666666666,17.818181818181817,15.0,21.185833849829063,10.866987179487179,0.9545454545454546,2.3503679900167516,2.2325038725545454,34.72580056797465,13.122751725382154,0.0,0.0,-1.4428232973175175e-12,81.96226935576223,3.291754662707962,0.2153478793573043,0.7683452143698897,,,,,,,,,,,,
/home/cmantill/.cache/kagglehub/datasets/saberghaderi/-dfl-bundesliga-460-mp4-videos-in-30sec-csv/versions/1/DFL Bundesliga Data Shootout/train/E3c993bd2_0/E3c993bd2_0 (63).mp4,E3c993bd2_0 (63).mp4,E3c993bd2_0 (63),/home/cmantill/.cache/kagglehub/datasets/saberghaderi/-dfl-bundesliga-460-mp4-videos-in-30sec-csv/versions/1/DFL Bundesliga Data Shootout/train/E3c993bd2_0/E3c993bd2_0 (63).mp4,/home/cmantill/narrador-futbol/output/tracks_json/tracker/E3c993bd2_0_63_tracks.json,/home/cmantill/narrador-futbol/output/tracks_json/tracker/E3c993bd2_0_63_summary.json,2026-03-14T04:59:30.581701+00:00,25,22,0.6567272727272726,0.6906666666666667,0.5126666666666666,22.045454545454547,19.5,7.275237658168271,7.231770833333334,0.9090909090909091,2.5509956515000356,2.6018544870235707,19.64975518582276,12.885688049029772,0.0,0.0,-1.4428232973175175e-12,58.650794976070664,3.3738453374863138,0.21643862088667756,0.7715475857630056,,,,,,,,,,,,
/home/cmantill/.cache/kagglehub/datasets/saberghaderi/-dfl-bundesliga-460-mp4-videos-in-30sec-csv/versions/1/DFL Bundesliga Data Shootout/train/E3c993bd2_0/E3c993bd2_0 (64).mp4,E3c993bd2_0 (64).mp4,E3c993bd2_0 (64),/home/cmantill/.cache/kagglehub/datasets/saberghaderi/-dfl-bundesliga-460-mp4-videos-in-30sec-csv/versions/1/DFL Bundesliga Data Shootout/train/E3c993bd2_0/E3c993bd2_0 (64).mp4,/home/cmantill/narrador-futbol/output/tracks_json/tracker/E3c993bd2_0_64_tracks.json,/home/cmantill/narrador-futbol/output/tracks_json/tracker/E3c993bd2_0_64_summary.json,2026-03-14T05:03:28.668358+00:00,24,22,0.6008484848484849,0.5533333333333333,0.489,33.09090909090909,32.0,9.291785575735489,7.948863636363637,1.0,2.409043199591788,2.4330047945738325,36.33676939236649,15.515707204522613,0.0,0.0,-1.4428232973175175e-12,99.87281979041153,3.504330121223624,0.2762427540046274,0.7679758947942549,,,,,,,,,,,,
/home/cmantill/.cache/kagglehub/datasets/saberghaderi/-dfl-bundesliga-460-mp4-videos-in-30sec-csv/versions/1/DFL Bundesliga Data Shootout/train/E3c993bd2_0/E3c993bd2_0 (65).mp4,E3c993bd2_0 (65).mp4,E3c993bd2_0 (65),/home/cmantill/.cache/kagglehub/datasets/saberghaderi/-dfl-bundesliga-460-mp4-videos-in-30sec-csv/versions/1/DFL Bundesliga Data Shootout/train/E3c993bd2_0/E3c993bd2_0 (65).mp4,/home/cmantill/narrador-futbol/output/tracks_json/tracker/E3c993bd2_0_65_tracks.json,/home/cmantill/narrador-futbol/output/tracks_json/tracker/E3c993bd2_0_65_summary.json,2026-03-14T05:03:31.283716+00:00,23,22,0.6219393939393938,0.636,0.524,26.181818181818183,27.5,10.950790569961462,10.685064935064934,1.0,2.9946908496697064,3.031210026976977,33.75609033347273,17.457472414766478,0.0,0.0,-1.4428232973175175e-12,63.43143932028263,3.421938231477201,0.24598047309067947,0.7638031971143584,,,,,,,,,,,,
/home/cmantill/.cache/kagglehub/datasets/saberghaderi/-dfl-bundesliga-460-mp4-videos-in-30sec-csv/versions/1/DFL Bundesliga Data Shootout/train/E3c993bd2_0/E3c993bd2_0 (66).mp4,E3c993bd2_0 (66).mp4,E3c993bd2_0 (66),/home/cmantill/.cache/kagglehub/datasets/saberghaderi/-dfl-bundesliga-460-mp4-videos-in-30sec-csv/versions/1/DFL Bundesliga Data Shootout/train/E3c993bd2_0/E3c993bd2_0 (66).mp4,/home/cmantill/narrador-futbol/output/tracks_json/tracker/E3c993bd2_0_66_tracks.json,/home/cmantill/narrador-futbol/output/tracks_json/tracker/E3c993bd2_0_66_summary.json,2026-03-14T05:06:54.600565+00:00,24,22,0.5256363636363637,0.5446666666666666,0.41433333333333333,33.36363636363637,31.0,10.7616925175774,10.517665130568357,1.0,1.5954999322850232,1.6889817485191232,50.41192600177065,18.230173732054357,0.0,0.0,-1.4428232973175175e-12,84.38254747402772,3.5243748334735496,0.2709696406408054,0.748224393802528,,,,,,,,,,,,
/home/cmantill/.cache/kagglehub/datasets/saberghaderi/-dfl-bundesliga-460-mp4-videos-in-30sec-csv/versions/1/DFL Bundesliga Data Shootout/train/E3c993bd2_0/E3c993bd2_0 (67).mp4,E3c993bd2_0 (67).mp4,E3c993bd2_0 (67),/home/cmantill/.cache/kagglehub/datasets/saberghaderi/-dfl-bundesliga-460-mp4-videos-in-30sec-csv/versions/1/DFL Bundesliga Data Shootout/train/E3c993bd2_0/E3c993bd2_0 (67).mp4,/home/cmantill/narrador-futbol/output/tracks_json/tracker/E3c993bd2_0_67_tracks.json,/home/cmantill/narrador-futbol/output/tracks_json/tracker/E3c993bd2_0_67_summary.json,2026-03-14T05:11:01.929293+00:00,25,22,0.6192121212121212,0.646,0.5756666666666667,33.27272727272727,33.5,8.30774223549505,7.972521551724138,1.0,3.172203957357979,3.1750022876672275,49.87049883235669,25.698575466444844,0.0,0.0,-1.4428232973175175e-12,76.60586058418554,3.4894439770759393,0.2725063230897253,0.7672621531025615,,,,,,,,,,,,
/home/cmantill/.cache/kagglehub/datasets/saberghaderi/-dfl-bundesliga-460-mp4-videos-in-30sec-csv/versions/1/DFL Bundesliga Data Shootout/train/E3c993bd2_0/E3c993bd2_0 (68).mp4,E3c993bd2_0 (68).mp4,E3c993bd2_0 (68),/home/cmantill/.cache/kagglehub/datasets/saberghaderi/-dfl-bundesliga-460-mp4-videos-in-30sec-csv/versions/1/DFL Bundesliga Data Shootout/train/E3c993bd2_0/E3c993bd2_0 (68).mp4,/home/cmantill/narrador-futbol/output/tracks_json/tracker/E3c993bd2_0_68_tracks.json,/home/cmantill/narrador-futbol/output/tracks_json/tracker/E3c993bd2_0_68_summary.json,2026-03-14T05:09:53.351717+00:00,25,22,0.39860606060606063,0.47333333333333333,0.3656666666666667,56.77272727272727,69.0,3.839107239036942,4.318181818181818,0.7727272727272727,1.9243641668337939,1.5123732752154253,90.3218536605951,28.430012594236345,0.0,0.0,-1.4428232973175175e-12,79.38558148381334,3.3360452591724097,0.2233784322789768,0.6885305389954587,,,,,,,,,,,,
/home/cmantill/.cache/kagglehub/datasets/saberghaderi/-dfl-bundesliga-460-mp4-videos-in-30sec-csv/versions/1/DFL Bundesliga Data Shootout/train/E3c993bd2_0/E3c993bd2_0 (69).mp4,E3c993bd2_0 (69).mp4,E3c993bd2_0 (69),/home/cmantill/.cache/kagglehub/datasets/saberghaderi/-dfl-bundesliga-460-mp4-videos-in-30sec-csv/versions/1/DFL Bundesliga Data Shootout/train/E3c993bd2_0/E3c993bd2_0 (69).mp4,/home/cmantill/narrador-futbol/output/tracks_json/tracker/E3c993bd2_0_69_tracks.json,/home/cmantill/narrador-futbol/output/tracks_json/tracker/E3c993bd2_0_69_summary.json,2026-03-14T05:13:53.846099+00:00,25,22,0.5166666666666666,0.6266666666666667,0.5233333333333333,33.04545454545455,38.0,6.241757008529191,4.99090909090909,0.9090909090909091,1.8695806363293228,1.7721903220477302,46.772376088195756,17.51688771185586,0.0,0.0,-1.4428232973175175e-12,71.39590538562491,4.143901360117588,0.20783421730649335,0.7036892493147877,,,,,,,,,,,,
/home/cmantill/.cache/kagglehub/datasets/saberghaderi/-dfl-bundesliga-460-mp4-videos-in-30sec-csv/versions/1/DFL Bundesliga Data Shootout/train/E3c993bd2_0/E3c993bd2_0 (7).mp4,E3c993bd2_0 (7).mp4,E3c993bd2_0 (7),/home/cmantill/.cache/kagglehub/datasets/saberghaderi/-dfl-bundesliga-460-mp4-videos-in-30sec-csv/versions/1/DFL Bundesliga Data Shootout/train/E3c993bd2_0/E3c993bd2_0 (7).mp4,/home/cmantill/narrador-futbol/output/tracks_json/tracker/E3c993bd2_0_7_tracks.json,/home/cmantill/narrador-futbol/output/tracks_json/tracker/E3c993bd2_0_7_summary.json,2026-03-14T02:52:01.646437+00:00,22,22,0.001333333333333333,0.0013333333333333333,0.0013333333333333333,0.0,0.0,0.0,0.0,0.0,0.0,0.0,0.0,0.0,0.0,0.0,-1.4428232973175175e-12,0.0,0.0,0.0,0.6243006126447157,,,,,,,,,,,,
/home/cmantill/.cache/kagglehub/datasets/saberghaderi/-dfl-bundesliga-460-mp4-videos-in-30sec-csv/versions/1/DFL Bundesliga Data Shootout/train/E3c993bd2_0/E3c993bd2_0 (70).mp4,E3c993bd2_0 (70).mp4,E3c993bd2_0 (70),/home/cmantill/.cache/kagglehub/datasets/saberghaderi/-dfl-bundesliga-460-mp4-videos-in-30sec-csv/versions/1/DFL Bundesliga Data Shootout/train/E3c993bd2_0/E3c993bd2_0 (70).mp4,/home/cmantill/narrador-futbol/output/tracks_json/tracker/E3c993bd2_0_70_tracks.json,/home/cmantill/narrador-futbol/output/tracks_json/tracker/E3c993bd2_0_70_summary.json,2026-03-14T05:16:56.540213+00:00,22,22,0.48581818181818176,0.4713333333333333,0.4073333333333333,30.454545454545453,33.5,10.782732737747724,10.207850707850707,0.9545454545454546,1.7116105166873368,1.7208243808083081,38.61493044082365,17.73033968974532,0.0,0.0,-1.4428232973175175e-12,116.91367359102811,3.990397773006823,0.22231953411053867,0.6781620857835866,,,,,,,,,,,,
/home/cmantill/.cache/kagglehub/datasets/saberghaderi/-dfl-bundesliga-460-mp4-videos-in-30sec-csv/versions/1/DFL Bundesliga Data Shootout/train/E3c993bd2_0/E3c993bd2_0 (71).mp4,E3c993bd2_0 (71).mp4,E3c993bd2_0 (71),/home/cmantill/.cache/kagglehub/datasets/saberghaderi/-dfl-bundesliga-460-mp4-videos-in-30sec-csv/versions/1/DFL Bundesliga Data Shootout/train/E3c993bd2_0/E3c993bd2_0 (71).mp4,/home/cmantill/narrador-futbol/output/tracks_json/tracker/E3c993bd2_0_71_tracks.json,/home/cmantill/narrador-futbol/output/tracks_json/tracker/E3c993bd2_0_71_summary.json,2026-03-14T05:19:52.021966+00:00,22,22,0.6664848484848485,0.7606666666666666,0.666,25.681818181818183,24.5,7.3939103711268075,5.809090909090909,0.9090909090909091,2.3424255553488624,2.214408911411903,31.74165581360703,17.15778907268633,0.0,0.0,-1.4428232973175175e-12,68.12188802652929,3.780255389164894,0.2429574259186999,0.7206506760158633,,,,,,,,,,,,
/home/cmantill/.cache/kagglehub/datasets/saberghaderi/-dfl-bundesliga-460-mp4-videos-in-30sec-csv/versions/1/DFL Bundesliga Data Shootout/train/E3c993bd2_0/E3c993bd2_0 (72).mp4,E3c993bd2_0 (72).mp4,E3c993bd2_0 (72),/home/cmantill/.cache/kagglehub/datasets/saberghaderi/-dfl-bundesliga-460-mp4-videos-in-30sec-csv/versions/1/DFL Bundesliga Data Shootout/train/E3c993bd2_0/E3c993bd2_0 (72).mp4,/home/cmantill/narrador-futbol/output/tracks_json/tracker/E3c993bd2_0_72_tracks.json,/home/cmantill/narrador-futbol/output/tracks_json/tracker/E3c993bd2_0_72_summary.json,2026-03-14T05:21:36.196897+00:00,22,22,0.4304848484848484,0.4693333333333333,0.3776666666666667,47.68181818181818,51.0,7.703715082913632,7.583018867924528,1.0,2.1245261156117086,2.3664987015576133,38.31530096875413,19.783361278296642,0.0,0.0,-1.4428232973175175e-12,73.21661902578984,5.516044753026931,0.2358362446449809,0.6659667696482668,,,,,,,,,,,,
/home/cmantill/.cache/kagglehub/datasets/saberghaderi/-dfl-bundesliga-460-mp4-videos-in-30sec-csv/versions/1/DFL Bundesliga Data Shootout/train/E3c993bd2_0/E3c993bd2_0 (73).mp4,E3c993bd2_0 (73).mp4,E3c993bd2_0 (73),/home/cmantill/.cache/kagglehub/datasets/saberghaderi/-dfl-bundesliga-460-mp4-videos-in-30sec-csv/versions/1/DFL Bundesliga Data Shootout/train/E3c993bd2_0/E3c993bd2_0 (73).mp4,/home/cmantill/narrador-futbol/output/tracks_json/tracker/E3c993bd2_0_73_tracks.json,/home/cmantill/narrador-futbol/output/tracks_json/tracker/E3c993bd2_0_73_summary.json,2026-03-14T05:24:16.100941+00:00,24,22,0.6004242424242423,0.6773333333333333,0.441,17.272727272727273,17.0,7.738267512708552,5.861111111111111,0.8181818181818182,2.6110581493949367,3.152605361654315,33.34884647379246,14.478591264671401,0.0,0.0,-1.4428232973175175e-12,69.46371872723631,3.6135851934987566,0.25058595585781146,0.7619701572368265,,,,,,,,,,,,
/home/cmantill/.cache/kagglehub/datasets/saberghaderi/-dfl-bundesliga-460-mp4-videos-in-30sec-csv/versions/1/DFL Bundesliga Data Shootout/train/E3c993bd2_0/E3c993bd2_0 (74).mp4,E3c993bd2_0 (74).mp4,E3c993bd2_0 (74),/home/cmantill/.cache/kagglehub/datasets/saberghaderi/-dfl-bundesliga-460-mp4-videos-in-30sec-csv/versions/1/DFL Bundesliga Data Shootout/train/E3c993bd2_0/E3c993bd2_0 (74).mp4,/home/cmantill/narrador-futbol/output/tracks_json/tracker/E3c993bd2_0_74_tracks.json,/home/cmantill/narrador-futbol/output/tracks_json/tracker/E3c993bd2_0_74_summary.json,2026-03-14T05:26:10.018921+00:00,25,22,0.6710909090909092,0.7066666666666667,0.5243333333333333,21.772727272727273,20.5,10.16244807177515,8.2,1.0,2.7120801888397224,2.6739393483519858,32.88602115662875,13.781904943609176,0.0,0.0,-1.4428232973175175e-12,80.22507965708668,3.994930491859441,0.2633926325659322,0.7631775723240782,,,,,,,,,,,,
/home/cmantill/.cache/kagglehub/datasets/saberghaderi/-dfl-bundesliga-460-mp4-videos-in-30sec-csv/versions/1/DFL Bundesliga Data Shootout/train/E3c993bd2_0/E3c993bd2_0 (75).mp4,E3c993bd2_0 (75).mp4,E3c993bd2_0 (75),/home/cmantill/.cache/kagglehub/datasets/saberghaderi/-dfl-bundesliga-460-mp4-videos-in-30sec-csv/versions/1/DFL Bundesliga Data Shootout/train/E3c993bd2_0/E3c993bd2_0 (75).mp4,/home/cmantill/narrador-futbol/output/tracks_json/tracker/E3c993bd2_0_75_tracks.json,/home/cmantill/narrador-futbol/output/tracks_json/tracker/E3c993bd2_0_75_summary.json,2026-03-14T05:27:59.966234+00:00,25,22,0.719939393939394,0.7106666666666667,0.5993333333333333,23.727272727272727,24.5,7.785642470529135,7.164375,1.0,2.8948913871759068,2.898745913836255,28.859142995781117,17.28140248571015,0.0,0.0,-1.4428232973175175e-12,69.88822390511876,3.6824603337952113,0.26372022714579213,0.765507362270129,,,,,,,,,,,,
/home/cmantill/.cache/kagglehub/datasets/saberghaderi/-dfl-bundesliga-460-mp4-videos-in-30sec-csv/versions/1/DFL Bundesliga Data Shootout/train/E3c993bd2_0/E3c993bd2_0 (76).mp4,E3c993bd2_0 (76).mp4,E3c993bd2_0 (76),/home/cmantill/.cache/kagglehub/datasets/saberghaderi/-dfl-bundesliga-460-mp4-videos-in-30sec-csv/versions/1/DFL Bundesliga Data Shootout/train/E3c993bd2_0/E3c993bd2_0 (76).mp4,/home/cmantill/narrador-futbol/output/tracks_json/tracker/E3c993bd2_0_76_tracks.json,/home/cmantill/narrador-futbol/output/tracks_json/tracker/E3c993bd2_0_76_summary.json,2026-03-14T05:31:49.402182+00:00,25,21,0.7288888888888888,0.8,0.668,32.61904761904762,30.0,5.815796519150068,5.0,1.0,1.6432994984045322,1.6851306199317275,37.51612691247252,15.255017267779156,0.0,0.0,-1.4428232973175173e-12,63.918928745032815,3.165856188764593,0.237760413142932,0.7615957428343696,,,,,,,,,,,,
/home/cmantill/.cache/kagglehub/datasets/saberghaderi/-dfl-bundesliga-460-mp4-videos-in-30sec-csv/versions/1/DFL Bundesliga Data Shootout/train/E3c993bd2_0/E3c993bd2_0 (77).mp4,E3c993bd2_0 (77).mp4,E3c993bd2_0 (77),/home/cmantill/.cache/kagglehub/datasets/saberghaderi/-dfl-bundesliga-460-mp4-videos-in-30sec-csv/versions/1/DFL Bundesliga Data Shootout/train/E3c993bd2_0/E3c993bd2_0 (77).mp4,/home/cmantill/narrador-futbol/output/tracks_json/tracker/E3c993bd2_0_77_tracks.json,/home/cmantill/narrador-futbol/output/tracks_json/tracker/E3c993bd2_0_77_summary.json,2026-03-14T05:33:26.454030+00:00,23,22,0.6767878787878788,0.6766666666666667,0.5756666666666667,34.81818181818182,32.5,6.961116366902852,6.203409090909091,1.0,2.3356909087631035,2.3098611522309236,46.87358230279807,15.617157150093293,0.0,0.0,-1.4428232973175175e-12,58.371324588178936,3.0809917509868625,0.274649627764348,0.7767255401214512,,,,,,,,,,,,
/home/cmantill/.cache/kagglehub/datasets/saberghaderi/-dfl-bundesliga-460-mp4-videos-in-30sec-csv/versions/1/DFL Bundesliga Data Shootout/train/E3c993bd2_0/E3c993bd2_0 (78).mp4,E3c993bd2_0 (78).mp4,E3c993bd2_0 (78),/home/cmantill/.cache/kagglehub/datasets/saberghaderi/-dfl-bundesliga-460-mp4-videos-in-30sec-csv/versions/1/DFL Bundesliga Data Shootout/train/E3c993bd2_0/E3c993bd2_0 (78).mp4,/home/cmantill/narrador-futbol/output/tracks_json/tracker/E3c993bd2_0_78_tracks.json,/home/cmantill/narrador-futbol/output/tracks_json/tracker/E3c993bd2_0_78_summary.json,2026-03-14T05:36:02.423659+00:00,25,22,0.7044848484848484,0.7433333333333334,0.5926666666666667,23.5,20.0,8.565495150381079,7.764583333333333,1.0,2.226204446941191,2.228845721086632,44.4104425911535,15.357443460752442,0.0,0.0,-1.4428232973175175e-12,73.63478001665496,3.016891960800459,0.24649194420511725,0.7739878728189538,,,,,,,,,,,,
/home/cmantill/.cache/kagglehub/datasets/saberghaderi/-dfl-bundesliga-460-mp4-videos-in-30sec-csv/versions/1/DFL Bundesliga Data Shootout/train/E3c993bd2_0/E3c993bd2_0 (79).mp4,E3c993bd2_0 (79).mp4,E3c993bd2_0 (79),/home/cmantill/.cache/kagglehub/datasets/saberghaderi/-dfl-bundesliga-460-mp4-videos-in-30sec-csv/versions/1/DFL Bundesliga Data Shootout/train/E3c993bd2_0/E3c993bd2_0 (79).mp4,/home/cmantill/narrador-futbol/output/tracks_json/tracker/E3c993bd2_0_79_tracks.json,/home/cmantill/narrador-futbol/output/tracks_json/tracker/E3c993bd2_0_79_summary.json,2026-03-14T05:38:16.525913+00:00,25,22,0.4755757575757576,0.5266666666666666,0.4043333333333333,31.545454545454547,30.5,9.63679487753454,7.791896144767899,0.9090909090909091,3.2887471462094626,3.2391217332422073,27.75690988026517,14.05899006277,0.0,0.0,-1.4428232973175175e-12,65.63219827115526,3.9149367516003006,0.3135553238515688,0.7197676035416698,,,,,,,,,,,,
/home/cmantill/.cache/kagglehub/datasets/saberghaderi/-dfl-bundesliga-460-mp4-videos-in-30sec-csv/versions/1/DFL Bundesliga Data Shootout/train/E3c993bd2_0/E3c993bd2_0 (8).mp4,E3c993bd2_0 (8).mp4,E3c993bd2_0 (8),/home/cmantill/.cache/kagglehub/datasets/saberghaderi/-dfl-bundesliga-460-mp4-videos-in-30sec-csv/versions/1/DFL Bundesliga Data Shootout/train/E3c993bd2_0/E3c993bd2_0 (8).mp4,/home/cmantill/narrador-futbol/output/tracks_json/tracker/E3c993bd2_0_8_tracks.json,/home/cmantill/narrador-futbol/output/tracks_json/tracker/E3c993bd2_0_8_summary.json,2026-03-14T02:53:13.925081+00:00,22,22,0.001333333333333333,0.0013333333333333333,0.0013333333333333333,0.0,0.0,0.0,0.0,0.0,0.0,0.0,0.0,0.0,0.0,0.0,-1.4428232973175175e-12,0.0,0.0,0.0,0.5924851230599664,,,,,,,,,,,,
/home/cmantill/.cache/kagglehub/datasets/saberghaderi/-dfl-bundesliga-460-mp4-videos-in-30sec-csv/versions/1/DFL Bundesliga Data Shootout/train/E3c993bd2_0/E3c993bd2_0 (80).mp4,E3c993bd2_0 (80).mp4,E3c993bd2_0 (80),/home/cmantill/.cache/kagglehub/datasets/saberghaderi/-dfl-bundesliga-460-mp4-videos-in-30sec-csv/versions/1/DFL Bundesliga Data Shootout/train/E3c993bd2_0/E3c993bd2_0 (80).mp4,/home/cmantill/narrador-futbol/output/tracks_json/tracker/E3c993bd2_0_80_tracks.json,/home/cmantill/narrador-futbol/output/tracks_json/tracker/E3c993bd2_0_80_summary.json,2026-03-14T05:39:02.356074+00:00,22,22,0.20290909090909093,0.22799999999999998,0.0026666666666666666,24.363636363636363,21.5,8.19296899285505,7.526333113890718,0.6363636363636364,0.9619419027562461,1.3164242319073238,20.050041255379398,6.559656309077977,0.0,0.0,-1.4428232973175175e-12,68.16849189243857,3.0900264216094437,0.1794592570616548,0.6355038782624234,,,,,,,,,,,,
/home/cmantill/.cache/kagglehub/datasets/saberghaderi/-dfl-bundesliga-460-mp4-videos-in-30sec-csv/versions/1/DFL Bundesliga Data Shootout/train/E3c993bd2_0/E3c993bd2_0 (81).mp4,E3c993bd2_0 (81).mp4,E3c993bd2_0 (81),/home/cmantill/.cache/kagglehub/datasets/saberghaderi/-dfl-bundesliga-460-mp4-videos-in-30sec-csv/versions/1/DFL Bundesliga Data Shootout/train/E3c993bd2_0/E3c993bd2_0 (81).mp4,/home/cmantill/narrador-futbol/output/tracks_json/tracker/E3c993bd2_0_81_tracks.json,/home/cmantill/narrador-futbol/output/tracks_json/tracker/E3c993bd2_0_81_summary.json,2026-03-14T05:40:06.547877+00:00,25,22,0.11975757575757577,0.048,0.004,12.227272727272727,5.5,21.926738447822824,10.778711484593838,0.8181818181818182,0.8055932175041122,0.8720990142611643,15.552770466449449,5.160619787904652,0.0,0.0,-1.4428232973175175e-12,85.54279656052822,4.243486184459863,0.13302182684245245,0.6403503308011931,,,,,,,,,,,,
/home/cmantill/.cache/kagglehub/datasets/saberghaderi/-dfl-bundesliga-460-mp4-videos-in-30sec-csv/versions/1/DFL Bundesliga Data Shootout/train/E3c993bd2_0/E3c993bd2_0 (9).mp4,E3c993bd2_0 (9).mp4,E3c993bd2_0 (9),/home/cmantill/.cache/kagglehub/datasets/saberghaderi/-dfl-bundesliga-460-mp4-videos-in-30sec-csv/versions/1/DFL Bundesliga Data Shootout/train/E3c993bd2_0/E3c993bd2_0 (9).mp4,/home/cmantill/narrador-futbol/output/tracks_json/tracker/E3c993bd2_0_9_tracks.json,/home/cmantill/narrador-futbol/output/tracks_json/tracker/E3c993bd2_0_9_summary.json,2026-03-14T02:56:33.774580+00:00,24,22,0.001333333333333333,0.0013333333333333333,0.0013333333333333333,0.0,0.0,0.0,0.0,0.0,0.0,0.0,0.0,0.0,0.0,0.0,-1.4428232973175175e-12,0.0,0.0,0.0,0.5665313991379332,,,,,,,,,,,,
video_prueba,partido.mp4,partido,/home/hegarc04/narrador-futbol/data/partidoPrueba/partido.mp4,/home/hegarc04/narrador-futbol/output/tracks_json/tracker/partido_tracks.json,/home/hegarc04/narrador-futbol/output/tracks_json/tracker/partido_summary.json,2026-04-01T04:36:37.626557+00:00,22,22,0.8802424242424244,0.9553333333333334,0.9303333333333333,7.954545454545454,7.0,13.086918299318034,2.96875,1.0,3.054745577850099,3.024519291622309,42.52617330536735,20.627252616611834,0.0,0.0,-1.4428232973175175e-12,28.693112773960454,3.2678650623199705,0.35963001541988643,0.7851644261196324,0.5933333333333334,1,True,750,745,14233,14233,431,0,10,20,"[1, 2]"
video_prueba_ajustado,partido_ajustado.mp4,partido_ajustado,/home/cmantill/narrador-futbol/data/partidoPrueba/partido_ajustado.mp4,/home/cmantill/narrador-futbol/output/tracks_json/tracker/partido_ajustado_tracks.json,/home/cmantill/narrador-futbol/output/tracks_json/tracker/partido_ajustado_summary.json,2026-03-29T22:12:24.020080+00:00,25,23,0.8377428307123035,0.950354609929078,0.9078014184397163,7.043478260869565,6.0,10.963786032807771,3.3333333333333335,1.0,3.0495145131618404,2.925730297560863,43.829113099150725,19.79156939029002,0.0,0.0,-1.4428232973175175e-12,64.36439459520786,2.927703946645874,0.3574884540441659,0.7778257310584552,0.6226950354609929,1,True,705,700,13370,13370,355,0,10,21,"[1, 2]"
video_prueba_corto,partido_corto.mp4,partido_corto,/home/hegarc04/narrador-futbol/data/partidoPrueba/partido_corto.mp4,/home/hegarc04/narrador-futbol/output/tracks_json/tracker/partido_corto_tracks.json,/home/hegarc04/narrador-futbol/output/tracks_json/tracker/partido_corto_summary.json,2026-04-01T04:37:36.839982+00:00,20,19,0.5,0.5,0.5,0.0,0.0,0.0,0.0,0.0,3.9846651235650787,3.9846651235650787,22.78594770549657,7.002493087806847,0.0,0.0,-1.4428232973175173e-12,4.241840323275036,2.932619990459075,0.07697672874309665,0.783169973220088,1.0,1,True,10,5,90,90,10,0,10,0,"[1, 2]"
video_prueba_medio,partido_medio.mp4,partido_medio,/home/hegarc04/narrador-futbol/data/partidoPrueba/partido_medio.mp4,/home/hegarc04/narrador-futbol/output/tracks_json/tracker/partido_medio_tracks.json,/home/hegarc04/narrador-futbol/output/tracks_json/tracker/partido_medio_summary.json,2026-04-01T14:45:59.803071+00:00,22,22,0.7152272727272728,0.8049999999999999,0.6912499999999999,6.636363636363637,6.0,7.279779311597493,2.757142857142857,0.9545454545454546,3.3052826488610703,3.2195193226027423,40.4333016414475,12.528072334942925,0.0,0.0,-1.4428232973175175e-12,31.88603852907303,3.347557000323742,0.2692058906659885,0.7591236269243179,0.835,1,True,200,195,3096,3096,196,0,10,0,"[1, 2]"
video_test_1,test (1).mp4,test (1),/Users/carloscole/narrador-futbol/data/partidosPosiciones/test (1).mp4,/Users/carloscole/narrador-futbol/output/tracks_json/tracker/test_1_tracks.json,/Users/carloscole/narrador-futbol/output/tracks_json/tracker/test_1_summary.json,2026-03-12T15:31:23.395743+00:00,24,22,0.29090909090909095,0.3541095890410959,0.02773972602739726,24.0,29.0,11.685853134886905,9.469679633867276,0.7272727272727273,4.3008377604220644,3.538251127093517,1468.0981742035394,210.41025442322461,0.0,0.0,-1.4428232973175175e-12,117.02296189991662,4.794824705550548,0.2925689019758777,0.7347762866098507,,,,,,,,,,,,
video_test_11,test (11).mp4,test (11),/Users/carloscole/narrador-futbol/data/partidosPosiciones/test (11).mp4,/Users/carloscole/narrador-futbol/output/tracks_json/tracker/test_11_tracks.json,/Users/carloscole/narrador-futbol/output/tracks_json/tracker/test_11_summary.json,2026-03-12T15:31:23.397827+00:00,24,22,0.5444848484848485,0.5386666666666666,0.479,27.181818181818183,26.0,19.707487645672337,9.88961038961039,1.0,2.561335541949239,2.4588843684088064,67.48041692102431,17.446455998264902,0.0,0.0,-1.4428232973175175e-12,95.90700068364502,4.50142229059002,0.2691753417128757,0.7764807922086283,,,,,,,,,,,,
video_test_12,test (12).mp4,test (12),/Users/carloscole/narrador-futbol/data/partidosPosiciones/test (12).mp4,/Users/carloscole/narrador-futbol/output/tracks_json/tracker/test_12_tracks.json,/Users/carloscole/narrador-futbol/output/tracks_json/tracker/test_12_summary.json,2026-03-12T15:31:23.398443+00:00,25,21,0.39911111111111114,0.404,0.31866666666666665,28.476190476190474,27.0,14.631606202124427,13.617647058823529,0.9523809523809523,2.6327711891384995,2.5114209482150778,34.82417557120521,13.816013938962008,0.0,0.0,-1.4428232973175173e-12,558.4764302494297,9.851751589567945,0.3546493146711338,0.7471407405475088,,,,,,,,,,,,
video_test_13,test (13).mp4,test (13),/Users/carloscole/narrador-futbol/data/partidosPosiciones/test (13).mp4,/Users/carloscole/narrador-futbol/output/tracks_json/tracker/test_13_tracks.json,/Users/carloscole/narrador-futbol/output/tracks_json/tracker/test_13_summary.json,2026-03-12T15:31:23.398946+00:00,25,22,0.5621212121212124,0.5373333333333333,0.32366666666666666,21.727272727272727,21.5,9.472842774229731,6.413461538461538,0.9545454545454546,2.3616745403147807,2.3289707873808747,42.12652712087524,14.021882502428474,0.0,0.0,-1.4428232973175175e-12,26.48995078879527,3.3738258745455743,0.3007838483889185,0.7517151835643093,,,,,,,,,,,,
video_test_14,test (14).mp4,test (14),/Users/carloscole/narrador-futbol/data/partidosPosiciones/test (14).mp4,/Users/carloscole/narrador-futbol/output/tracks_json/tracker/test_14_tracks.json,/Users/carloscole/narrador-futbol/output/tracks_json/tracker/test_14_summary.json,2026-03-12T15:31:23.399431+00:00,25,22,0.49624242424242426,0.5826666666666667,0.45433333333333337,11.409090909090908,11.5,26.39193527157954,24.18653846153846,0.9545454545454546,2.0359209738423876,1.9444789208842757,350.8435342532617,56.983896729495406,0.0,0.0,-1.4428232973175175e-12,52.639737704995895,3.1397459411251503,0.2977215953415212,0.8091740478386021,,,,,,,,,,,,
video_test_15,test (15).mp4,test (15),/home/hegarc04/narrador-futbol/data/partidosPosiciones/test (15).mp4,/home/hegarc04/narrador-futbol/output/tracks_json/tracker/test_15_tracks.json,/home/hegarc04/narrador-futbol/output/tracks_json/tracker/test_15_summary.json,2026-04-01T05:03:25.435492+00:00,22,21,0.7645079365079367,0.8053333333333333,0.7066666666666667,49.714285714285715,51.0,3.5360001360395055,1.9315068493150684,1.0,2.7967472811244725,2.787131295841479,255.8673221573909,61.62218262534188,0.0009087604507451836,0.001456796867886734,0.006488854376087265,26.50201887148424,4.324397677655115,0.2896340627438006,0.7800882036581794,0.2613333333333333,1,True,750,741,11517,11517,1265,8,10,20,"[1, 2]"
video_test_16,test (16).mp4,test (16),/Users/carloscole/narrador-futbol/data/partidosPosiciones/test (16).mp4,/Users/carloscole/narrador-futbol/output/tracks_json/tracker/test_16_tracks.json,/Users/carloscole/narrador-futbol/output/tracks_json/tracker/test_16_summary.json,2026-03-12T15:31:23.400223+00:00,24,22,0.6281212121212122,0.624,0.5403333333333333,26.772727272727273,24.5,11.476128611023995,7.9782142857142855,1.0,2.4672150747731916,2.474709366495956,52.2592287323406,14.795461208579631,0.0,0.0,-1.4428232973175175e-12,163.86875395830538,4.1655050634239785,0.267743683146441,0.7684980258779412,,,,,,,,,,,,
video_test_16,test (16).mp4,test (16),/home/cmantill/narrador-futbol/data/partidosPosiciones/test (16).mp4,/home/cmantill/narrador-futbol/output/tracks_json/tracker/test_16_tracks.json,/home/cmantill/narrador-futbol/output/tracks_json/tracker/test_16_summary.json,2026-03-13T09:35:52.783396+00:00,24,22,0.5607272727272727,0.582,0.435,24.272727272727273,21.0,9.764790796702204,9.352941176470587,0.9090909090909091,2.3557203302001293,2.1404191643558805,17.13670107788625,11.167329081114136,0.0,0.0,-1.4428232973175175e-12,154.70075467311125,3.7936703618278824,0.2656536068607741,0.7778534528750136,,,,,,,,,,,,
video_test_18,test (18).mp4,test (18),/Users/carloscole/narrador-futbol/data/partidosPosiciones/test (18).mp4,/Users/carloscole/narrador-futbol/output/tracks_json/tracker/test_18_tracks.json,/Users/carloscole/narrador-futbol/output/tracks_json/tracker/test_18_summary.json,2026-03-12T15:31:23.400723+00:00,24,22,0.7451515151515153,0.81,0.754,26.0,28.0,5.360361001862242,4.669642857142858,0.9545454545454546,2.61553688761127,2.4830675740806067,38.61754732004841,18.34703007784299,0.0,0.0,-1.4428232973175175e-12,104.05845004229191,4.05355812340278,0.30894832776741304,0.7680852274664016,,,,,,,,,,,,
video_test_2,test (2).mp4,test (2),/Users/carloscole/narrador-futbol/data/partidosPosiciones/test (2).mp4,/Users/carloscole/narrador-futbol/output/tracks_json/tracker/test_2_tracks.json,/Users/carloscole/narrador-futbol/output/tracks_json/tracker/test_2_summary.json,2026-03-12T15:31:23.396971+00:00,23,22,0.20054545454545455,0.23199999999999998,0.18733333333333332,44.59090909090909,50.0,8.636957444383919,9.801256613756614,0.8181818181818182,3.23986156085455,2.7602848046458512,202.62379778305953,53.351088076839005,0.0,0.0,-1.4428232973175175e-12,100.13939738304158,3.611077177607442,0.2874850524879097,0.7917592851201465,,,,,,,,,,,,
video_test_2,test (2).mp4,test (2),/home/cmantill/narrador-futbol/data/partidosPosiciones/test (2).mp4,/home/cmantill/narrador-futbol/output/tracks_json/tracker/test_2_tracks.json,/home/cmantill/narrador-futbol/output/tracks_json/tracker/test_2_summary.json,2026-03-13T10:26:56.696230+00:00,23,22,0.22224242424242424,0.286,0.14466666666666667,55.04545454545455,67.0,6.021703141633522,6.696581196581196,0.7727272727272727,4.251058122579232,3.5279660215799655,230.0210088750662,60.37918648575397,0.0,0.0,-1.4428232973175175e-12,150.05086338971208,4.718941554138123,0.2558533378975084,0.7749828753137266,,,,,,,,,,,,
video_test_20,test (20).mp4,test (20),/Users/carloscole/narrador-futbol/data/partidosPosiciones/test (20).mp4,/Users/carloscole/narrador-futbol/output/tracks_json/tracker/test_20_tracks.json,/Users/carloscole/narrador-futbol/output/tracks_json/tracker/test_20_summary.json,2026-03-12T15:31:23.401329+00:00,25,22,0.6075151515151516,0.6120000000000001,0.5523333333333333,27.136363636363637,27.5,9.689833744445624,8.773809523809524,1.0,3.1825013192347282,3.247903590204572,64.47119555661142,23.802241833986145,0.0,0.0,-1.4428232973175175e-12,181.64876329247514,3.6911717514547875,0.311042666916459,0.7727684445471543,,,,,,,,,,,,
video_test_22,test (22).mp4,test (22),/Users/carloscole/narrador-futbol/data/partidosPosiciones/test (22).mp4,/Users/carloscole/narrador-futbol/output/tracks_json/tracker/test_22_tracks.json,/Users/carloscole/narrador-futbol/output/tracks_json/tracker/test_22_summary.json,2026-03-12T15:31:23.401820+00:00,25,22,0.2618787878787879,0.3446666666666667,0.004,22.954545454545453,21.0,10.375430520246997,8.942995169082126,0.6818181818181818,3.733404941345299,3.1149627368522745,1250.650762521176,124.58251412972864,0.0,0.0,-1.4428232973175175e-12,84.88757551044168,3.925879428642358,0.28413495501243025,0.742420303258418,,,,,,,,,,,,
video_test_26,test (26).mp4,test (26),/Users/carloscole/narrador-futbol/data/partidosPosiciones/test (26).mp4,/Users/carloscole/narrador-futbol/output/tracks_json/tracker/test_26_tracks.json,/Users/carloscole/narrador-futbol/output/tracks_json/tracker/test_26_summary.json,2026-03-12T15:31:23.402328+00:00,25,21,0.4146666666666667,0.44666666666666666,0.408,50.904761904761905,56.0,21.683935517958197,6.612903225806452,0.9523809523809523,2.2786868611388247,2.2376566623228045,23.290866109180183,11.620650898034162,0.0,0.0,-1.4428232973175173e-12,68.73755617149098,3.933095676872689,0.2754939445976123,0.7471234389672984,,,,,,,,,,,,
video_test_27,test (27).mp4,test (27),/Users/carloscole/narrador-futbol/data/partidosPosiciones/test (27).mp4,/Users/carloscole/narrador-futbol/output/tracks_json/tracker/test_27_tracks.json,/Users/carloscole/narrador-futbol/output/tracks_json/tracker/test_27_summary.json,2026-03-12T15:31:23.402852+00:00,24,22,0.7451515151515153,0.81,0.754,26.0,28.0,5.360361001862242,4.669642857142858,0.9545454545454546,2.61553688761127,2.4830675740806067,38.61754732004841,18.34703007784299,0.0,0.0,-1.4428232973175175e-12,104.05845004229191,4.05355812340278,0.30894832776741304,0.7680852274664016,,,,,,,,,,,,
video_test_29,test (29).mp4,test (29),/Users/carloscole/narrador-futbol/data/partidosPosiciones/test (29).mp4,/Users/carloscole/narrador-futbol/output/tracks_json/tracker/test_29_tracks.json,/Users/carloscole/narrador-futbol/output/tracks_json/tracker/test_29_summary.json,2026-03-12T15:31:23.403483+00:00,25,21,0.39911111111111114,0.404,0.31866666666666665,28.476190476190474,27.0,14.631606202124427,13.617647058823529,0.9523809523809523,2.6327711891384995,2.5114209482150778,34.82417557120521,13.816013938962008,0.0,0.0,-1.4428232973175173e-12,558.4764302494297,9.851751589567945,0.3546493146711338,0.7471407405475088,,,,,,,,,,,,
