run_dir,checkpoint_path,teammate_embed_dim,objective_hidden_dim,set_hidden_dim,fusion_hidden_dim,objective_num_layers,ff_expansion,num_set_blocks,dropout,learning_rate,weight_decay,batch_size,best_epoch,stop_reason,val_accuracy,val_macro_f1,val_weighted_f1,test_accuracy,test_macro_f1,test_weighted_f1,best_val_loss,best_val_macro_f1_during_training
/home/cmantill/narrador-futbol/experiments/positions/grid_search_outputs/20260426_155024/runs/run_380_h256_objh384_te256_fu384_obj2_ff4_blocks3_drop0p1_lr0p0005_wd0p0001,/home/cmantill/narrador-futbol/experiments/positions/grid_search_outputs/20260426_155024/runs/run_380_h256_objh384_te256_fu384_obj2_ff4_blocks3_drop0p1_lr0p0005_wd0p0001/best_model.pt,256,384,256,384,2,4,3,0.1,0.0005,0.0001,512,2,early_stopping_val_loss_overfit_patience_3,0.3779313386752922,0.3095692171642512,0.3684452768700688,0.42228505147165435,0.40220225737579257,0.4157879549967294,6.305384265051948,0.3095692171642512
/home/cmantill/narrador-futbol/experiments/positions/grid_search_outputs/20260426_155024/runs/run_006_h128_objh128_te64_fu128_obj1_ff2_blocks5_drop0p1_lr0p0005_wd0p0001,/home/cmantill/narrador-futbol/experiments/positions/grid_search_outputs/20260426_155024/runs/run_006_h128_objh128_te64_fu128_obj1_ff2_blocks5_drop0p1_lr0p0005_wd0p0001/best_model.pt,64,128,128,128,1,2,5,0.1,0.0005,0.0001,512,3,early_stopping_val_loss_overfit_patience_3,0.37749025950158055,0.3093732022341845,0.3709408087966547,0.40662606930549516,0.3839742033881444,0.39097445430705036,4.318711086555764,0.3093732022341845
/home/cmantill/narrador-futbol/experiments/positions/grid_search_outputs/20260426_155024/runs/run_027_h128_objh128_te64_fu128_obj1_ff2_blocks4_drop0p15_lr0p001_wd0p0001,/home/cmantill/narrador-futbol/experiments/positions/grid_search_outputs/20260426_155024/runs/run_027_h128_objh128_te64_fu128_obj1_ff2_blocks4_drop0p15_lr0p001_wd0p0001/best_model.pt,64,128,128,128,1,2,4,0.15,0.001,0.0001,512,2,early_stopping_val_loss_overfit_patience_3,0.36888921561420274,0.3001656012333899,0.3566468800048799,0.40959837610555316,0.3908386479321418,0.39531316819094203,4.410532430366233,0.3001656012333899
/home/cmantill/narrador-futbol/experiments/positions/grid_search_outputs/20260426_155024/runs/run_130_h192_objh256_te128_fu256_obj1_ff4_blocks4_drop0p1_lr0p0005_wd0p0001,/home/cmantill/narrador-futbol/experiments/positions/grid_search_outputs/20260426_155024/runs/run_130_h192_objh256_te128_fu256_obj1_ff4_blocks4_drop0p1_lr0p0005_wd0p0001/best_model.pt,128,256,192,256,1,4,4,0.1,0.0005,0.0001,512,3,early_stopping_val_loss_overfit_patience_3,0.3553627876203779,0.2986283908655088,0.3470086539448131,0.3884297520661157,0.388497922513617,0.3840034089040687,6.004920959472656,0.2986283908655088
/home/cmantill/narrador-futbol/experiments/positions/grid_search_outputs/20260426_155024/runs/run_266_h256_objh256_te128_fu256_obj1_ff2_blocks3_drop0p15_lr0p0005_wd0p0001,/home/cmantill/narrador-futbol/experiments/positions/grid_search_outputs/20260426_155024/runs/run_266_h256_objh256_te128_fu256_obj1_ff2_blocks3_drop0p15_lr0p0005_wd0p0001/best_model.pt,128,256,256,256,1,2,3,0.15,0.0005,0.0001,512,4,early_stopping_val_loss_overfit_patience_3,0.3681540836580166,0.2963354302367223,0.3612467071357185,0.4225750326228795,0.3984458441610893,0.4100250561572353,5.914173090899432,0.2963354302367223
/home/cmantill/narrador-futbol/experiments/positions/grid_search_outputs/20260426_155024/runs/run_304_h256_objh256_te128_fu256_obj2_ff2_blocks4_drop0p2_lr0p0005_wd0p0005,/home/cmantill/narrador-futbol/experiments/positions/grid_search_outputs/20260426_155024/runs/run_304_h256_objh256_te128_fu256_obj2_ff2_blocks4_drop0p2_lr0p0005_wd0p0005/best_model.pt,128,256,256,256,2,2,4,0.2,0.0005,0.0005,512,3,early_stopping_val_loss_overfit_patience_3,0.3603616849224436,0.29517914966348663,0.3568230187584773,0.4013339132956358,0.37769817569379904,0.38184292467848524,5.094479075184575,0.29517914966348663
/home/cmantill/narrador-futbol/experiments/positions/grid_search_outputs/20260426_155024/runs/run_001_h128_objh128_te64_fu128_obj1_ff2_blocks3_drop0p1_lr0p001_wd0p0001,/home/cmantill/narrador-futbol/experiments/positions/grid_search_outputs/20260426_155024/runs/run_001_h128_objh128_te64_fu128_obj1_ff2_blocks3_drop0p1_lr0p001_wd0p0001/best_model.pt,64,128,128,128,1,2,3,0.1,0.001,0.0001,512,1,early_stopping_val_macro_f1_patience_3,0.3821951040211718,0.2927623462656318,0.361754596080418,0.44446860954037987,0.4278695894670558,0.42662180042814096,5.294197585847643,0.2927623462656318
/home/cmantill/narrador-futbol/experiments/positions/grid_search_outputs/20260426_155024/runs/run_140_h192_objh256_te128_fu256_obj2_ff4_blocks3_drop0p1_lr0p0005_wd0p0001,/home/cmantill/narrador-futbol/experiments/positions/grid_search_outputs/20260426_155024/runs/run_140_h192_objh256_te128_fu256_obj2_ff4_blocks3_drop0p1_lr0p0005_wd0p0001/best_model.pt,128,256,192,256,2,4,3,0.1,0.0005,0.0001,512,4,early_stopping_val_loss_overfit_patience_3,0.3554363008159965,0.2920269228642577,0.34737154280238897,0.3913295635783674,0.3788450479050512,0.3930388728610042,4.954344007703993,0.2920269228642577
/home/cmantill/narrador-futbol/experiments/positions/grid_search_outputs/20260426_155024/runs/run_030_h128_objh128_te64_fu128_obj1_ff2_blocks5_drop0p15_lr0p0005_wd0p0001,/home/cmantill/narrador-futbol/experiments/positions/grid_search_outputs/20260426_155024/runs/run_030_h128_objh128_te64_fu128_obj1_ff2_blocks5_drop0p15_lr0p0005_wd0p0001/best_model.pt,64,128,128,128,1,2,5,0.15,0.0005,0.0001,512,4,early_stopping_val_loss_overfit_patience_3,0.36999191354848193,0.29171050785502767,0.3614336108124644,0.39712918660287083,0.37612297623423346,0.385062788483649,4.210468451182048,0.29171050785502767
/home/cmantill/narrador-futbol/experiments/positions/grid_search_outputs/20260426_155024/runs/run_131_h192_objh256_te128_fu256_obj1_ff4_blocks5_drop0p1_lr0p001_wd0p0001,/home/cmantill/narrador-futbol/experiments/positions/grid_search_outputs/20260426_155024/runs/run_131_h192_objh256_te128_fu256_obj1_ff4_blocks5_drop0p1_lr0p001_wd0p0001/best_model.pt,128,256,192,256,1,4,5,0.1,0.001,0.0001,512,1,early_stopping_val_macro_f1_patience_3,0.34999632434021904,0.29166888167733335,0.34683716264418213,0.41902276352037116,0.38868146623513683,0.40449126867682245,5.7794703642527265,0.29166888167733335
/home/cmantill/narrador-futbol/experiments/positions/grid_search_outputs/20260426_155024/runs/run_046_h128_objh128_te64_fu128_obj2_ff4_blocks4_drop0p15_lr0p0005_wd0p0001,/home/cmantill/narrador-futbol/experiments/positions/grid_search_outputs/20260426_155024/runs/run_046_h128_objh128_te64_fu128_obj2_ff4_blocks4_drop0p15_lr0p0005_wd0p0001/best_model.pt,64,128,128,128,2,4,4,0.15,0.0005,0.0001,512,2,early_stopping_val_loss_overfit_patience_3,0.3890318312137029,0.2909811609342281,0.3648358269763577,0.4065535740176888,0.39582064665677164,0.3975259262268946,4.349509292178684,0.2909811609342281
/home/cmantill/narrador-futbol/experiments/positions/grid_search_outputs/20260426_155024/runs/run_070_h128_objh128_te64_fu128_obj2_ff4_blocks4_drop0p2_lr0p0005_wd0p0005,/home/cmantill/narrador-futbol/experiments/positions/grid_search_outputs/20260426_155024/runs/run_070_h128_objh128_te64_fu128_obj2_ff4_blocks4_drop0p2_lr0p0005_wd0p0005/best_model.pt,64,128,128,128,2,4,4,0.2,0.0005,0.0005,512,2,early_stopping_val_loss_overfit_patience_3,0.3891788576049401,0.29057389384872945,0.3663155245039421,0.4108307959982601,0.38991790479640376,0.3944426199854262,4.120040381396258,0.29057389384872945
/home/cmantill/narrador-futbol/experiments/positions/grid_search_outputs/20260426_155024/runs/run_116_h128_objh128_te64_fu128_obj2_ff4_blocks3_drop0p3_lr0p0005_wd0p001,/home/cmantill/narrador-futbol/experiments/positions/grid_search_outputs/20260426_155024/runs/run_116_h128_objh128_te64_fu128_obj2_ff4_blocks3_drop0p3_lr0p0005_wd0p001/best_model.pt,64,128,128,128,2,4,3,0.3,0.0005,0.001,512,1,early_stopping_val_macro_f1_patience_3,0.3841799603028744,0.29022548408225635,0.358079161160278,0.41568798028128173,0.3961889919476644,0.3957391445037674,3.9680418791594327,0.29022548408225635
/home/cmantill/narrador-futbol/experiments/positions/grid_search_outputs/20260426_155024/runs/run_194_h192_objh256_te128_fu256_obj1_ff2_blocks3_drop0p25_lr0p0005_wd0p0005,/home/cmantill/narrador-futbol/experiments/positions/grid_search_outputs/20260426_155024/runs/run_194_h192_objh256_te128_fu256_obj1_ff2_blocks3_drop0p25_lr0p0005_wd0p0005/best_model.pt,128,256,192,256,1,2,3,0.25,0.0005,0.0005,512,3,early_stopping_val_loss_overfit_patience_3,0.3644049106814673,0.2900943390342812,0.35676168924304824,0.418732782369146,0.3959143969467797,0.4089012076014415,4.324026478661431,0.2900943390342812
/home/cmantill/narrador-futbol/experiments/positions/grid_search_outputs/20260426_155024/runs/run_003_h128_objh128_te64_fu128_obj1_ff2_blocks4_drop0p1_lr0p001_wd0p0001,/home/cmantill/narrador-futbol/experiments/positions/grid_search_outputs/20260426_155024/runs/run_003_h128_objh128_te64_fu128_obj1_ff2_blocks4_drop0p1_lr0p001_wd0p0001/best_model.pt,64,128,128,128,1,2,4,0.1,0.001,0.0001,512,3,early_stopping_val_loss_overfit_patience_3,0.3713886642652356,0.2899271487333389,0.3562586121802607,0.40205886617369874,0.3941409127800781,0.39711676483858804,4.612410872070877,0.2899271487333389
/home/cmantill/narrador-futbol/experiments/positions/grid_search_outputs/20260426_155024/runs/run_134_h192_objh256_te128_fu256_obj2_ff2_blocks3_drop0p1_lr0p0005_wd0p0001,/home/cmantill/narrador-futbol/experiments/positions/grid_search_outputs/20260426_155024/runs/run_134_h192_objh256_te128_fu256_obj2_ff2_blocks3_drop0p1_lr0p0005_wd0p0001/best_model.pt,128,256,192,256,2,2,3,0.1,0.0005,0.0001,512,4,early_stopping_val_loss_overfit_patience_3,0.37550540321987796,0.2888950994928891,0.35981697443985466,0.39176453530520516,0.3672307240793686,0.3808109533177431,5.58650126280608,0.2888950994928891
/home/cmantill/narrador-futbol/experiments/positions/grid_search_outputs/20260426_155024/runs/run_040_h128_objh128_te64_fu128_obj2_ff2_blocks4_drop0p15_lr0p0005_wd0p0001,/home/cmantill/narrador-futbol/experiments/positions/grid_search_outputs/20260426_155024/runs/run_040_h128_objh128_te64_fu128_obj2_ff2_blocks4_drop0p15_lr0p0005_wd0p0001/best_model.pt,64,128,128,128,2,2,4,0.15,0.0005,0.0001,512,4,early_stopping_val_loss_overfit_patience_3,0.355142248033522,0.28874525314300376,0.3501599764748946,0.38523995940263883,0.3790338151132137,0.3690472013892027,4.280189390535708,0.28874525314300376
/home/cmantill/narrador-futbol/experiments/positions/grid_search_outputs/20260426_155024/runs/run_242_h256_objh256_te128_fu256_obj1_ff2_blocks3_drop0p1_lr0p0005_wd0p0001,/home/cmantill/narrador-futbol/experiments/positions/grid_search_outputs/20260426_155024/runs/run_242_h256_objh256_te128_fu256_obj1_ff2_blocks3_drop0p1_lr0p0005_wd0p0001/best_model.pt,128,256,256,256,1,2,3,0.1,0.0005,0.0001,512,3,early_stopping_val_loss_overfit_patience_3,0.3649195030507976,0.28740337340744815,0.34573823265563425,0.4295345802522836,0.4105332549240355,0.4176206523189337,6.255236449065031,0.28740337340744815
/home/cmantill/narrador-futbol/experiments/positions/grid_search_outputs/20260426_155024/runs/run_029_h128_objh128_te64_fu128_obj1_ff2_blocks5_drop0p15_lr0p001_wd0p0001,/home/cmantill/narrador-futbol/experiments/positions/grid_search_outputs/20260426_155024/runs/run_029_h128_objh128_te64_fu128_obj1_ff2_blocks5_drop0p15_lr0p001_wd0p0001/best_model.pt,64,128,128,128,1,2,5,0.15,0.001,0.0001,512,4,early_stopping_val_loss_overfit_patience_3,0.3778578254796736,0.28710858785103094,0.36446036533183535,0.40242134261273016,0.37215594133849605,0.3861248776365204,4.50773169376232,0.28710858785103094
/home/cmantill/narrador-futbol/experiments/positions/grid_search_outputs/20260426_155024/runs/run_132_h192_objh256_te128_fu256_obj1_ff4_blocks5_drop0p1_lr0p0005_wd0p0001,/home/cmantill/narrador-futbol/experiments/positions/grid_search_outputs/20260426_155024/runs/run_132_h192_objh256_te128_fu256_obj1_ff4_blocks5_drop0p1_lr0p0005_wd0p0001/best_model.pt,128,256,192,256,1,4,5,0.1,0.0005,0.0001,512,3,early_stopping_val_loss_overfit_patience_3,0.3471293097110931,0.2867544724455659,0.33385014152820885,0.4188052776569523,0.41305290999298794,0.4031652014631786,5.284342306631583,0.2867544724455659
/home/cmantill/narrador-futbol/experiments/positions/grid_search_outputs/20260426_155024/runs/run_156_h192_objh256_te128_fu256_obj1_ff4_blocks5_drop0p15_lr0p0005_wd0p0001,/home/cmantill/narrador-futbol/experiments/positions/grid_search_outputs/20260426_155024/runs/run_156_h192_objh256_te128_fu256_obj1_ff4_blocks5_drop0p15_lr0p0005_wd0p0001/best_model.pt,128,256,192,256,1,4,5,0.15,0.0005,0.0001,512,3,early_stopping_val_loss_overfit_patience_3,0.3349261192384033,0.286411435192469,0.3407690534264081,0.36697114687545307,0.35143873396067854,0.3638210897496303,5.103319335866858,0.286411435192469
/home/cmantill/narrador-futbol/experiments/positions/grid_search_outputs/20260426_155024/runs/run_262_h256_objh256_te128_fu256_obj2_ff4_blocks4_drop0p1_lr0p0005_wd0p0001,/home/cmantill/narrador-futbol/experiments/positions/grid_search_outputs/20260426_155024/runs/run_262_h256_objh256_te128_fu256_obj2_ff4_blocks4_drop0p1_lr0p0005_wd0p0001/best_model.pt,128,256,256,256,2,4,4,0.1,0.0005,0.0001,512,3,early_stopping_val_loss_overfit_patience_3,0.3604351981180622,0.28612952760542565,0.345553941668016,0.4138031027983181,0.4011775720312401,0.39640906037181345,5.281506149857132,0.28612952760542565
/home/cmantill/narrador-futbol/experiments/positions/grid_search_outputs/20260426_155024/runs/run_252_h256_objh256_te128_fu256_obj1_ff4_blocks5_drop0p1_lr0p0005_wd0p0001,/home/cmantill/narrador-futbol/experiments/positions/grid_search_outputs/20260426_155024/runs/run_252_h256_objh256_te128_fu256_obj1_ff4_blocks5_drop0p1_lr0p0005_wd0p0001/best_model.pt,128,256,256,256,1,4,5,0.1,0.0005,0.0001,512,1,early_stopping_val_macro_f1_patience_3,0.331176946261854,0.28508461333684143,0.3252138248068139,0.39582427142235754,0.3763569219423676,0.37836599668932425,5.592145319338198,0.28508461333684143
/home/cmantill/narrador-futbol/experiments/positions/grid_search_outputs/20260426_155024/runs/run_170_h192_objh256_te128_fu256_obj1_ff2_blocks3_drop0p2_lr0p0005_wd0p0005,/home/cmantill/narrador-futbol/experiments/positions/grid_search_outputs/20260426_155024/runs/run_170_h192_objh256_te128_fu256_obj1_ff2_blocks3_drop0p2_lr0p0005_wd0p0005/best_model.pt,128,256,192,256,1,2,3,0.2,0.0005,0.0005,512,4,early_stopping_val_loss_overfit_patience_3,0.37873998382709695,0.2849625687635275,0.3622045076221385,0.4177903436276642,0.37935206482500394,0.39895883888600464,4.498519650212041,0.2849625687635275
/home/cmantill/narrador-futbol/experiments/positions/grid_search_outputs/20260426_155024/runs/run_384_h256_objh384_te256_fu384_obj2_ff4_blocks5_drop0p1_lr0p0005_wd0p0001,/home/cmantill/narrador-futbol/experiments/positions/grid_search_outputs/20260426_155024/runs/run_384_h256_objh384_te256_fu384_obj2_ff4_blocks5_drop0p1_lr0p0005_wd0p0001/best_model.pt,256,384,256,384,2,4,5,0.1,0.0005,0.0001,512,3,early_stopping_val_loss_overfit_patience_3,0.35198118062192163,0.2840142473611048,0.34022887633849147,0.4462809917355372,0.42437458315912835,0.43259554337334155,6.315736231980501,0.2840142473611048
/home/cmantill/narrador-futbol/experiments/positions/grid_search_outputs/20260426_155024/runs/run_338_h256_objh256_te128_fu256_obj1_ff2_blocks3_drop0p3_lr0p0005_wd0p001,/home/cmantill/narrador-futbol/experiments/positions/grid_search_outputs/20260426_155024/runs/run_338_h256_objh256_te128_fu256_obj1_ff2_blocks3_drop0p3_lr0p0005_wd0p001/best_model.pt,128,256,256,256,1,2,3,0.3,0.0005,0.001,512,3,early_stopping_val_loss_overfit_patience_3,0.3674924648974491,0.2837525297869435,0.3532903915947895,0.4088009279396839,0.38841785960948666,0.3963850344877039,4.8912744610397905,0.2837525297869435
/home/cmantill/narrador-futbol/experiments/positions/grid_search_outputs/20260426_155024/runs/run_081_h128_objh128_te64_fu128_obj1_ff4_blocks4_drop0p25_lr0p001_wd0p0005,/home/cmantill/narrador-futbol/experiments/positions/grid_search_outputs/20260426_155024/runs/run_081_h128_objh128_te64_fu128_obj1_ff4_blocks4_drop0p25_lr0p001_wd0p0005/best_model.pt,64,128,128,128,1,4,4,0.25,0.001,0.0005,512,4,early_stopping_val_loss_overfit_patience_3,0.35970006616187605,0.2836874064392332,0.3443979858534472,0.4003189792663477,0.38401836158253533,0.38905863219939874,3.0482728481292725,0.2836874064392332
/home/cmantill/narrador-futbol/experiments/positions/grid_search_outputs/20260426_155024/runs/run_022_h128_objh128_te64_fu128_obj2_ff4_blocks4_drop0p1_lr0p0005_wd0p0001,/home/cmantill/narrador-futbol/experiments/positions/grid_search_outputs/20260426_155024/runs/run_022_h128_objh128_te64_fu128_obj2_ff4_blocks4_drop0p1_lr0p0005_wd0p0001/best_model.pt,64,128,128,128,2,4,4,0.1,0.0005,0.0001,512,1,early_stopping_val_macro_f1_patience_3,0.3588914210100713,0.28342011776184256,0.34085649323656975,0.3981441206321589,0.382854429720748,0.38107181271898266,4.469029479556614,0.28342011776184256
/home/cmantill/narrador-futbol/experiments/positions/grid_search_outputs/20260426_155024/runs/run_178_h192_objh256_te128_fu256_obj1_ff4_blocks4_drop0p2_lr0p0005_wd0p0005,/home/cmantill/narrador-futbol/experiments/positions/grid_search_outputs/20260426_155024/runs/run_178_h192_objh256_te128_fu256_obj1_ff4_blocks4_drop0p2_lr0p0005_wd0p0005/best_model.pt,128,256,192,256,1,4,4,0.2,0.0005,0.0005,512,4,early_stopping_val_loss_overfit_patience_3,0.34602661177681393,0.2824586275750342,0.3390395519135225,0.3950268232564883,0.38252951522572504,0.3874128812788459,5.0318393972184925,0.2824586275750342
/home/cmantill/narrador-futbol/experiments/positions/grid_search_outputs/20260426_155024/runs/run_025_h128_objh128_te64_fu128_obj1_ff2_blocks3_drop0p15_lr0p001_wd0p0001,/home/cmantill/narrador-futbol/experiments/positions/grid_search_outputs/20260426_155024/runs/run_025_h128_objh128_te64_fu128_obj1_ff2_blocks3_drop0p15_lr0p001_wd0p0001/best_model.pt,64,128,128,128,1,2,3,0.15,0.001,0.0001,512,3,early_stopping_val_loss_overfit_patience_3,0.3816805116518415,0.28233646613319974,0.35683688959908044,0.42329998550094244,0.3927360805076923,0.40951834486959154,4.795076785264192,0.28233646613319974
/home/cmantill/narrador-futbol/experiments/positions/grid_search_outputs/20260426_155024/runs/run_318_h256_objh256_te128_fu256_obj1_ff2_blocks5_drop0p25_lr0p0005_wd0p0005,/home/cmantill/narrador-futbol/experiments/positions/grid_search_outputs/20260426_155024/runs/run_318_h256_objh256_te128_fu256_obj1_ff2_blocks5_drop0p25_lr0p0005_wd0p0005/best_model.pt,128,256,256,256,1,2,5,0.25,0.0005,0.0005,512,4,early_stopping_val_loss_overfit_patience_3,0.34676174373300006,0.28199622402430025,0.33542455075722755,0.37429317094388864,0.3606258879045925,0.3596063037248805,4.944890446133083,0.28199622402430025
/home/cmantill/narrador-futbol/experiments/positions/grid_search_outputs/20260426_155024/runs/run_004_h128_objh128_te64_fu128_obj1_ff2_blocks4_drop0p1_lr0p0005_wd0p0001,/home/cmantill/narrador-futbol/experiments/positions/grid_search_outputs/20260426_155024/runs/run_004_h128_objh128_te64_fu128_obj1_ff2_blocks4_drop0p1_lr0p0005_wd0p0001/best_model.pt,64,128,128,128,1,2,4,0.1,0.0005,0.0001,512,4,early_stopping_val_loss_overfit_patience_3,0.35051091670954937,0.2819753604344241,0.34436769670878414,0.40669856459330145,0.3974250744436739,0.39906196579078657,4.070724964141846,0.2819753604344241
/home/cmantill/narrador-futbol/experiments/positions/grid_search_outputs/20260426_155024/runs/run_148_h192_objh256_te128_fu256_obj1_ff2_blocks4_drop0p15_lr0p0005_wd0p0001,/home/cmantill/narrador-futbol/experiments/positions/grid_search_outputs/20260426_155024/runs/run_148_h192_objh256_te128_fu256_obj1_ff2_blocks4_drop0p15_lr0p0005_wd0p0001/best_model.pt,128,256,192,256,1,2,4,0.15,0.0005,0.0001,512,4,early_stopping_val_loss_overfit_patience_3,0.36389031831213703,0.2812956089235076,0.3542004895204543,0.38487748296360735,0.3600189615411428,0.37076623271985815,5.6952277819315595,0.2812956089235076
/home/cmantill/narrador-futbol/experiments/positions/grid_search_outputs/20260426_155024/runs/run_158_h192_objh256_te128_fu256_obj2_ff2_blocks3_drop0p15_lr0p0005_wd0p0001,/home/cmantill/narrador-futbol/experiments/positions/grid_search_outputs/20260426_155024/runs/run_158_h192_objh256_te128_fu256_obj2_ff2_blocks3_drop0p15_lr0p0005_wd0p0001/best_model.pt,128,256,192,256,2,2,3,0.15,0.0005,0.0001,512,4,early_stopping_val_loss_overfit_patience_3,0.3529368521649636,0.28039241514512053,0.341863396717746,0.4205451645643033,0.39683504584355184,0.4110891540472748,5.176690463666563,0.28039241514512053
/home/cmantill/narrador-futbol/experiments/positions/grid_search_outputs/20260426_155024/runs/run_302_h256_objh256_te128_fu256_obj2_ff2_blocks3_drop0p2_lr0p0005_wd0p0005,/home/cmantill/narrador-futbol/experiments/positions/grid_search_outputs/20260426_155024/runs/run_302_h256_objh256_te128_fu256_obj2_ff2_blocks3_drop0p2_lr0p0005_wd0p0005/best_model.pt,128,256,256,256,2,2,3,0.2,0.0005,0.0005,512,2,early_stopping_val_loss_overfit_patience_3,0.3681540836580166,0.2802541662199396,0.3516222442955529,0.39444686095403797,0.36038857080120645,0.37605330414124283,4.4924159933019565,0.2802541662199396
/home/cmantill/narrador-futbol/experiments/positions/grid_search_outputs/20260426_155024/runs/run_404_h256_objh384_te256_fu384_obj2_ff4_blocks3_drop0p15_lr0p0005_wd0p0001,/home/cmantill/narrador-futbol/experiments/positions/grid_search_outputs/20260426_155024/runs/run_404_h256_objh384_te256_fu384_obj2_ff4_blocks3_drop0p15_lr0p0005_wd0p0001/best_model.pt,256,384,256,384,2,4,3,0.15,0.0005,0.0001,512,2,early_stopping_val_loss_overfit_patience_3,0.3424979783871205,0.2798467990386188,0.3424029787333078,0.40669856459330145,0.3975113160299906,0.3972147022397664,6.453724419629133,0.2798467990386188
/home/cmantill/narrador-futbol/experiments/positions/grid_search_outputs/20260426_155024/runs/run_136_h192_objh256_te128_fu256_obj2_ff2_blocks4_drop0p1_lr0p0005_wd0p0001,/home/cmantill/narrador-futbol/experiments/positions/grid_search_outputs/20260426_155024/runs/run_136_h192_objh256_te128_fu256_obj2_ff2_blocks4_drop0p1_lr0p0005_wd0p0001/best_model.pt,128,256,192,256,2,2,4,0.1,0.0005,0.0001,512,2,early_stopping_val_loss_overfit_patience_3,0.36874218922296553,0.27952599318193794,0.3577404382853479,0.37987530810497316,0.3511334430134493,0.3647480109074851,6.053509570934154,0.27952599318193794
/home/cmantill/narrador-futbol/experiments/positions/grid_search_outputs/20260426_155024/runs/run_428_h256_objh384_te256_fu384_obj2_ff4_blocks3_drop0p2_lr0p0005_wd0p0005,/home/cmantill/narrador-futbol/experiments/positions/grid_search_outputs/20260426_155024/runs/run_428_h256_objh384_te256_fu384_obj2_ff4_blocks3_drop0p2_lr0p0005_wd0p0005/best_model.pt,256,384,256,384,2,4,3,0.2,0.0005,0.0005,512,4,early_stopping_val_loss_overfit_patience_3,0.3349261192384033,0.278910832433187,0.33324826683255027,0.34290271132376393,0.33993966059919245,0.34153922037074425,6.025587523425067,0.278910832433187
/home/cmantill/narrador-futbol/experiments/positions/grid_search_outputs/20260426_155024/runs/run_360_h256_objh256_te128_fu256_obj2_ff4_blocks5_drop0p3_lr0p0005_wd0p001,/home/cmantill/narrador-futbol/experiments/positions/grid_search_outputs/20260426_155024/runs/run_360_h256_objh256_te128_fu256_obj2_ff4_blocks5_drop0p3_lr0p0005_wd0p001/best_model.pt,128,256,256,256,2,4,5,0.3,0.0005,0.001,512,1,early_stopping_val_macro_f1_patience_3,0.3710946114827612,0.27884276834616384,0.34551792912079277,0.3768305060171089,0.3547729089738066,0.3611280251714295,4.663976192474365,0.27884276834616384
/home/cmantill/narrador-futbol/experiments/positions/grid_search_outputs/20260426_155024/runs/run_261_h256_objh256_te128_fu256_obj2_ff4_blocks4_drop0p1_lr0p001_wd0p0001,/home/cmantill/narrador-futbol/experiments/positions/grid_search_outputs/20260426_155024/runs/run_261_h256_objh256_te128_fu256_obj2_ff4_blocks4_drop0p1_lr0p001_wd0p0001/best_model.pt,128,256,256,256,2,4,4,0.1,0.001,0.0001,512,4,early_stopping_val_loss_overfit_patience_3,0.34088068808351096,0.2785833894510998,0.32685551930184925,0.3515296505727128,0.3406999153469909,0.3457543186989174,5.5529454902366355,0.2785833894510998
/home/cmantill/narrador-futbol/experiments/positions/grid_search_outputs/20260426_155024/runs/run_352_h256_objh256_te128_fu256_obj2_ff2_blocks4_drop0p3_lr0p0005_wd0p001,/home/cmantill/narrador-futbol/experiments/positions/grid_search_outputs/20260426_155024/runs/run_352_h256_objh256_te128_fu256_obj2_ff2_blocks4_drop0p3_lr0p0005_wd0p001/best_model.pt,128,256,256,256,2,2,4,0.3,0.0005,0.001,512,4,early_stopping_val_loss_overfit_patience_3,0.34565904579872087,0.2781265905895008,0.3423744824105114,0.39553429027113235,0.3722098896008952,0.3746218140365863,4.928080885498612,0.2781265905895008
/home/cmantill/narrador-futbol/experiments/positions/grid_search_outputs/20260426_155024/runs/run_076_h128_objh128_te64_fu128_obj1_ff2_blocks4_drop0p25_lr0p0005_wd0p0005,/home/cmantill/narrador-futbol/experiments/positions/grid_search_outputs/20260426_155024/runs/run_076_h128_objh128_te64_fu128_obj1_ff2_blocks4_drop0p25_lr0p0005_wd0p0005/best_model.pt,64,128,128,128,1,2,4,0.25,0.0005,0.0005,512,4,early_stopping_val_loss_overfit_patience_3,0.36249356759538337,0.2779464972907547,0.3484513677179578,0.4285196462229955,0.4111412839980287,0.41946092204347835,3.5509308532432273,0.2779464972907547
/home/cmantill/narrador-futbol/experiments/positions/grid_search_outputs/20260426_155024/runs/run_342_h256_objh256_te128_fu256_obj1_ff2_blocks5_drop0p3_lr0p0005_wd0p001,/home/cmantill/narrador-futbol/experiments/positions/grid_search_outputs/20260426_155024/runs/run_342_h256_objh256_te128_fu256_obj1_ff2_blocks5_drop0p3_lr0p0005_wd0p001/best_model.pt,128,256,256,256,1,2,5,0.3,0.0005,0.001,512,3,early_stopping_val_loss_overfit_patience_3,0.3374990810850548,0.277855276589321,0.3374833774440694,0.4227200231984921,0.4126604078182404,0.4118999185142205,4.459453123587149,0.277855276589321
/home/cmantill/narrador-futbol/experiments/positions/grid_search_outputs/20260426_155024/runs/run_073_h128_objh128_te64_fu128_obj1_ff2_blocks3_drop0p25_lr0p001_wd0p0005,/home/cmantill/narrador-futbol/experiments/positions/grid_search_outputs/20260426_155024/runs/run_073_h128_objh128_te64_fu128_obj1_ff2_blocks3_drop0p25_lr0p001_wd0p0005/best_model.pt,64,128,128,128,1,2,3,0.25,0.001,0.0005,512,1,early_stopping_val_macro_f1_patience_3,0.3724178490038962,0.27742254024593016,0.3536920388829991,0.4225750326228795,0.401593227334212,0.40260915173826123,4.640056301046301,0.27742254024593016
/home/cmantill/narrador-futbol/experiments/positions/grid_search_outputs/20260426_155024/runs/run_066_h128_objh128_te64_fu128_obj2_ff2_blocks5_drop0p2_lr0p0005_wd0p0005,/home/cmantill/narrador-futbol/experiments/positions/grid_search_outputs/20260426_155024/runs/run_066_h128_objh128_te64_fu128_obj2_ff2_blocks5_drop0p2_lr0p0005_wd0p0005/best_model.pt,64,128,128,128,2,2,5,0.2,0.0005,0.0005,512,4,early_stopping_val_loss_overfit_patience_3,0.3403660957141807,0.276809640878228,0.33174719243579454,0.40858344207626507,0.3959990317301615,0.39661691488113243,4.4211319287618,0.276809640878228
/home/cmantill/narrador-futbol/experiments/positions/grid_search_outputs/20260426_155024/runs/run_458_h256_objh384_te256_fu384_obj1_ff2_blocks3_drop0p3_lr0p0005_wd0p001,/home/cmantill/narrador-futbol/experiments/positions/grid_search_outputs/20260426_155024/runs/run_458_h256_objh384_te256_fu384_obj1_ff2_blocks3_drop0p3_lr0p0005_wd0p001/best_model.pt,256,384,256,384,1,2,3,0.3,0.0005,0.001,512,4,early_stopping_val_loss_overfit_patience_3,0.3452179666250092,0.2768083285775706,0.3353530866154268,0.43257938234014787,0.4184969510454799,0.4156348779696466,4.443561121269509,0.2768083285775706
/home/cmantill/narrador-futbol/experiments/positions/grid_search_outputs/20260426_155024/runs/run_290_h256_objh256_te128_fu256_obj1_ff2_blocks3_drop0p2_lr0p0005_wd0p0005,/home/cmantill/narrador-futbol/experiments/positions/grid_search_outputs/20260426_155024/runs/run_290_h256_objh256_te128_fu256_obj1_ff2_blocks3_drop0p2_lr0p0005_wd0p0005/best_model.pt,128,256,256,256,1,2,3,0.2,0.0005,0.0005,512,3,early_stopping_val_loss_overfit_patience_3,0.3382342130412409,0.2766790287279275,0.3392206802804775,0.43323183993040454,0.4157227535515816,0.4222767082920778,5.761299574816668,0.2766790287279275
/home/cmantill/narrador-futbol/experiments/positions/grid_search_outputs/20260426_155024/runs/run_018_h128_objh128_te64_fu128_obj2_ff2_blocks5_drop0p1_lr0p0005_wd0p0001,/home/cmantill/narrador-futbol/experiments/positions/grid_search_outputs/20260426_155024/runs/run_018_h128_objh128_te64_fu128_obj2_ff2_blocks5_drop0p1_lr0p0005_wd0p0001/best_model.pt,64,128,128,128,2,2,5,0.1,0.0005,0.0001,512,3,early_stopping_val_loss_overfit_patience_3,0.3433066235389252,0.27666472364518735,0.33361695588134027,0.4148905321154125,0.39653096892840145,0.40662230113407305,5.16185575944406,0.27666472364518735
/home/cmantill/narrador-futbol/experiments/positions/grid_search_outputs/20260426_155024/runs/run_334_h256_objh256_te128_fu256_obj2_ff4_blocks4_drop0p25_lr0p0005_wd0p0005,/home/cmantill/narrador-futbol/experiments/positions/grid_search_outputs/20260426_155024/runs/run_334_h256_objh256_te128_fu256_obj2_ff4_blocks4_drop0p25_lr0p0005_wd0p0005/best_model.pt,128,256,256,256,2,4,4,0.25,0.0005,0.0005,512,3,early_stopping_val_loss_overfit_patience_3,0.3599941189443505,0.2766488294475526,0.3443020722123547,0.41866028708133973,0.3865131097633085,0.40639684997387376,4.641067911077429,0.2766488294475526
/home/cmantill/narrador-futbol/experiments/positions/grid_search_outputs/20260426_155024/runs/run_068_h128_objh128_te64_fu128_obj2_ff4_blocks3_drop0p2_lr0p0005_wd0p0005,/home/cmantill/narrador-futbol/experiments/positions/grid_search_outputs/20260426_155024/runs/run_068_h128_objh128_te64_fu128_obj2_ff4_blocks3_drop0p2_lr0p0005_wd0p0005/best_model.pt,64,128,128,128,2,4,3,0.2,0.0005,0.0005,512,1,early_stopping_val_macro_f1_patience_3,0.3561714327721826,0.2765755284493681,0.3320632946022868,0.40662606930549516,0.39297174410033786,0.3879115124859681,4.495523302643387,0.2765755284493681
/home/cmantill/narrador-futbol/experiments/positions/grid_search_outputs/20260426_155024/runs/run_192_h192_objh256_te128_fu256_obj2_ff4_blocks5_drop0p2_lr0p0005_wd0p0005,/home/cmantill/narrador-futbol/experiments/positions/grid_search_outputs/20260426_155024/runs/run_192_h192_objh256_te128_fu256_obj2_ff4_blocks5_drop0p2_lr0p0005_wd0p0005/best_model.pt,128,256,192,256,2,4,5,0.2,0.0005,0.0005,512,4,early_stopping_val_loss_overfit_patience_3,0.34396824229949274,0.2759696612718279,0.3381873316102272,0.3856749311294766,0.3743980848867309,0.38061801606997947,4.7444695278450295,0.2759696612718279
/home/cmantill/narrador-futbol/experiments/positions/grid_search_outputs/20260426_155024/runs/run_023_h128_objh128_te64_fu128_obj2_ff4_blocks5_drop0p1_lr0p001_wd0p0001,/home/cmantill/narrador-futbol/experiments/positions/grid_search_outputs/20260426_155024/runs/run_023_h128_objh128_te64_fu128_obj2_ff4_blocks5_drop0p1_lr0p001_wd0p0001/best_model.pt,64,128,128,128,2,4,5,0.1,0.001,0.0001,512,3,early_stopping_val_loss_overfit_patience_3,0.3552157612291406,0.2755930151278211,0.3400473723369026,0.4177903436276642,0.37946011856984385,0.3955745273499921,5.561120165718926,0.2755930151278211
/home/cmantill/narrador-futbol/experiments/positions/grid_search_outputs/20260426_155024/runs/run_020_h128_objh128_te64_fu128_obj2_ff4_blocks3_drop0p1_lr0p0005_wd0p0001,/home/cmantill/narrador-futbol/experiments/positions/grid_search_outputs/20260426_155024/runs/run_020_h128_objh128_te64_fu128_obj2_ff4_blocks3_drop0p1_lr0p0005_wd0p0001/best_model.pt,64,128,128,128,2,4,3,0.1,0.0005,0.0001,512,4,early_stopping_val_loss_overfit_patience_3,0.334411526869073,0.2749618702037491,0.32511580189277034,0.4188777729447586,0.40972396680963546,0.40380753865522734,5.016152373066655,0.2749618702037491
/home/cmantill/narrador-futbol/experiments/positions/grid_search_outputs/20260426_155024/runs/run_058_h128_objh128_te64_fu128_obj1_ff4_blocks4_drop0p2_lr0p0005_wd0p0005,/home/cmantill/narrador-futbol/experiments/positions/grid_search_outputs/20260426_155024/runs/run_058_h128_objh128_te64_fu128_obj1_ff4_blocks4_drop0p2_lr0p0005_wd0p0005/best_model.pt,64,128,128,128,1,4,4,0.2,0.0005,0.0005,512,3,early_stopping_val_loss_overfit_patience_3,0.34595309858119533,0.2748881335218254,0.3374031996267378,0.4125706829056111,0.3909158828319541,0.4033374902379544,3.8056211648163973,0.2748881335218254
/home/cmantill/narrador-futbol/experiments/positions/grid_search_outputs/20260426_155024/runs/run_016_h128_objh128_te64_fu128_obj2_ff2_blocks4_drop0p1_lr0p0005_wd0p0001,/home/cmantill/narrador-futbol/experiments/positions/grid_search_outputs/20260426_155024/runs/run_016_h128_objh128_te64_fu128_obj2_ff2_blocks4_drop0p1_lr0p0005_wd0p0001/best_model.pt,64,128,128,128,2,2,4,0.1,0.0005,0.0001,512,4,early_stopping_val_loss_overfit_patience_3,0.34492391384253474,0.2748789438532383,0.3342647000920224,0.39647672901261416,0.37696922729234655,0.3765803553301403,4.702668340117843,0.2748789438532383
/home/cmantill/narrador-futbol/experiments/positions/grid_search_outputs/20260426_155024/runs/run_336_h256_objh256_te128_fu256_obj2_ff4_blocks5_drop0p25_lr0p0005_wd0p0005,/home/cmantill/narrador-futbol/experiments/positions/grid_search_outputs/20260426_155024/runs/run_336_h256_objh256_te128_fu256_obj2_ff4_blocks5_drop0p25_lr0p0005_wd0p0005/best_model.pt,128,256,256,256,2,4,5,0.25,0.0005,0.0005,512,1,early_stopping_val_macro_f1_patience_3,0.37859295743585974,0.2748678596239302,0.3530436260874943,0.3545019573727708,0.33836810568880465,0.33934118246343004,4.771908124287923,0.2748678596239302
/home/cmantill/narrador-futbol/experiments/positions/grid_search_outputs/20260426_155024/runs/run_120_h128_objh128_te64_fu128_obj2_ff4_blocks5_drop0p3_lr0p0005_wd0p001,/home/cmantill/narrador-futbol/experiments/positions/grid_search_outputs/20260426_155024/runs/run_120_h128_objh128_te64_fu128_obj2_ff4_blocks5_drop0p3_lr0p0005_wd0p001/best_model.pt,64,128,128,128,2,4,5,0.3,0.0005,0.001,512,2,early_stopping_val_loss_overfit_patience_3,0.34771741527604205,0.2747421806052809,0.3337988110844699,0.3756705814122082,0.37126553247963506,0.3606247502897082,4.075458376495926,0.2747421806052809
/home/cmantill/narrador-futbol/experiments/positions/grid_search_outputs/20260426_155024/runs/run_145_h192_objh256_te128_fu256_obj1_ff2_blocks3_drop0p15_lr0p001_wd0p0001,/home/cmantill/narrador-futbol/experiments/positions/grid_search_outputs/20260426_155024/runs/run_145_h192_objh256_te128_fu256_obj1_ff2_blocks3_drop0p15_lr0p001_wd0p0001/best_model.pt,128,256,192,256,1,2,3,0.15,0.001,0.0001,512,3,early_stopping_val_loss_overfit_patience_3,0.3523487466000147,0.2740801176161152,0.33565279226292166,0.3915470494417863,0.37146449872247345,0.3780692957543246,5.626503034874245,0.2740801176161152
/home/cmantill/narrador-futbol/experiments/positions/grid_search_outputs/20260426_155024/runs/run_126_h192_objh256_te128_fu256_obj1_ff2_blocks5_drop0p1_lr0p0005_wd0p0001,/home/cmantill/narrador-futbol/experiments/positions/grid_search_outputs/20260426_155024/runs/run_126_h192_objh256_te128_fu256_obj1_ff2_blocks5_drop0p1_lr0p0005_wd0p0001/best_model.pt,128,256,192,256,1,2,5,0.1,0.0005,0.0001,512,2,early_stopping_val_loss_overfit_patience_3,0.35043740351393077,0.273626847871892,0.3366519207251296,0.44570102943308687,0.41865686424730997,0.427188338519646,6.27170811759101,0.273626847871892
/home/cmantill/narrador-futbol/experiments/positions/grid_search_outputs/20260426_155024/runs/run_444_h256_objh384_te256_fu384_obj1_ff4_blocks5_drop0p25_lr0p0005_wd0p0005,/home/cmantill/narrador-futbol/experiments/positions/grid_search_outputs/20260426_155024/runs/run_444_h256_objh384_te256_fu384_obj1_ff4_blocks5_drop0p25_lr0p0005_wd0p0005/best_model.pt,256,384,256,384,1,4,5,0.25,0.0005,0.0005,512,1,early_stopping_val_macro_f1_patience_3,0.3513930750569727,0.27362116149176086,0.32996934291105234,0.3620414673046252,0.35941420910683075,0.35972899275085013,4.374538350988318,0.27362116149176086
/home/cmantill/narrador-futbol/experiments/positions/grid_search_outputs/20260426_155024/runs/run_196_h192_objh256_te128_fu256_obj1_ff2_blocks4_drop0p25_lr0p0005_wd0p0005,/home/cmantill/narrador-futbol/experiments/positions/grid_search_outputs/20260426_155024/runs/run_196_h192_objh256_te128_fu256_obj1_ff2_blocks4_drop0p25_lr0p0005_wd0p0005/best_model.pt,128,256,192,256,1,2,4,0.25,0.0005,0.0005,512,4,early_stopping_val_loss_overfit_patience_3,0.323384547526281,0.2734087471694183,0.3230160105751199,0.3589241699289546,0.34802131930832825,0.3457333846557481,5.1048243487322775,0.2734087471694183
/home/cmantill/narrador-futbol/experiments/positions/grid_search_outputs/20260426_155024/runs/run_176_h192_objh256_te128_fu256_obj1_ff4_blocks3_drop0p2_lr0p0005_wd0p0005,/home/cmantill/narrador-futbol/experiments/positions/grid_search_outputs/20260426_155024/runs/run_176_h192_objh256_te128_fu256_obj1_ff4_blocks3_drop0p2_lr0p0005_wd0p0005/best_model.pt,128,256,192,256,1,4,3,0.2,0.0005,0.0005,512,4,early_stopping_val_loss_overfit_patience_3,0.3374255678894362,0.2732956185029948,0.3297211360283283,0.3526170798898072,0.3434321625629488,0.3480928768920143,5.3522038812990544,0.2732956185029948
/home/cmantill/narrador-futbol/experiments/positions/grid_search_outputs/20260426_155024/runs/run_154_h192_objh256_te128_fu256_obj1_ff4_blocks4_drop0p15_lr0p0005_wd0p0001,/home/cmantill/narrador-futbol/experiments/positions/grid_search_outputs/20260426_155024/runs/run_154_h192_objh256_te128_fu256_obj1_ff4_blocks4_drop0p15_lr0p0005_wd0p0001/best_model.pt,128,256,192,256,1,4,4,0.15,0.0005,0.0001,512,4,early_stopping_val_loss_overfit_patience_3,0.33470557965154746,0.2731217681780257,0.3223592921280628,0.38219515731477455,0.3589405151418839,0.3706188640417771,5.6399748590257435,0.2731217681780257
/home/cmantill/narrador-futbol/experiments/positions/grid_search_outputs/20260426_155024/runs/run_144_h192_objh256_te128_fu256_obj2_ff4_blocks5_drop0p1_lr0p0005_wd0p0001,/home/cmantill/narrador-futbol/experiments/positions/grid_search_outputs/20260426_155024/runs/run_144_h192_objh256_te128_fu256_obj2_ff4_blocks5_drop0p1_lr0p0005_wd0p0001/best_model.pt,128,256,192,256,2,4,5,0.1,0.0005,0.0001,512,2,early_stopping_val_loss_overfit_patience_3,0.32191428361390867,0.2731160682685776,0.31236503139482835,0.39981151225170364,0.38594521047932473,0.39567943651371934,5.171740505430433,0.2731160682685776
/home/cmantill/narrador-futbol/experiments/positions/grid_search_outputs/20260426_155024/runs/run_019_h128_objh128_te64_fu128_obj2_ff4_blocks3_drop0p1_lr0p001_wd0p0001,/home/cmantill/narrador-futbol/experiments/positions/grid_search_outputs/20260426_155024/runs/run_019_h128_objh128_te64_fu128_obj2_ff4_blocks3_drop0p1_lr0p001_wd0p0001/best_model.pt,64,128,128,128,2,4,3,0.1,0.001,0.0001,512,3,early_stopping_val_loss_overfit_patience_3,0.3511725354701169,0.27264483057294214,0.3293557556547481,0.3942293750906191,0.3745766746253547,0.3851424463392342,5.686374558342828,0.27264483057294214
/home/cmantill/narrador-futbol/experiments/positions/grid_search_outputs/20260426_155024/runs/run_368_h256_objh384_te256_fu384_obj1_ff4_blocks3_drop0p1_lr0p0005_wd0p0001,/home/cmantill/narrador-futbol/experiments/positions/grid_search_outputs/20260426_155024/runs/run_368_h256_objh384_te256_fu384_obj1_ff4_blocks3_drop0p1_lr0p0005_wd0p0001/best_model.pt,256,384,256,384,1,4,3,0.1,0.0005,0.0001,512,4,early_stopping_val_loss_overfit_patience_3,0.3594060133794016,0.2724843845542787,0.3505909371911466,0.4111207771494853,0.394898842735511,0.39547717008429134,5.59905030992296,0.2724843845542787
/home/cmantill/narrador-futbol/experiments/positions/grid_search_outputs/20260426_155024/runs/run_097_h128_objh128_te64_fu128_obj1_ff2_blocks3_drop0p3_lr0p001_wd0p001,/home/cmantill/narrador-futbol/experiments/positions/grid_search_outputs/20260426_155024/runs/run_097_h128_objh128_te64_fu128_obj1_ff2_blocks3_drop0p3_lr0p001_wd0p001/best_model.pt,64,128,128,128,1,2,3,0.3,0.001,0.001,512,1,early_stopping_val_macro_f1_patience_3,0.3810924060868926,0.2721120723396112,0.36279504602703483,0.4081484703494273,0.39330000064250037,0.3954413133973453,4.353239933649699,0.2721120723396112
/home/cmantill/narrador-futbol/experiments/positions/grid_search_outputs/20260426_155024/runs/run_074_h128_objh128_te64_fu128_obj1_ff2_blocks3_drop0p25_lr0p0005_wd0p0005,/home/cmantill/narrador-futbol/experiments/positions/grid_search_outputs/20260426_155024/runs/run_074_h128_objh128_te64_fu128_obj1_ff2_blocks3_drop0p25_lr0p0005_wd0p0005/best_model.pt,64,128,128,128,1,2,3,0.25,0.0005,0.0005,512,1,early_stopping_val_macro_f1_patience_3,0.38675292214952584,0.27202757560980495,0.3606285774612686,0.39546179498332606,0.37598119593023366,0.3809958141301368,3.9706873099009194,0.27202757560980495
/home/cmantill/narrador-futbol/experiments/positions/grid_search_outputs/20260426_155024/runs/run_254_h256_objh256_te128_fu256_obj2_ff2_blocks3_drop0p1_lr0p0005_wd0p0001,/home/cmantill/narrador-futbol/experiments/positions/grid_search_outputs/20260426_155024/runs/run_254_h256_objh256_te128_fu256_obj2_ff2_blocks3_drop0p1_lr0p0005_wd0p0001/best_model.pt,128,256,256,256,2,2,3,0.1,0.0005,0.0001,512,3,early_stopping_val_loss_overfit_patience_3,0.3461736381680512,0.27170018109558813,0.3397983217342094,0.3894446860954038,0.36631166804632354,0.3802621356011749,5.259099845533018,0.27170018109558813
/home/cmantill/narrador-futbol/experiments/positions/grid_search_outputs/20260426_155024/runs/run_296_h256_objh256_te128_fu256_obj1_ff4_blocks3_drop0p2_lr0p0005_wd0p0005,/home/cmantill/narrador-futbol/experiments/positions/grid_search_outputs/20260426_155024/runs/run_296_h256_objh256_te128_fu256_obj1_ff4_blocks3_drop0p2_lr0p0005_wd0p0005/best_model.pt,128,256,256,256,1,4,3,0.2,0.0005,0.0005,512,4,early_stopping_val_loss_overfit_patience_3,0.33073586708814234,0.27125548549803263,0.32658464873553644,0.3903146295490793,0.3658644377686534,0.37235388369757716,4.964677377983376,0.27125548549803263
/home/cmantill/narrador-futbol/experiments/positions/grid_search_outputs/20260426_155024/runs/run_450_h256_objh384_te256_fu384_obj2_ff2_blocks5_drop0p25_lr0p0005_wd0p0005,/home/cmantill/narrador-futbol/experiments/positions/grid_search_outputs/20260426_155024/runs/run_450_h256_objh384_te256_fu384_obj2_ff2_blocks5_drop0p25_lr0p0005_wd0p0005/best_model.pt,256,384,256,384,2,2,5,0.25,0.0005,0.0005,512,4,early_stopping_val_loss_overfit_patience_3,0.3294861427626259,0.2709102727526403,0.32801659976412195,0.3793678410903291,0.36190748985032084,0.37144269419918646,5.224035351364701,0.2709102727526403
/home/cmantill/narrador-futbol/experiments/positions/grid_search_outputs/20260426_155024/runs/run_138_h192_objh256_te128_fu256_obj2_ff2_blocks5_drop0p1_lr0p0005_wd0p0001,/home/cmantill/narrador-futbol/experiments/positions/grid_search_outputs/20260426_155024/runs/run_138_h192_objh256_te128_fu256_obj2_ff2_blocks5_drop0p1_lr0p0005_wd0p0001/best_model.pt,128,256,192,256,2,2,5,0.1,0.0005,0.0001,512,3,early_stopping_val_loss_overfit_patience_3,0.32889803719767696,0.2706167301728914,0.31873677911621007,0.43112947658402206,0.4142653845723352,0.41340943750148335,5.763025107207121,0.2706167301728914
/home/cmantill/narrador-futbol/experiments/positions/grid_search_outputs/20260426_155024/runs/run_375_h256_objh384_te256_fu384_obj2_ff2_blocks4_drop0p1_lr0p001_wd0p0001,/home/cmantill/narrador-futbol/experiments/positions/grid_search_outputs/20260426_155024/runs/run_375_h256_objh384_te256_fu384_obj2_ff2_blocks4_drop0p1_lr0p001_wd0p0001/best_model.pt,256,384,256,384,2,2,4,0.1,0.001,0.0001,512,4,early_stopping_val_loss_overfit_patience_3,0.352863338969345,0.2705820576387317,0.33736446912137613,0.4082934609250399,0.38989240988547547,0.40319907144391454,7.643117321862115,0.2705820576387317
/home/cmantill/narrador-futbol/experiments/positions/grid_search_outputs/20260426_155024/runs/run_153_h192_objh256_te128_fu256_obj1_ff4_blocks4_drop0p15_lr0p001_wd0p0001,/home/cmantill/narrador-futbol/experiments/positions/grid_search_outputs/20260426_155024/runs/run_153_h192_objh256_te128_fu256_obj1_ff4_blocks4_drop0p15_lr0p001_wd0p0001/best_model.pt,128,256,192,256,1,4,4,0.15,0.001,0.0001,512,3,early_stopping_val_loss_overfit_patience_3,0.34190987282217156,0.2705234929366507,0.3232215274575471,0.3813977091489053,0.36714082159165673,0.3707726416981735,6.277628439444083,0.2705234929366507
/home/cmantill/narrador-futbol/experiments/positions/grid_search_outputs/20260426_155024/runs/run_195_h192_objh256_te128_fu256_obj1_ff2_blocks4_drop0p25_lr0p001_wd0p0005,/home/cmantill/narrador-futbol/experiments/positions/grid_search_outputs/20260426_155024/runs/run_195_h192_objh256_te128_fu256_obj1_ff2_blocks4_drop0p25_lr0p001_wd0p0005/best_model.pt,128,256,192,256,1,2,4,0.25,0.001,0.0005,512,3,early_stopping_val_loss_overfit_patience_3,0.33794016025876644,0.2701921276405138,0.3350913607409688,0.38299260548064373,0.3549919409036698,0.37208890060344324,6.35825001751935,0.2701921276405138
/home/cmantill/narrador-futbol/experiments/positions/grid_search_outputs/20260426_155024/runs/run_256_h256_objh256_te128_fu256_obj2_ff2_blocks4_drop0p1_lr0p0005_wd0p0001,/home/cmantill/narrador-futbol/experiments/positions/grid_search_outputs/20260426_155024/runs/run_256_h256_objh256_te128_fu256_obj2_ff2_blocks4_drop0p1_lr0p0005_wd0p0001/best_model.pt,128,256,256,256,2,2,4,0.1,0.0005,0.0001,512,3,early_stopping_val_loss_overfit_patience_3,0.3264721017422627,0.26977292413166326,0.31121204069368585,0.4179353342032768,0.3942677005715946,0.3989430218436686,5.616411323900576,0.26977292413166326
/home/cmantill/narrador-futbol/experiments/positions/grid_search_outputs/20260426_155024/runs/run_128_h192_objh256_te128_fu256_obj1_ff4_blocks3_drop0p1_lr0p0005_wd0p0001,/home/cmantill/narrador-futbol/experiments/positions/grid_search_outputs/20260426_155024/runs/run_128_h192_objh256_te128_fu256_obj1_ff4_blocks3_drop0p1_lr0p0005_wd0p0001/best_model.pt,128,256,192,256,1,4,3,0.1,0.0005,0.0001,512,3,early_stopping_val_loss_overfit_patience_3,0.359332500183783,0.2697474052648868,0.34486573357404804,0.41808032477888935,0.3930348083332037,0.4070846391000244,5.769921408759223,0.2697474052648868
/home/cmantill/narrador-futbol/experiments/positions/grid_search_outputs/20260426_155024/runs/run_322_h256_objh256_te128_fu256_obj1_ff4_blocks4_drop0p25_lr0p0005_wd0p0005,/home/cmantill/narrador-futbol/experiments/positions/grid_search_outputs/20260426_155024/runs/run_322_h256_objh256_te128_fu256_obj1_ff4_blocks4_drop0p25_lr0p0005_wd0p0005/best_model.pt,128,256,256,256,1,4,4,0.25,0.0005,0.0005,512,3,early_stopping_val_loss_overfit_patience_3,0.34404175549511135,0.269304697024394,0.3333651559257029,0.39553429027113235,0.34957838537011693,0.38188271174082705,4.912465113180655,0.269304697024394
/home/cmantill/narrador-futbol/experiments/positions/grid_search_outputs/20260426_155024/runs/run_216_h192_objh256_te128_fu256_obj2_ff4_blocks5_drop0p25_lr0p0005_wd0p0005,/home/cmantill/narrador-futbol/experiments/positions/grid_search_outputs/20260426_155024/runs/run_216_h192_objh256_te128_fu256_obj2_ff4_blocks5_drop0p25_lr0p0005_wd0p0005/best_model.pt,128,256,192,256,2,4,5,0.25,0.0005,0.0005,512,3,early_stopping_val_loss_overfit_patience_3,0.33257369697860767,0.26901064293197696,0.3255092200011431,0.3885747426417283,0.36935344206003984,0.38677623506641673,4.5418321291605634,0.26901064293197696
/home/cmantill/narrador-futbol/experiments/positions/grid_search_outputs/20260426_155024/runs/run_026_h128_objh128_te64_fu128_obj1_ff2_blocks3_drop0p15_lr0p0005_wd0p0001,/home/cmantill/narrador-futbol/experiments/positions/grid_search_outputs/20260426_155024/runs/run_026_h128_objh128_te64_fu128_obj1_ff2_blocks3_drop0p15_lr0p0005_wd0p0001/best_model.pt,64,128,128,128,1,2,3,0.15,0.0005,0.0001,512,1,early_stopping_val_macro_f1_patience_3,0.3708005587002867,0.26892738069461547,0.35353087425575547,0.3724807887487313,0.3566275113838521,0.3628522195788174,4.403761510495786,0.26892738069461547
/home/cmantill/narrador-futbol/experiments/positions/grid_search_outputs/20260426_155024/runs/run_385_h256_objh384_te256_fu384_obj1_ff2_blocks3_drop0p15_lr0p001_wd0p0001,/home/cmantill/narrador-futbol/experiments/positions/grid_search_outputs/20260426_155024/runs/run_385_h256_objh384_te256_fu384_obj1_ff2_blocks3_drop0p15_lr0p001_wd0p0001/best_model.pt,256,384,256,384,1,2,3,0.15,0.001,0.0001,512,4,early_stopping_val_loss_overfit_patience_3,0.34374770271263694,0.2689225098388595,0.33568022489756805,0.41344062635928663,0.39608127673920956,0.3922576575982456,5.620727159358837,0.2689225098388595
/home/cmantill/narrador-futbol/experiments/positions/grid_search_outputs/20260426_155024/runs/run_180_h192_objh256_te128_fu256_obj1_ff4_blocks5_drop0p2_lr0p0005_wd0p0005,/home/cmantill/narrador-futbol/experiments/positions/grid_search_outputs/20260426_155024/runs/run_180_h192_objh256_te128_fu256_obj1_ff4_blocks5_drop0p2_lr0p0005_wd0p0005/best_model.pt,128,256,192,256,1,4,5,0.2,0.0005,0.0005,512,4,early_stopping_val_loss_overfit_patience_3,0.35146658825259136,0.26837472665081735,0.33837081661299284,0.3959692619979701,0.38126735338502554,0.38750199571162824,5.064565852836326,0.26837472665081735
/home/cmantill/narrador-futbol/experiments/positions/grid_search_outputs/20260426_155024/runs/run_015_h128_objh128_te64_fu128_obj2_ff2_blocks4_drop0p1_lr0p001_wd0p0001,/home/cmantill/narrador-futbol/experiments/positions/grid_search_outputs/20260426_155024/runs/run_015_h128_objh128_te64_fu128_obj2_ff2_blocks4_drop0p1_lr0p001_wd0p0001/best_model.pt,64,128,128,128,2,2,4,0.1,0.001,0.0001,512,4,early_stopping_val_loss_overfit_patience_3,0.3274277732853047,0.2681995160358906,0.3261576173046469,0.3835000724952878,0.3749503223758062,0.37405222124996707,5.004416589383726,0.2681995160358906
/home/cmantill/narrador-futbol/experiments/positions/grid_search_outputs/20260426_155024/runs/run_127_h192_objh256_te128_fu256_obj1_ff4_blocks3_drop0p1_lr0p001_wd0p0001,/home/cmantill/narrador-futbol/experiments/positions/grid_search_outputs/20260426_155024/runs/run_127_h192_objh256_te128_fu256_obj1_ff4_blocks3_drop0p1_lr0p001_wd0p0001/best_model.pt,128,256,192,256,1,4,3,0.1,0.001,0.0001,512,4,early_stopping_val_loss_overfit_patience_3,0.3364698963463942,0.2681475674765727,0.3211103717849756,0.42329998550094244,0.3994921840287609,0.40757840456447525,6.333862375330042,0.2681475674765727
/home/cmantill/narrador-futbol/experiments/positions/grid_search_outputs/20260426_155024/runs/run_270_h256_objh256_te128_fu256_obj1_ff2_blocks5_drop0p15_lr0p0005_wd0p0001,/home/cmantill/narrador-futbol/experiments/positions/grid_search_outputs/20260426_155024/runs/run_270_h256_objh256_te128_fu256_obj1_ff2_blocks5_drop0p15_lr0p0005_wd0p0001/best_model.pt,128,256,256,256,1,2,5,0.15,0.0005,0.0001,512,2,early_stopping_val_loss_overfit_patience_3,0.32382562669999265,0.26813233344043774,0.3278541960521617,0.3952443091199072,0.3787681271119048,0.38669944604591905,5.762127434765851,0.26813233344043774
/home/cmantill/narrador-futbol/experiments/positions/grid_search_outputs/20260426_155024/runs/run_287_h256_objh256_te128_fu256_obj2_ff4_blocks5_drop0p15_lr0p001_wd0p0001,/home/cmantill/narrador-futbol/experiments/positions/grid_search_outputs/20260426_155024/runs/run_287_h256_objh256_te128_fu256_obj2_ff4_blocks5_drop0p15_lr0p001_wd0p0001/best_model.pt,128,256,256,256,2,4,5,0.15,0.001,0.0001,512,4,early_stopping_val_loss_overfit_patience_3,0.35793574946702933,0.26756053863654944,0.33355158669316615,0.40945338552994054,0.38488386093011706,0.3959580007425177,5.9461703741991965,0.26756053863654944
/home/cmantill/narrador-futbol/experiments/positions/grid_search_outputs/20260426_155024/runs/run_050_h128_objh128_te64_fu128_obj1_ff2_blocks3_drop0p2_lr0p0005_wd0p0005,/home/cmantill/narrador-futbol/experiments/positions/grid_search_outputs/20260426_155024/runs/run_050_h128_objh128_te64_fu128_obj1_ff2_blocks3_drop0p2_lr0p0005_wd0p0005/best_model.pt,64,128,128,128,1,2,3,0.2,0.0005,0.0005,512,4,early_stopping_val_loss_overfit_patience_3,0.3481584944497537,0.2674297611512226,0.33175456963507094,0.41938523995940263,0.3851425290485598,0.39826837902231654,4.199119161676477,0.2674297611512226
/home/cmantill/narrador-futbol/experiments/positions/grid_search_outputs/20260426_155024/runs/run_028_h128_objh128_te64_fu128_obj1_ff2_blocks4_drop0p15_lr0p0005_wd0p0001,/home/cmantill/narrador-futbol/experiments/positions/grid_search_outputs/20260426_155024/runs/run_028_h128_objh128_te64_fu128_obj1_ff2_blocks4_drop0p15_lr0p0005_wd0p0001/best_model.pt,64,128,128,128,1,2,4,0.15,0.0005,0.0001,512,4,early_stopping_val_loss_overfit_patience_3,0.3263250753510255,0.26732082628666753,0.3155975087167274,0.4185152965057271,0.4056613952157098,0.40863706792385424,3.87308136622111,0.26732082628666753
/home/cmantill/narrador-futbol/experiments/positions/grid_search_outputs/20260426_155024/runs/run_476_h256_objh384_te256_fu384_obj2_ff4_blocks3_drop0p3_lr0p0005_wd0p001,/home/cmantill/narrador-futbol/experiments/positions/grid_search_outputs/20260426_155024/runs/run_476_h256_objh384_te256_fu384_obj2_ff4_blocks3_drop0p3_lr0p0005_wd0p001/best_model.pt,256,384,256,384,2,4,3,0.3,0.0005,0.001,512,4,early_stopping_val_loss_overfit_patience_3,0.3324266705873704,0.26708312882555385,0.33118634137135844,0.35196462229955056,0.3416095711689741,0.34629229927009364,5.3263472627710415,0.26708312882555385
/home/cmantill/narrador-futbol/experiments/positions/grid_search_outputs/20260426_155024/runs/run_272_h256_objh256_te128_fu256_obj1_ff4_blocks3_drop0p15_lr0p0005_wd0p0001,/home/cmantill/narrador-futbol/experiments/positions/grid_search_outputs/20260426_155024/runs/run_272_h256_objh256_te128_fu256_obj1_ff4_blocks3_drop0p15_lr0p0005_wd0p0001/best_model.pt,128,256,256,256,1,4,3,0.15,0.0005,0.0001,512,4,early_stopping_val_loss_overfit_patience_3,0.3350731456296405,0.26692150695098793,0.3238235362715801,0.40575612585181964,0.3855457460487475,0.39433948355336573,5.4159175908124,0.26692150695098793
/home/cmantill/narrador-futbol/experiments/positions/grid_search_outputs/20260426_155024/runs/run_147_h192_objh256_te128_fu256_obj1_ff2_blocks4_drop0p15_lr0p001_wd0p0001,/home/cmantill/narrador-futbol/experiments/positions/grid_search_outputs/20260426_155024/runs/run_147_h192_objh256_te128_fu256_obj1_ff2_blocks4_drop0p15_lr0p001_wd0p0001/best_model.pt,128,256,192,256,1,2,4,0.15,0.001,0.0001,512,4,early_stopping_val_loss_overfit_patience_3,0.32882452400205836,0.2667375027167817,0.322044467790883,0.3942293750906191,0.3704785747731259,0.3809739239030884,6.891094631618923,0.2667375027167817
/home/cmantill/narrador-futbol/experiments/positions/grid_search_outputs/20260426_155024/runs/run_434_h256_objh384_te256_fu384_obj1_ff2_blocks3_drop0p25_lr0p0005_wd0p0005,/home/cmantill/narrador-futbol/experiments/positions/grid_search_outputs/20260426_155024/runs/run_434_h256_objh384_te256_fu384_obj1_ff2_blocks3_drop0p25_lr0p0005_wd0p0005/best_model.pt,256,384,256,384,1,2,3,0.25,0.0005,0.0005,512,3,early_stopping_val_loss_overfit_patience_3,0.3452179666250092,0.2667226834279205,0.3395464844211522,0.3817601855879368,0.36159916939522974,0.37458212707109473,4.888865232467651,0.2667226834279205
/home/cmantill/narrador-futbol/experiments/positions/grid_search_outputs/20260426_155024/runs/run_172_h192_objh256_te128_fu256_obj1_ff2_blocks4_drop0p2_lr0p0005_wd0p0005,/home/cmantill/narrador-futbol/experiments/positions/grid_search_outputs/20260426_155024/runs/run_172_h192_objh256_te128_fu256_obj1_ff2_blocks4_drop0p2_lr0p0005_wd0p0005/best_model.pt,128,256,192,256,1,2,4,0.2,0.0005,0.0005,512,4,early_stopping_val_loss_overfit_patience_3,0.3244872454605602,0.2666824586052533,0.32288547075210033,0.3667536610120342,0.3528777918343623,0.3624843851092146,5.360458197417082,0.2666824586052533
/home/cmantill/narrador-futbol/experiments/positions/grid_search_outputs/20260426_155024/runs/run_278_h256_objh256_te128_fu256_obj2_ff2_blocks3_drop0p15_lr0p0005_wd0p0001,/home/cmantill/narrador-futbol/experiments/positions/grid_search_outputs/20260426_155024/runs/run_278_h256_objh256_te128_fu256_obj2_ff2_blocks3_drop0p15_lr0p0005_wd0p0001/best_model.pt,128,256,256,256,2,2,3,0.15,0.0005,0.0001,512,2,early_stopping_val_loss_overfit_patience_3,0.35249577299125195,0.2666249493431433,0.34032598173950246,0.39807162534435264,0.3765273248161534,0.3788409181596819,4.8007288067429155,0.2666249493431433
/home/cmantill/narrador-futbol/experiments/positions/grid_search_outputs/20260426_155024/runs/run_141_h192_objh256_te128_fu256_obj2_ff4_blocks4_drop0p1_lr0p001_wd0p0001,/home/cmantill/narrador-futbol/experiments/positions/grid_search_outputs/20260426_155024/runs/run_141_h192_objh256_te128_fu256_obj2_ff4_blocks4_drop0p1_lr0p001_wd0p0001/best_model.pt,128,256,192,256,2,4,4,0.1,0.001,0.0001,512,3,early_stopping_val_loss_overfit_patience_3,0.3352936852164964,0.26644149926177385,0.32479925798424913,0.40561113527620707,0.3878725547095892,0.4001753280102361,6.4703409318570735,0.26644149926177385
/home/cmantill/narrador-futbol/experiments/positions/grid_search_outputs/20260426_155024/runs/run_238_h192_objh256_te128_fu256_obj2_ff4_blocks4_drop0p3_lr0p0005_wd0p001,/home/cmantill/narrador-futbol/experiments/positions/grid_search_outputs/20260426_155024/runs/run_238_h192_objh256_te128_fu256_obj2_ff4_blocks4_drop0p3_lr0p0005_wd0p001/best_model.pt,128,256,192,256,2,4,4,0.3,0.0005,0.001,512,4,early_stopping_val_loss_overfit_patience_3,0.36161140924796004,0.26615325049010147,0.3513657312843439,0.36936349137306074,0.34170144288976273,0.3616722374883791,4.394008848402235,0.26615325049010147
/home/cmantill/narrador-futbol/experiments/positions/grid_search_outputs/20260426_155024/runs/run_124_h192_objh256_te128_fu256_obj1_ff2_blocks4_drop0p1_lr0p0005_wd0p0001,/home/cmantill/narrador-futbol/experiments/positions/grid_search_outputs/20260426_155024/runs/run_124_h192_objh256_te128_fu256_obj1_ff2_blocks4_drop0p1_lr0p0005_wd0p0001/best_model.pt,128,256,192,256,1,2,4,0.1,0.0005,0.0001,512,3,early_stopping_val_loss_overfit_patience_3,0.3351466588252591,0.2661106511701098,0.32251809083777977,0.42931709438886473,0.4050341982217714,0.4109654337388533,5.743218457257306,0.2661106511701098
/home/cmantill/narrador-futbol/experiments/positions/grid_search_outputs/20260426_155024/runs/run_312_h256_objh256_te128_fu256_obj2_ff4_blocks5_drop0p2_lr0p0005_wd0p0005,/home/cmantill/narrador-futbol/experiments/positions/grid_search_outputs/20260426_155024/runs/run_312_h256_objh256_te128_fu256_obj2_ff4_blocks5_drop0p2_lr0p0005_wd0p0005/best_model.pt,128,256,256,256,2,4,5,0.2,0.0005,0.0005,512,3,early_stopping_val_loss_overfit_patience_3,0.3215467176358156,0.2660089680521961,0.31952647720081045,0.38386254893431926,0.3686867290166348,0.3640144654426894,4.945083856582642,0.2660089680521961
/home/cmantill/narrador-futbol/experiments/positions/grid_search_outputs/20260426_155024/runs/run_051_h128_objh128_te64_fu128_obj1_ff2_blocks4_drop0p2_lr0p001_wd0p0005,/home/cmantill/narrador-futbol/experiments/positions/grid_search_outputs/20260426_155024/runs/run_051_h128_objh128_te64_fu128_obj1_ff2_blocks4_drop0p2_lr0p001_wd0p0005/best_model.pt,64,128,128,128,1,2,4,0.2,0.001,0.0005,512,4,early_stopping_val_loss_overfit_patience_3,0.31588620157318237,0.2658153806999582,0.31113575841777663,0.39553429027113235,0.3806026674507344,0.3822785896234703,4.612710564224808,0.2658153806999582
/home/cmantill/narrador-futbol/experiments/positions/grid_search_outputs/20260426_155024/runs/run_049_h128_objh128_te64_fu128_obj1_ff2_blocks3_drop0p2_lr0p001_wd0p0005,/home/cmantill/narrador-futbol/experiments/positions/grid_search_outputs/20260426_155024/runs/run_049_h128_objh128_te64_fu128_obj1_ff2_blocks3_drop0p2_lr0p001_wd0p0005/best_model.pt,64,128,128,128,1,2,3,0.2,0.001,0.0005,512,3,early_stopping_val_loss_overfit_patience_3,0.36256708079100197,0.2653216303051541,0.33974850104310844,0.3924169928954618,0.36489575181440165,0.3815558229183553,5.068259804337113,0.2653216303051541
/home/cmantill/narrador-futbol/experiments/positions/grid_search_outputs/20260426_155024/runs/run_328_h256_objh256_te128_fu256_obj2_ff2_blocks4_drop0p25_lr0p0005_wd0p0005,/home/cmantill/narrador-futbol/experiments/positions/grid_search_outputs/20260426_155024/runs/run_328_h256_objh256_te128_fu256_obj2_ff2_blocks4_drop0p25_lr0p0005_wd0p0005/best_model.pt,128,256,256,256,2,2,4,0.25,0.0005,0.0005,512,4,early_stopping_val_loss_overfit_patience_3,0.33463206645592886,0.2651805969400251,0.33292562961763705,0.3916920400173989,0.3714279241318102,0.3813536013103931,4.932131352248015,0.2651805969400251
/home/cmantill/narrador-futbol/experiments/positions/grid_search_outputs/20260426_155024/runs/run_228_h192_objh256_te128_fu256_obj1_ff4_blocks5_drop0p3_lr0p0005_wd0p001,/home/cmantill/narrador-futbol/experiments/positions/grid_search_outputs/20260426_155024/runs/run_228_h192_objh256_te128_fu256_obj1_ff4_blocks5_drop0p3_lr0p0005_wd0p001/best_model.pt,128,256,192,256,1,4,5,0.3,0.0005,0.001,512,4,early_stopping_val_loss_overfit_patience_3,0.335367198412115,0.26515993108344893,0.3208868344505215,0.4380165289256198,0.4072792160218084,0.4143885510507601,4.704291741053264,0.26515993108344893
/home/cmantill/narrador-futbol/experiments/positions/grid_search_outputs/20260426_155024/runs/run_403_h256_objh384_te256_fu384_obj2_ff4_blocks3_drop0p15_lr0p001_wd0p0001,/home/cmantill/narrador-futbol/experiments/positions/grid_search_outputs/20260426_155024/runs/run_403_h256_objh384_te256_fu384_obj2_ff4_blocks3_drop0p15_lr0p001_wd0p0001/best_model.pt,256,384,256,384,2,4,3,0.15,0.001,0.0001,512,4,early_stopping_val_loss_overfit_patience_3,0.3285304712195839,0.2651557441398913,0.3202518488620352,0.3270262432941859,0.3029039768177131,0.3190956942450633,6.299318887569286,0.2651557441398913
/home/cmantill/narrador-futbol/experiments/positions/grid_search_outputs/20260426_155024/runs/run_220_h192_objh256_te128_fu256_obj1_ff2_blocks4_drop0p3_lr0p0005_wd0p001,/home/cmantill/narrador-futbol/experiments/positions/grid_search_outputs/20260426_155024/runs/run_220_h192_objh256_te128_fu256_obj1_ff2_blocks4_drop0p3_lr0p0005_wd0p001/best_model.pt,128,256,192,256,1,2,4,0.3,0.0005,0.001,512,4,early_stopping_val_loss_overfit_patience_3,0.3333088289347938,0.26512166504370605,0.3249930742460595,0.4039437436566623,0.3913283473192578,0.39280977481316903,4.893184591222693,0.26512166504370605
/home/cmantill/narrador-futbol/experiments/positions/grid_search_outputs/20260426_155024/runs/run_142_h192_objh256_te128_fu256_obj2_ff4_blocks4_drop0p1_lr0p0005_wd0p0001,/home/cmantill/narrador-futbol/experiments/positions/grid_search_outputs/20260426_155024/runs/run_142_h192_objh256_te128_fu256_obj2_ff4_blocks4_drop0p1_lr0p0005_wd0p0001/best_model.pt,128,256,192,256,2,4,4,0.1,0.0005,0.0001,512,4,early_stopping_val_loss_overfit_patience_3,0.3294861427626259,0.2650734664018415,0.3227595533110412,0.4377265477743947,0.41217299068465796,0.4158448623607516,6.234628165209735,0.2650734664018415
/home/cmantill/narrador-futbol/experiments/positions/grid_search_outputs/20260426_155024/runs/run_300_h256_objh256_te128_fu256_obj1_ff4_blocks5_drop0p2_lr0p0005_wd0p0005,/home/cmantill/narrador-futbol/experiments/positions/grid_search_outputs/20260426_155024/runs/run_300_h256_objh256_te128_fu256_obj1_ff4_blocks5_drop0p2_lr0p0005_wd0p0005/best_model.pt,128,256,256,256,1,4,5,0.2,0.0005,0.0005,512,4,early_stopping_val_loss_overfit_patience_3,0.3398515033448504,0.2648701486029639,0.32825612539726107,0.41503552269102506,0.38878943273780947,0.4020261816198091,4.786707374784681,0.2648701486029639
/home/cmantill/narrador-futbol/experiments/positions/grid_search_outputs/20260426_155024/runs/run_316_h256_objh256_te128_fu256_obj1_ff2_blocks4_drop0p25_lr0p0005_wd0p0005,/home/cmantill/narrador-futbol/experiments/positions/grid_search_outputs/20260426_155024/runs/run_316_h256_objh256_te128_fu256_obj1_ff2_blocks4_drop0p25_lr0p0005_wd0p0005/best_model.pt,128,256,256,256,1,2,4,0.25,0.0005,0.0005,512,3,early_stopping_val_loss_overfit_patience_3,0.34176284643093435,0.2647784448727245,0.3278641189563985,0.34181528200666955,0.327723583840854,0.3385391827618037,4.8087099481512,0.2647784448727245
/home/cmantill/narrador-futbol/experiments/positions/grid_search_outputs/20260426_155024/runs/run_168_h192_objh256_te128_fu256_obj2_ff4_blocks5_drop0p15_lr0p0005_wd0p0001,/home/cmantill/narrador-futbol/experiments/positions/grid_search_outputs/20260426_155024/runs/run_168_h192_objh256_te128_fu256_obj2_ff4_blocks5_drop0p15_lr0p0005_wd0p0001/best_model.pt,128,256,192,256,2,4,5,0.15,0.0005,0.0001,512,2,early_stopping_val_loss_overfit_patience_3,0.32088509887524813,0.2645809425982528,0.3120997181567435,0.40865593736407135,0.3892272041827498,0.4035556510638112,5.038485571190163,0.2645809425982528
/home/cmantill/narrador-futbol/experiments/positions/grid_search_outputs/20260426_155024/runs/run_202_h192_objh256_te128_fu256_obj1_ff4_blocks4_drop0p25_lr0p0005_wd0p0005,/home/cmantill/narrador-futbol/experiments/positions/grid_search_outputs/20260426_155024/runs/run_202_h192_objh256_te128_fu256_obj1_ff4_blocks4_drop0p25_lr0p0005_wd0p0005/best_model.pt,128,256,192,256,1,4,4,0.25,0.0005,0.0005,512,2,early_stopping_val_loss_overfit_patience_3,0.34610012497243253,0.2643759857732807,0.3260837467123396,0.3877047991880528,0.3718362953846735,0.3741990634018528,4.849618240639016,0.2643759857732807
/home/cmantill/narrador-futbol/experiments/positions/grid_search_outputs/20260426_155024/runs/run_063_h128_objh128_te64_fu128_obj2_ff2_blocks4_drop0p2_lr0p001_wd0p0005,/home/cmantill/narrador-futbol/experiments/positions/grid_search_outputs/20260426_155024/runs/run_063_h128_objh128_te64_fu128_obj2_ff2_blocks4_drop0p2_lr0p001_wd0p0005/best_model.pt,64,128,128,128,2,2,4,0.2,0.001,0.0005,512,4,early_stopping_val_loss_overfit_patience_3,0.33176505182680294,0.264347850138296,0.32487935556879477,0.38581992170508916,0.38405576284373166,0.38622714250835477,4.927392465096933,0.264347850138296
/home/cmantill/narrador-futbol/experiments/positions/grid_search_outputs/20260426_155024/runs/run_253_h256_objh256_te128_fu256_obj2_ff2_blocks3_drop0p1_lr0p001_wd0p0001,/home/cmantill/narrador-futbol/experiments/positions/grid_search_outputs/20260426_155024/runs/run_253_h256_objh256_te128_fu256_obj2_ff2_blocks3_drop0p1_lr0p001_wd0p0001/best_model.pt,128,256,256,256,2,2,3,0.1,0.001,0.0001,512,1,early_stopping_val_macro_f1_patience_3,0.3529368521649636,0.264311001626812,0.33253938766503327,0.44345367551109177,0.4176068712646114,0.43577948702805425,5.872250486303259,0.264311001626812
/home/cmantill/narrador-futbol/experiments/positions/grid_search_outputs/20260426_155024/runs/run_092_h128_objh128_te64_fu128_obj2_ff4_blocks3_drop0p25_lr0p0005_wd0p0005,/home/cmantill/narrador-futbol/experiments/positions/grid_search_outputs/20260426_155024/runs/run_092_h128_objh128_te64_fu128_obj2_ff4_blocks3_drop0p25_lr0p0005_wd0p0005/best_model.pt,64,128,128,128,2,4,3,0.25,0.0005,0.0005,512,1,early_stopping_val_macro_f1_patience_3,0.3533779313386753,0.2642382641113368,0.3309975140353326,0.42728722633028854,0.4073524649248575,0.40450780201217357,4.328629758622911,0.2642382641113368
/home/cmantill/narrador-futbol/experiments/positions/grid_search_outputs/20260426_155024/runs/run_179_h192_objh256_te128_fu256_obj1_ff4_blocks5_drop0p2_lr0p001_wd0p0005,/home/cmantill/narrador-futbol/experiments/positions/grid_search_outputs/20260426_155024/runs/run_179_h192_objh256_te128_fu256_obj1_ff4_blocks5_drop0p2_lr0p001_wd0p0005/best_model.pt,128,256,192,256,1,4,5,0.2,0.001,0.0005,512,1,early_stopping_val_macro_f1_patience_3,0.32801587885025363,0.2642328291329085,0.3137634369965291,0.4317819341742787,0.404398683076976,0.4125113470649209,5.288734789247866,0.2642328291329085
/home/cmantill/narrador-futbol/experiments/positions/grid_search_outputs/20260426_155024/runs/run_002_h128_objh128_te64_fu128_obj1_ff2_blocks3_drop0p1_lr0p0005_wd0p0001,/home/cmantill/narrador-futbol/experiments/positions/grid_search_outputs/20260426_155024/runs/run_002_h128_objh128_te64_fu128_obj1_ff2_blocks3_drop0p1_lr0p0005_wd0p0001/best_model.pt,64,128,128,128,1,2,3,0.1,0.0005,0.0001,512,1,early_stopping_val_macro_f1_patience_3,0.3502168639270749,0.2640882943536804,0.332861525536341,0.4207626504277222,0.40630187860726397,0.40362148246015456,4.812357549314146,0.2640882943536804
/home/cmantill/narrador-futbol/experiments/positions/grid_search_outputs/20260426_155024/runs/run_045_h128_objh128_te64_fu128_obj2_ff4_blocks4_drop0p15_lr0p001_wd0p0001,/home/cmantill/narrador-futbol/experiments/positions/grid_search_outputs/20260426_155024/runs/run_045_h128_objh128_te64_fu128_obj2_ff4_blocks4_drop0p15_lr0p001_wd0p0001/best_model.pt,64,128,128,128,2,4,4,0.15,0.001,0.0001,512,1,early_stopping_val_macro_f1_patience_3,0.3223553627876204,0.2638918230984969,0.31751683048359164,0.37596056256343335,0.3558073613307779,0.36051436667640885,4.3923829749778465,0.2638918230984969
/home/cmantill/narrador-futbol/experiments/positions/grid_search_outputs/20260426_155024/runs/run_233_h192_objh256_te128_fu256_obj2_ff2_blocks5_drop0p3_lr0p001_wd0p001,/home/cmantill/narrador-futbol/experiments/positions/grid_search_outputs/20260426_155024/runs/run_233_h192_objh256_te128_fu256_obj2_ff2_blocks5_drop0p3_lr0p001_wd0p001/best_model.pt,128,256,192,256,2,2,5,0.3,0.001,0.001,512,4,early_stopping_val_loss_overfit_patience_3,0.3490406527971771,0.2637248844260218,0.3392734272135971,0.3210091344062636,0.30202901632128243,0.3212041988653726,5.42859250527841,0.2637248844260218
/home/cmantill/narrador-futbol/experiments/positions/grid_search_outputs/20260426_155024/runs/run_284_h256_objh256_te128_fu256_obj2_ff4_blocks3_drop0p15_lr0p0005_wd0p0001,/home/cmantill/narrador-futbol/experiments/positions/grid_search_outputs/20260426_155024/runs/run_284_h256_objh256_te128_fu256_obj2_ff4_blocks3_drop0p15_lr0p0005_wd0p0001/best_model.pt,128,256,256,256,2,4,3,0.15,0.0005,0.0001,512,2,early_stopping_val_loss_overfit_patience_3,0.3191207821804014,0.26330887028177075,0.3145911886582145,0.4306945048571843,0.42090430751939023,0.41655180079863524,5.32639577653673,0.26330887028177075
/home/cmantill/narrador-futbol/experiments/positions/grid_search_outputs/20260426_155024/runs/run_324_h256_objh256_te128_fu256_obj1_ff4_blocks5_drop0p25_lr0p0005_wd0p0005,/home/cmantill/narrador-futbol/experiments/positions/grid_search_outputs/20260426_155024/runs/run_324_h256_objh256_te128_fu256_obj1_ff4_blocks5_drop0p25_lr0p0005_wd0p0005/best_model.pt,128,256,256,256,1,4,5,0.25,0.0005,0.0005,512,4,early_stopping_val_loss_overfit_patience_3,0.33691097552010585,0.2632958729157749,0.3272317850137159,0.3717558358706684,0.36485062403271573,0.36381742573176157,5.013901851795338,0.2632958729157749
/home/cmantill/narrador-futbol/experiments/positions/grid_search_outputs/20260426_155024/runs/run_374_h256_objh384_te256_fu384_obj2_ff2_blocks3_drop0p1_lr0p0005_wd0p0001,/home/cmantill/narrador-futbol/experiments/positions/grid_search_outputs/20260426_155024/runs/run_374_h256_objh384_te256_fu384_obj2_ff2_blocks3_drop0p1_lr0p0005_wd0p0001/best_model.pt,256,384,256,384,2,2,3,0.1,0.0005,0.0001,512,3,early_stopping_val_loss_overfit_patience_3,0.3254429170036022,0.26288540213734896,0.31474479090242014,0.36030158039727417,0.34710122948318917,0.3555750531124885,6.206768751144409,0.26288540213734896
/home/cmantill/narrador-futbol/experiments/positions/grid_search_outputs/20260426_155024/runs/run_052_h128_objh128_te64_fu128_obj1_ff2_blocks4_drop0p2_lr0p0005_wd0p0005,/home/cmantill/narrador-futbol/experiments/positions/grid_search_outputs/20260426_155024/runs/run_052_h128_objh128_te64_fu128_obj1_ff2_blocks4_drop0p2_lr0p0005_wd0p0005/best_model.pt,64,128,128,128,1,2,4,0.2,0.0005,0.0005,512,4,early_stopping_val_loss_overfit_patience_3,0.3291920899801514,0.26284327605876834,0.32333617230466144,0.43816151950123244,0.4314559588299699,0.4323030502621211,3.6769973083778664,0.26284327605876834
/home/cmantill/narrador-futbol/experiments/positions/grid_search_outputs/20260426_155024/runs/run_048_h128_objh128_te64_fu128_obj2_ff4_blocks5_drop0p15_lr0p0005_wd0p0001,/home/cmantill/narrador-futbol/experiments/positions/grid_search_outputs/20260426_155024/runs/run_048_h128_objh128_te64_fu128_obj2_ff4_blocks5_drop0p15_lr0p0005_wd0p0001/best_model.pt,64,128,128,128,2,4,5,0.15,0.0005,0.0001,512,3,early_stopping_val_loss_overfit_patience_3,0.3386752922149526,0.26271534293129606,0.31965897795989,0.43214441061331016,0.4062880986439052,0.4082075297858531,4.639593406959817,0.26271534293129606
/home/cmantill/narrador-futbol/experiments/positions/grid_search_outputs/20260426_155024/runs/run_292_h256_objh256_te128_fu256_obj1_ff2_blocks4_drop0p2_lr0p0005_wd0p0005,/home/cmantill/narrador-futbol/experiments/positions/grid_search_outputs/20260426_155024/runs/run_292_h256_objh256_te128_fu256_obj1_ff2_blocks4_drop0p2_lr0p0005_wd0p0005/best_model.pt,128,256,256,256,1,2,4,0.2,0.0005,0.0005,512,3,early_stopping_val_loss_overfit_patience_3,0.3313974858487098,0.26256122320609,0.31782346287088453,0.3832825866318689,0.3581345939330189,0.3682636620366006,5.041712646131162,0.26256122320609
/home/cmantill/narrador-futbol/experiments/positions/grid_search_outputs/20260426_155024/runs/run_445_h256_objh384_te256_fu384_obj2_ff2_blocks3_drop0p25_lr0p001_wd0p0005,/home/cmantill/narrador-futbol/experiments/positions/grid_search_outputs/20260426_155024/runs/run_445_h256_objh384_te256_fu384_obj2_ff2_blocks3_drop0p25_lr0p001_wd0p0005/best_model.pt,256,384,256,384,2,2,3,0.25,0.001,0.0005,512,4,early_stopping_val_loss_overfit_patience_3,0.3492611923840329,0.26206283227167065,0.3353165570116146,0.3508771929824561,0.33509866969335794,0.3450349247206323,5.964671532313029,0.26206283227167065
/home/cmantill/narrador-futbol/experiments/positions/grid_search_outputs/20260426_155024/runs/run_034_h128_objh128_te64_fu128_obj1_ff4_blocks4_drop0p15_lr0p0005_wd0p0001,/home/cmantill/narrador-futbol/experiments/positions/grid_search_outputs/20260426_155024/runs/run_034_h128_objh128_te64_fu128_obj1_ff4_blocks4_drop0p15_lr0p0005_wd0p0001/best_model.pt,64,128,128,128,1,4,4,0.15,0.0005,0.0001,512,3,early_stopping_val_loss_overfit_patience_3,0.3230169815481879,0.2620511978187045,0.31590218094215106,0.40365376250543716,0.38912246066722456,0.3946040024809855,4.188194380866157,0.2620511978187045
/home/cmantill/narrador-futbol/experiments/positions/grid_search_outputs/20260426_155024/runs/run_426_h256_objh384_te256_fu384_obj2_ff2_blocks5_drop0p2_lr0p0005_wd0p0005,/home/cmantill/narrador-futbol/experiments/positions/grid_search_outputs/20260426_155024/runs/run_426_h256_objh384_te256_fu384_obj2_ff2_blocks5_drop0p2_lr0p0005_wd0p0005/best_model.pt,256,384,256,384,2,2,5,0.2,0.0005,0.0005,512,4,early_stopping_val_loss_overfit_patience_3,0.32669264132911857,0.26166823263583133,0.3227427834204045,0.39277946933449326,0.3837900233828855,0.3872551387207937,5.245995106520476,0.26166823263583133
/home/cmantill/narrador-futbol/experiments/positions/grid_search_outputs/20260426_155024/runs/run_406_h256_objh384_te256_fu384_obj2_ff4_blocks4_drop0p15_lr0p0005_wd0p0001,/home/cmantill/narrador-futbol/experiments/positions/grid_search_outputs/20260426_155024/runs/run_406_h256_objh384_te256_fu384_obj2_ff4_blocks4_drop0p15_lr0p0005_wd0p0001/best_model.pt,256,384,256,384,2,4,4,0.15,0.0005,0.0001,512,2,early_stopping_val_loss_overfit_patience_3,0.32610453576416965,0.2615131310188985,0.31687741455097607,0.3561693489923155,0.329606043060615,0.33498193076998584,6.607657556180601,0.2615131310188985
/home/cmantill/narrador-futbol/experiments/positions/grid_search_outputs/20260426_155024/runs/run_218_h192_objh256_te128_fu256_obj1_ff2_blocks3_drop0p3_lr0p0005_wd0p001,/home/cmantill/narrador-futbol/experiments/positions/grid_search_outputs/20260426_155024/runs/run_218_h192_objh256_te128_fu256_obj1_ff2_blocks3_drop0p3_lr0p0005_wd0p001/best_model.pt,128,256,192,256,1,2,3,0.3,0.0005,0.001,512,4,early_stopping_val_loss_overfit_patience_3,0.3375725942806734,0.26148958164204894,0.3276824413226019,0.39553429027113235,0.3625453020328433,0.37532493051493043,4.255767062858299,0.26148958164204894
/home/cmantill/narrador-futbol/experiments/positions/grid_search_outputs/20260426_155024/runs/run_277_h256_objh256_te128_fu256_obj2_ff2_blocks3_drop0p15_lr0p001_wd0p0001,/home/cmantill/narrador-futbol/experiments/positions/grid_search_outputs/20260426_155024/runs/run_277_h256_objh256_te128_fu256_obj2_ff2_blocks3_drop0p15_lr0p001_wd0p0001/best_model.pt,128,256,256,256,2,2,3,0.15,0.001,0.0001,512,2,early_stopping_val_loss_overfit_patience_3,0.34073366169227376,0.2614672039387036,0.32087640238837567,0.40836595621284616,0.3667937224063747,0.3909767104781062,5.325966296372591,0.2614672039387036
/home/cmantill/narrador-futbol/experiments/positions/grid_search_outputs/20260426_155024/runs/run_274_h256_objh256_te128_fu256_obj1_ff4_blocks4_drop0p15_lr0p0005_wd0p0001,/home/cmantill/narrador-futbol/experiments/positions/grid_search_outputs/20260426_155024/runs/run_274_h256_objh256_te128_fu256_obj1_ff4_blocks4_drop0p15_lr0p0005_wd0p0001/best_model.pt,128,256,256,256,1,4,4,0.15,0.0005,0.0001,512,2,early_stopping_val_loss_overfit_patience_3,0.3272807468940675,0.2612700691959914,0.32349913512449413,0.42931709438886473,0.4088683653559759,0.4253165692572235,5.490939449380945,0.2612700691959914
/home/cmantill/narrador-futbol/experiments/positions/grid_search_outputs/20260426_155024/runs/run_348_h256_objh256_te128_fu256_obj1_ff4_blocks5_drop0p3_lr0p0005_wd0p001,/home/cmantill/narrador-futbol/experiments/positions/grid_search_outputs/20260426_155024/runs/run_348_h256_objh256_te128_fu256_obj1_ff4_blocks5_drop0p3_lr0p0005_wd0p001/best_model.pt,128,256,256,256,1,4,5,0.3,0.0005,0.001,512,1,early_stopping_val_macro_f1_patience_3,0.3065500257296185,0.2612062171299567,0.3055933454629085,0.35638683485573436,0.35779293012677277,0.3491307933008264,4.54735055676213,0.2612062171299567
/home/cmantill/narrador-futbol/experiments/positions/grid_search_outputs/20260426_155024/runs/run_094_h128_objh128_te64_fu128_obj2_ff4_blocks4_drop0p25_lr0p0005_wd0p0005,/home/cmantill/narrador-futbol/experiments/positions/grid_search_outputs/20260426_155024/runs/run_094_h128_objh128_te64_fu128_obj2_ff4_blocks4_drop0p25_lr0p0005_wd0p0005/best_model.pt,64,128,128,128,2,4,4,0.25,0.0005,0.0005,512,2,early_stopping_val_loss_overfit_patience_3,0.34676174373300006,0.2611419208381281,0.3264061222465309,0.43482673626214297,0.4138129449547782,0.42124095377539233,3.971027480231391,0.2611419208381281
/home/cmantill/narrador-futbol/experiments/positions/grid_search_outputs/20260426_155024/runs/run_344_h256_objh256_te128_fu256_obj1_ff4_blocks3_drop0p3_lr0p0005_wd0p001,/home/cmantill/narrador-futbol/experiments/positions/grid_search_outputs/20260426_155024/runs/run_344_h256_objh256_te128_fu256_obj1_ff4_blocks3_drop0p3_lr0p0005_wd0p001/best_model.pt,128,256,256,256,1,4,3,0.3,0.0005,0.001,512,4,early_stopping_val_loss_overfit_patience_3,0.31199000220539586,0.26100974599209026,0.3087597533735855,0.3922720023198492,0.37109067169187493,0.3786343202029001,4.564541269231726,0.26100974599209026
/home/cmantill/narrador-futbol/experiments/positions/grid_search_outputs/20260426_155024/runs/run_121_h192_objh256_te128_fu256_obj1_ff2_blocks3_drop0p1_lr0p001_wd0p0001,/home/cmantill/narrador-futbol/experiments/positions/grid_search_outputs/20260426_155024/runs/run_121_h192_objh256_te128_fu256_obj1_ff2_blocks3_drop0p1_lr0p001_wd0p0001/best_model.pt,128,256,192,256,1,2,3,0.1,0.001,0.0001,512,2,early_stopping_val_loss_overfit_patience_3,0.3291920899801514,0.26100273886469477,0.31888628091955773,0.38110772799768017,0.3647812212874731,0.371993728017582,5.560815996593899,0.26100273886469477
/home/cmantill/narrador-futbol/experiments/positions/grid_search_outputs/20260426_155024/runs/run_257_h256_objh256_te128_fu256_obj2_ff2_blocks5_drop0p1_lr0p001_wd0p0001,/home/cmantill/narrador-futbol/experiments/positions/grid_search_outputs/20260426_155024/runs/run_257_h256_objh256_te128_fu256_obj2_ff2_blocks5_drop0p1_lr0p001_wd0p0001/best_model.pt,128,256,256,256,2,2,5,0.1,0.001,0.0001,512,3,early_stopping_val_loss_overfit_patience_3,0.3621995148129089,0.26061206086785915,0.34709579976884514,0.3617514861534,0.3415136631618878,0.35133851432769464,5.645499264752424,0.26061206086785915
/home/cmantill/narrador-futbol/experiments/positions/grid_search_outputs/20260426_155024/runs/run_171_h192_objh256_te128_fu256_obj1_ff2_blocks4_drop0p2_lr0p001_wd0p0005,/home/cmantill/narrador-futbol/experiments/positions/grid_search_outputs/20260426_155024/runs/run_171_h192_objh256_te128_fu256_obj1_ff2_blocks4_drop0p2_lr0p001_wd0p0005/best_model.pt,128,256,192,256,1,2,4,0.2,0.001,0.0005,512,4,early_stopping_val_loss_overfit_patience_3,0.35264279938248916,0.26049141834356015,0.3323391177914596,0.3856024358416703,0.35873837728190316,0.36830247414812384,6.243463233665183,0.26049141834356015
/home/cmantill/narrador-futbol/experiments/positions/grid_search_outputs/20260426_155024/runs/run_313_h256_objh256_te128_fu256_obj1_ff2_blocks3_drop0p25_lr0p001_wd0p0005,/home/cmantill/narrador-futbol/experiments/positions/grid_search_outputs/20260426_155024/runs/run_313_h256_objh256_te128_fu256_obj1_ff2_blocks3_drop0p25_lr0p001_wd0p0005/best_model.pt,128,256,256,256,1,2,3,0.25,0.001,0.0005,512,4,early_stopping_val_loss_overfit_patience_3,0.3375725942806734,0.260382006552406,0.3248224721956075,0.4130781499202552,0.3853043871837455,0.40410947418386256,5.390725171124494,0.260382006552406
/home/cmantill/narrador-futbol/experiments/positions/grid_search_outputs/20260426_155024/runs/run_410_h256_objh384_te256_fu384_obj1_ff2_blocks3_drop0p2_lr0p0005_wd0p0005,/home/cmantill/narrador-futbol/experiments/positions/grid_search_outputs/20260426_155024/runs/run_410_h256_objh384_te256_fu384_obj1_ff2_blocks3_drop0p2_lr0p0005_wd0p0005/best_model.pt,256,384,256,384,1,2,3,0.2,0.0005,0.0005,512,3,early_stopping_val_loss_overfit_patience_3,0.3316915386311843,0.260112764818486,0.32271200625021257,0.3620414673046252,0.3448873263308388,0.35449748718325597,4.979206288302386,0.260112764818486
/home/cmantill/narrador-futbol/experiments/positions/grid_search_outputs/20260426_155024/runs/run_042_h128_objh128_te64_fu128_obj2_ff2_blocks5_drop0p15_lr0p0005_wd0p0001,/home/cmantill/narrador-futbol/experiments/positions/grid_search_outputs/20260426_155024/runs/run_042_h128_objh128_te64_fu128_obj2_ff2_blocks5_drop0p15_lr0p0005_wd0p0001/best_model.pt,64,128,128,128,2,2,5,0.15,0.0005,0.0001,512,4,early_stopping_val_loss_overfit_patience_3,0.32051753289715507,0.2601103725904523,0.316228813508272,0.389734667246629,0.38158880905160397,0.3814180936219501,4.481391138500637,0.2601103725904523
/home/cmantill/narrador-futbol/experiments/positions/grid_search_outputs/20260426_155024/runs/run_204_h192_objh256_te128_fu256_obj1_ff4_blocks5_drop0p25_lr0p0005_wd0p0005,/home/cmantill/narrador-futbol/experiments/positions/grid_search_outputs/20260426_155024/runs/run_204_h192_objh256_te128_fu256_obj1_ff4_blocks5_drop0p25_lr0p0005_wd0p0005/best_model.pt,128,256,192,256,1,4,5,0.25,0.0005,0.0005,512,4,early_stopping_val_loss_overfit_patience_3,0.3235315739175182,0.2595778785053307,0.3205501516736431,0.4095258808177468,0.39608493096049485,0.3984271796867076,5.043351420649776,0.2595778785053307
/home/cmantill/narrador-futbol/experiments/positions/grid_search_outputs/20260426_155024/runs/run_280_h256_objh256_te128_fu256_obj2_ff2_blocks4_drop0p15_lr0p0005_wd0p0001,/home/cmantill/narrador-futbol/experiments/positions/grid_search_outputs/20260426_155024/runs/run_280_h256_objh256_te128_fu256_obj2_ff2_blocks4_drop0p15_lr0p0005_wd0p0001/best_model.pt,128,256,256,256,2,2,4,0.15,0.0005,0.0001,512,2,early_stopping_val_loss_overfit_patience_3,0.2936852164963611,0.2592243764886713,0.2939283639577309,0.39277946933449326,0.3744926602196136,0.3887527419379229,5.3150880778277365,0.2592243764886713
/home/cmantill/narrador-futbol/experiments/positions/grid_search_outputs/20260426_155024/runs/run_139_h192_objh256_te128_fu256_obj2_ff4_blocks3_drop0p1_lr0p001_wd0p0001,/home/cmantill/narrador-futbol/experiments/positions/grid_search_outputs/20260426_155024/runs/run_139_h192_objh256_te128_fu256_obj2_ff4_blocks3_drop0p1_lr0p001_wd0p0001/best_model.pt,128,256,192,256,2,4,3,0.1,0.001,0.0001,512,4,early_stopping_val_loss_overfit_patience_3,0.31412188487833564,0.2591487171026138,0.31752292295632845,0.391982021168624,0.3789880480539729,0.38877642955175545,5.883050583027027,0.2591487171026138
/home/cmantill/narrador-futbol/experiments/positions/grid_search_outputs/20260426_155024/runs/run_060_h128_objh128_te64_fu128_obj1_ff4_blocks5_drop0p2_lr0p0005_wd0p0005,/home/cmantill/narrador-futbol/experiments/positions/grid_search_outputs/20260426_155024/runs/run_060_h128_objh128_te64_fu128_obj1_ff4_blocks5_drop0p2_lr0p0005_wd0p0005/best_model.pt,64,128,128,128,1,4,5,0.2,0.0005,0.0005,512,1,early_stopping_val_macro_f1_patience_3,0.3349996324340219,0.25885724049666575,0.3095481172011467,0.4043062200956938,0.38085124749018173,0.38750631453332407,4.084643099043104,0.25885724049666575
/home/cmantill/narrador-futbol/experiments/positions/grid_search_outputs/20260426_155024/runs/run_214_h192_objh256_te128_fu256_obj2_ff4_blocks4_drop0p25_lr0p0005_wd0p0005,/home/cmantill/narrador-futbol/experiments/positions/grid_search_outputs/20260426_155024/runs/run_214_h192_objh256_te128_fu256_obj2_ff4_blocks4_drop0p25_lr0p0005_wd0p0005/best_model.pt,128,256,192,256,2,4,4,0.25,0.0005,0.0005,512,1,early_stopping_val_macro_f1_patience_3,0.35742115709769906,0.2588021354353931,0.33256553983165105,0.403871248368856,0.37689675257228406,0.38742587082906793,4.882797276532209,0.2588021354353931
/home/cmantill/narrador-futbol/experiments/positions/grid_search_outputs/20260426_155024/runs/run_383_h256_objh384_te256_fu384_obj2_ff4_blocks5_drop0p1_lr0p001_wd0p0001,/home/cmantill/narrador-futbol/experiments/positions/grid_search_outputs/20260426_155024/runs/run_383_h256_objh384_te256_fu384_obj2_ff4_blocks5_drop0p1_lr0p001_wd0p0001/best_model.pt,256,384,256,384,2,4,5,0.1,0.001,0.0001,512,3,early_stopping_val_loss_overfit_patience_3,0.34668823053738146,0.258402550187418,0.32405367309612354,0.4128606640568363,0.3744901068272299,0.39772769309947836,7.5232800201133445,0.258402550187418
/home/cmantill/narrador-futbol/experiments/positions/grid_search_outputs/20260426_155024/runs/run_230_h192_objh256_te128_fu256_obj2_ff2_blocks3_drop0p3_lr0p0005_wd0p001,/home/cmantill/narrador-futbol/experiments/positions/grid_search_outputs/20260426_155024/runs/run_230_h192_objh256_te128_fu256_obj2_ff2_blocks3_drop0p3_lr0p0005_wd0p001/best_model.pt,128,256,192,256,2,2,3,0.3,0.0005,0.001,512,4,early_stopping_val_loss_overfit_patience_3,0.3451444534293906,0.2583659486880433,0.3339492091835244,0.4031462954907931,0.3674518514741797,0.39384962664817147,4.188624452661585,0.2583659486880433
/home/cmantill/narrador-futbol/experiments/positions/grid_search_outputs/20260426_155024/runs/run_320_h256_objh256_te128_fu256_obj1_ff4_blocks3_drop0p25_lr0p0005_wd0p0005,/home/cmantill/narrador-futbol/experiments/positions/grid_search_outputs/20260426_155024/runs/run_320_h256_objh256_te128_fu256_obj1_ff4_blocks3_drop0p25_lr0p0005_wd0p0005/best_model.pt,128,256,256,256,1,4,3,0.25,0.0005,0.0005,512,4,early_stopping_val_loss_overfit_patience_3,0.3202234801146806,0.2579845557867869,0.31484162796594684,0.3697259678120922,0.34634254854712415,0.36190882922987905,4.583721302173756,0.2579845557867869
/home/cmantill/narrador-futbol/experiments/positions/grid_search_outputs/20260426_155024/runs/run_167_h192_objh256_te128_fu256_obj2_ff4_blocks5_drop0p15_lr0p001_wd0p0001,/home/cmantill/narrador-futbol/experiments/positions/grid_search_outputs/20260426_155024/runs/run_167_h192_objh256_te128_fu256_obj2_ff4_blocks5_drop0p15_lr0p001_wd0p0001/best_model.pt,128,256,192,256,2,4,5,0.15,0.001,0.0001,512,3,early_stopping_val_loss_overfit_patience_3,0.3423509519958833,0.2579028651502979,0.32121644714590925,0.37915035522691026,0.35690763422186245,0.36890168762784437,5.527055378313418,0.2579028651502979
/home/cmantill/narrador-futbol/experiments/positions/grid_search_outputs/20260426_155024/runs/run_005_h128_objh128_te64_fu128_obj1_ff2_blocks5_drop0p1_lr0p001_wd0p0001,/home/cmantill/narrador-futbol/experiments/positions/grid_search_outputs/20260426_155024/runs/run_005_h128_objh128_te64_fu128_obj1_ff2_blocks5_drop0p1_lr0p001_wd0p0001/best_model.pt,64,128,128,128,1,2,5,0.1,0.001,0.0001,512,4,early_stopping_val_loss_overfit_patience_3,0.332132617804896,0.2578310028442846,0.32413859573785364,0.4022763520371176,0.3669877136916092,0.38385535643788643,5.124587694803874,0.2578310028442846
/home/cmantill/narrador-futbol/experiments/positions/grid_search_outputs/20260426_155024/runs/run_206_h192_objh256_te128_fu256_obj2_ff2_blocks3_drop0p25_lr0p0005_wd0p0005,/home/cmantill/narrador-futbol/experiments/positions/grid_search_outputs/20260426_155024/runs/run_206_h192_objh256_te128_fu256_obj2_ff2_blocks3_drop0p25_lr0p0005_wd0p0005/best_model.pt,128,256,192,256,2,2,3,0.25,0.0005,0.0005,512,4,early_stopping_val_loss_overfit_patience_3,0.3530838785562008,0.25772379625709435,0.33448488247268265,0.4061910975786574,0.3725729735797903,0.39541935777671844,4.309871055461742,0.25772379625709435
/home/cmantill/narrador-futbol/experiments/positions/grid_search_outputs/20260426_155024/runs/run_095_h128_objh128_te64_fu128_obj2_ff4_blocks5_drop0p25_lr0p001_wd0p0005,/home/cmantill/narrador-futbol/experiments/positions/grid_search_outputs/20260426_155024/runs/run_095_h128_objh128_te64_fu128_obj2_ff4_blocks5_drop0p25_lr0p001_wd0p0005/best_model.pt,64,128,128,128,2,4,5,0.25,0.001,0.0005,512,3,early_stopping_val_loss_overfit_patience_3,0.3411747408659854,0.2575508796625031,0.3207245916487519,0.40147890387124835,0.3693205543272724,0.3850356955188949,3.981448871118051,0.2575508796625031
/home/cmantill/narrador-futbol/experiments/positions/grid_search_outputs/20260426_155024/runs/run_392_h256_objh384_te256_fu384_obj1_ff4_blocks3_drop0p15_lr0p0005_wd0p0001,/home/cmantill/narrador-futbol/experiments/positions/grid_search_outputs/20260426_155024/runs/run_392_h256_objh384_te256_fu384_obj1_ff4_blocks3_drop0p15_lr0p0005_wd0p0001/best_model.pt,256,384,256,384,1,4,3,0.15,0.0005,0.0001,512,4,early_stopping_val_loss_overfit_patience_3,0.32389913989561125,0.25733035734791454,0.30996133125082487,0.4109032912860664,0.39714087832189204,0.3975739392028404,5.2949399594907405,0.25733035734791454
/home/cmantill/narrador-futbol/experiments/positions/grid_search_outputs/20260426_155024/runs/run_037_h128_objh128_te64_fu128_obj2_ff2_blocks3_drop0p15_lr0p001_wd0p0001,/home/cmantill/narrador-futbol/experiments/positions/grid_search_outputs/20260426_155024/runs/run_037_h128_objh128_te64_fu128_obj2_ff2_blocks3_drop0p15_lr0p001_wd0p0001/best_model.pt,64,128,128,128,2,2,3,0.15,0.001,0.0001,512,4,early_stopping_val_loss_overfit_patience_3,0.33999852973608763,0.2571665869214384,0.32312050547688087,0.39712918660287083,0.38135327804317976,0.38248733840190474,4.728110525343153,0.2571665869214384
/home/cmantill/narrador-futbol/experiments/positions/grid_search_outputs/20260426_155024/runs/run_424_h256_objh384_te256_fu384_obj2_ff2_blocks4_drop0p2_lr0p0005_wd0p0005,/home/cmantill/narrador-futbol/experiments/positions/grid_search_outputs/20260426_155024/runs/run_424_h256_objh384_te256_fu384_obj2_ff2_blocks4_drop0p2_lr0p0005_wd0p0005/best_model.pt,256,384,256,384,2,2,4,0.2,0.0005,0.0005,512,3,early_stopping_val_loss_overfit_patience_3,0.3311034330662354,0.2571637059236534,0.3250818960122033,0.33413078149920256,0.32166317676385847,0.32982959410858764,5.807863606346978,0.2571637059236534
/home/cmantill/narrador-futbol/experiments/positions/grid_search_outputs/20260426_155024/runs/run_226_h192_objh256_te128_fu256_obj1_ff4_blocks4_drop0p3_lr0p0005_wd0p001,/home/cmantill/narrador-futbol/experiments/positions/grid_search_outputs/20260426_155024/runs/run_226_h192_objh256_te128_fu256_obj1_ff4_blocks4_drop0p3_lr0p0005_wd0p001/best_model.pt,128,256,192,256,1,4,4,0.3,0.0005,0.001,512,4,early_stopping_val_loss_overfit_patience_3,0.3185326766154525,0.2571629833188593,0.31274167182851503,0.42040017398869073,0.3990832114737194,0.4025091401446159,4.550523334079319,0.2571629833188593
/home/cmantill/narrador-futbol/experiments/positions/grid_search_outputs/20260426_155024/runs/run_090_h128_objh128_te64_fu128_obj2_ff2_blocks5_drop0p25_lr0p0005_wd0p0005,/home/cmantill/narrador-futbol/experiments/positions/grid_search_outputs/20260426_155024/runs/run_090_h128_objh128_te64_fu128_obj2_ff2_blocks5_drop0p25_lr0p0005_wd0p0005/best_model.pt,64,128,128,128,2,2,5,0.25,0.0005,0.0005,512,3,early_stopping_val_loss_overfit_patience_3,0.34088068808351096,0.25712576201414006,0.3218958347085338,0.4059011164274322,0.3838646252886556,0.4014136224393295,4.422145808184588,0.25712576201414006
/home/cmantill/narrador-futbol/experiments/positions/grid_search_outputs/20260426_155024/runs/run_014_h128_objh128_te64_fu128_obj2_ff2_blocks3_drop0p1_lr0p0005_wd0p0001,/home/cmantill/narrador-futbol/experiments/positions/grid_search_outputs/20260426_155024/runs/run_014_h128_objh128_te64_fu128_obj2_ff2_blocks3_drop0p1_lr0p0005_wd0p0001/best_model.pt,64,128,128,128,2,2,3,0.1,0.0005,0.0001,512,1,early_stopping_val_macro_f1_patience_3,0.32492832463427185,0.2571065421216479,0.312435062958408,0.3886472379295346,0.3813910558425021,0.37176551662280144,4.558528997279979,0.2571065421216479
/home/cmantill/narrador-futbol/experiments/positions/grid_search_outputs/20260426_155024/runs/run_401_h256_objh384_te256_fu384_obj2_ff2_blocks5_drop0p15_lr0p001_wd0p0001,/home/cmantill/narrador-futbol/experiments/positions/grid_search_outputs/20260426_155024/runs/run_401_h256_objh384_te256_fu384_obj2_ff2_blocks5_drop0p15_lr0p001_wd0p0001/best_model.pt,256,384,256,384,2,2,5,0.15,0.001,0.0001,512,4,early_stopping_val_loss_overfit_patience_3,0.3350731456296405,0.2570114605997881,0.32807755463058663,0.4060461070030448,0.3792303741415652,0.38917425770102587,6.396465451629074,0.2570114605997881
/home/cmantill/narrador-futbol/experiments/positions/grid_search_outputs/20260426_155024/runs/run_083_h128_objh128_te64_fu128_obj1_ff4_blocks5_drop0p25_lr0p001_wd0p0005,/home/cmantill/narrador-futbol/experiments/positions/grid_search_outputs/20260426_155024/runs/run_083_h128_objh128_te64_fu128_obj1_ff4_blocks5_drop0p25_lr0p001_wd0p0005/best_model.pt,64,128,128,128,1,4,5,0.25,0.001,0.0005,512,3,early_stopping_val_loss_overfit_patience_3,0.3306623538925237,0.25694744356961335,0.31417428456029484,0.4065535740176888,0.3677939157517453,0.388131247794145,4.929323629096702,0.25694744356961335
/home/cmantill/narrador-futbol/experiments/positions/grid_search_outputs/20260426_155024/runs/run_317_h256_objh256_te128_fu256_obj1_ff2_blocks5_drop0p25_lr0p001_wd0p0005,/home/cmantill/narrador-futbol/experiments/positions/grid_search_outputs/20260426_155024/runs/run_317_h256_objh256_te128_fu256_obj1_ff2_blocks5_drop0p25_lr0p001_wd0p0005/best_model.pt,128,256,256,256,1,2,5,0.25,0.001,0.0005,512,3,early_stopping_val_loss_overfit_patience_3,0.35087848268764243,0.25672082491997583,0.32778547681170483,0.4226475279106858,0.3846390632338705,0.40652375621680303,5.537722199051468,0.25672082491997583
/home/cmantill/narrador-futbol/experiments/positions/grid_search_outputs/20260426_155024/runs/run_276_h256_objh256_te128_fu256_obj1_ff4_blocks5_drop0p15_lr0p0005_wd0p0001,/home/cmantill/narrador-futbol/experiments/positions/grid_search_outputs/20260426_155024/runs/run_276_h256_objh256_te128_fu256_obj1_ff4_blocks5_drop0p15_lr0p0005_wd0p0001/best_model.pt,128,256,256,256,1,4,5,0.15,0.0005,0.0001,512,4,early_stopping_val_loss_overfit_patience_3,0.3474233624935676,0.25668308541597146,0.33284160735666113,0.3982166159199652,0.37309022042157125,0.39260167265337303,5.653009299878721,0.25668308541597146
/home/cmantill/narrador-futbol/experiments/positions/grid_search_outputs/20260426_155024/runs/run_105_h128_objh128_te64_fu128_obj1_ff4_blocks4_drop0p3_lr0p001_wd0p001,/home/cmantill/narrador-futbol/experiments/positions/grid_search_outputs/20260426_155024/runs/run_105_h128_objh128_te64_fu128_obj1_ff4_blocks4_drop0p3_lr0p001_wd0p001/best_model.pt,64,128,128,128,1,4,4,0.3,0.001,0.001,512,1,early_stopping_val_macro_f1_patience_3,0.332132617804896,0.2566779073321109,0.32490589224001415,0.4209076410033348,0.40796775115813233,0.40893118418831503,3.345256310922128,0.2566779073321109
/home/cmantill/narrador-futbol/experiments/positions/grid_search_outputs/20260426_155024/runs/run_400_h256_objh384_te256_fu384_obj2_ff2_blocks4_drop0p15_lr0p0005_wd0p0001,/home/cmantill/narrador-futbol/experiments/positions/grid_search_outputs/20260426_155024/runs/run_400_h256_objh384_te256_fu384_obj2_ff2_blocks4_drop0p15_lr0p0005_wd0p0001/best_model.pt,256,384,256,384,2,2,4,0.15,0.0005,0.0001,512,2,early_stopping_val_loss_overfit_patience_3,0.33485260604278466,0.25667119631603064,0.3346417160920621,0.37994780339277945,0.3579099433140638,0.3669481425782272,5.768415406898216,0.25667119631603064
/home/cmantill/narrador-futbol/experiments/positions/grid_search_outputs/20260426_155024/runs/run_200_h192_objh256_te128_fu256_obj1_ff4_blocks3_drop0p25_lr0p0005_wd0p0005,/home/cmantill/narrador-futbol/experiments/positions/grid_search_outputs/20260426_155024/runs/run_200_h192_objh256_te128_fu256_obj1_ff4_blocks3_drop0p25_lr0p0005_wd0p0005/best_model.pt,128,256,192,256,1,4,3,0.25,0.0005,0.0005,512,4,early_stopping_val_loss_overfit_patience_3,0.32117915165772254,0.2565132931387422,0.3087871717012377,0.40865593736407135,0.37893047044028516,0.38673903598659465,4.803305696558069,0.2565132931387422
/home/cmantill/narrador-futbol/experiments/positions/grid_search_outputs/20260426_155024/runs/run_219_h192_objh256_te128_fu256_obj1_ff2_blocks4_drop0p3_lr0p001_wd0p001,/home/cmantill/narrador-futbol/experiments/positions/grid_search_outputs/20260426_155024/runs/run_219_h192_objh256_te128_fu256_obj1_ff2_blocks4_drop0p3_lr0p001_wd0p001/best_model.pt,128,256,192,256,1,2,4,0.3,0.001,0.001,512,2,early_stopping_val_loss_overfit_patience_3,0.3372050283025803,0.25644015231378625,0.326823389606748,0.4052486588371756,0.38677535449500333,0.39241516207099897,5.783612057014748,0.25644015231378625
/home/cmantill/narrador-futbol/experiments/positions/grid_search_outputs/20260426_155024/runs/run_372_h256_objh384_te256_fu384_obj1_ff4_blocks5_drop0p1_lr0p0005_wd0p0001,/home/cmantill/narrador-futbol/experiments/positions/grid_search_outputs/20260426_155024/runs/run_372_h256_objh384_te256_fu384_obj1_ff4_blocks5_drop0p1_lr0p0005_wd0p0001/best_model.pt,256,384,256,384,1,4,5,0.1,0.0005,0.0001,512,3,early_stopping_val_loss_overfit_patience_3,0.3055943541865765,0.2563709915116705,0.3059418287039842,0.37596056256343335,0.3681041136489825,0.37581257608522045,4.804859293831719,0.2563709915116705
/home/cmantill/narrador-futbol/experiments/positions/grid_search_outputs/20260426_155024/runs/run_462_h256_objh384_te256_fu384_obj1_ff2_blocks5_drop0p3_lr0p0005_wd0p001,/home/cmantill/narrador-futbol/experiments/positions/grid_search_outputs/20260426_155024/runs/run_462_h256_objh384_te256_fu384_obj1_ff2_blocks5_drop0p3_lr0p0005_wd0p001/best_model.pt,256,384,256,384,1,2,5,0.3,0.0005,0.001,512,4,early_stopping_val_loss_overfit_patience_3,0.3212526648533412,0.25636856760169324,0.3134777207674157,0.40336378135421197,0.3888251450326023,0.3912473460656119,4.725397966526173,0.25636856760169324
/home/cmantill/narrador-futbol/experiments/positions/grid_search_outputs/20260426_155024/runs/run_275_h256_objh256_te128_fu256_obj1_ff4_blocks5_drop0p15_lr0p001_wd0p0001,/home/cmantill/narrador-futbol/experiments/positions/grid_search_outputs/20260426_155024/runs/run_275_h256_objh256_te128_fu256_obj1_ff4_blocks5_drop0p15_lr0p001_wd0p0001/best_model.pt,128,256,256,256,1,4,5,0.15,0.001,0.0001,512,2,early_stopping_val_loss_overfit_patience_3,0.3588914210100713,0.2561766953476035,0.33269554937637114,0.4095258808177468,0.36243255529176177,0.38373514003679227,5.404252741071913,0.2561766953476035
/home/cmantill/narrador-futbol/experiments/positions/grid_search_outputs/20260426_155024/runs/run_143_h192_objh256_te128_fu256_obj2_ff4_blocks5_drop0p1_lr0p001_wd0p0001,/home/cmantill/narrador-futbol/experiments/positions/grid_search_outputs/20260426_155024/runs/run_143_h192_objh256_te128_fu256_obj2_ff4_blocks5_drop0p1_lr0p001_wd0p0001/best_model.pt,128,256,192,256,2,4,5,0.1,0.001,0.0001,512,3,early_stopping_val_loss_overfit_patience_3,0.3183121370285966,0.2559498964821233,0.3119407508367056,0.3989415687980281,0.3832496068486637,0.38940769243373974,6.135736818666811,0.2559498964821233
/home/cmantill/narrador-futbol/experiments/positions/grid_search_outputs/20260426_155024/runs/run_366_h256_objh384_te256_fu384_obj1_ff2_blocks5_drop0p1_lr0p0005_wd0p0001,/home/cmantill/narrador-futbol/experiments/positions/grid_search_outputs/20260426_155024/runs/run_366_h256_objh384_te256_fu384_obj1_ff2_blocks5_drop0p1_lr0p0005_wd0p0001/best_model.pt,256,384,256,384,1,2,5,0.1,0.0005,0.0001,512,4,early_stopping_val_loss_overfit_patience_3,0.32000294052782474,0.2558406541331954,0.3070233035481162,0.3756705814122082,0.3606813624252542,0.3614962668926131,5.278249405048512,0.2558406541331954
/home/cmantill/narrador-futbol/experiments/positions/grid_search_outputs/20260426_155024/runs/run_041_h128_objh128_te64_fu128_obj2_ff2_blocks5_drop0p15_lr0p001_wd0p0001,/home/cmantill/narrador-futbol/experiments/positions/grid_search_outputs/20260426_155024/runs/run_041_h128_objh128_te64_fu128_obj2_ff2_blocks5_drop0p15_lr0p001_wd0p0001/best_model.pt,64,128,128,128,2,2,5,0.15,0.001,0.0001,512,4,early_stopping_val_loss_overfit_patience_3,0.3471293097110931,0.25565735002534096,0.3377602506799436,0.32521386109902856,0.3174651550860356,0.3238955831420931,5.07216903898451,0.25565735002534096
/home/cmantill/narrador-futbol/experiments/positions/grid_search_outputs/20260426_155024/runs/run_234_h192_objh256_te128_fu256_obj2_ff2_blocks5_drop0p3_lr0p0005_wd0p001,/home/cmantill/narrador-futbol/experiments/positions/grid_search_outputs/20260426_155024/runs/run_234_h192_objh256_te128_fu256_obj2_ff2_blocks5_drop0p3_lr0p0005_wd0p001/best_model.pt,128,256,192,256,2,2,5,0.3,0.0005,0.001,512,4,early_stopping_val_loss_overfit_patience_3,0.3414687936484599,0.25554722877091757,0.33243941169937535,0.36994345367551107,0.34718919547131905,0.3664303815205623,4.576908270517985,0.25554722877091757
/home/cmantill/narrador-futbol/experiments/positions/grid_search_outputs/20260426_155024/runs/run_310_h256_objh256_te128_fu256_obj2_ff4_blocks4_drop0p2_lr0p0005_wd0p0005,/home/cmantill/narrador-futbol/experiments/positions/grid_search_outputs/20260426_155024/runs/run_310_h256_objh256_te128_fu256_obj2_ff4_blocks4_drop0p2_lr0p0005_wd0p0005/best_model.pt,128,256,256,256,2,4,4,0.2,0.0005,0.0005,512,3,early_stopping_val_loss_overfit_patience_3,0.35095199588326104,0.25540459712543895,0.3288713719302778,0.3763955342902711,0.3539628543216319,0.36711399875656814,4.698060150499697,0.25540459712543895
/home/cmantill/narrador-futbol/experiments/positions/grid_search_outputs/20260426_155024/runs/run_047_h128_objh128_te64_fu128_obj2_ff4_blocks5_drop0p15_lr0p001_wd0p0001,/home/cmantill/narrador-futbol/experiments/positions/grid_search_outputs/20260426_155024/runs/run_047_h128_objh128_te64_fu128_obj2_ff4_blocks5_drop0p15_lr0p001_wd0p0001/best_model.pt,64,128,128,128,2,4,5,0.15,0.001,0.0001,512,3,early_stopping_val_loss_overfit_patience_3,0.3421304124090274,0.2553525972702595,0.33156019510000617,0.43895896766710163,0.4052734818510111,0.4113489274260334,5.005279231954504,0.2553525972702595
/home/cmantill/narrador-futbol/experiments/positions/grid_search_outputs/20260426_155024/runs/run_340_h256_objh256_te128_fu256_obj1_ff2_blocks4_drop0p3_lr0p0005_wd0p001,/home/cmantill/narrador-futbol/experiments/positions/grid_search_outputs/20260426_155024/runs/run_340_h256_objh256_te128_fu256_obj1_ff2_blocks4_drop0p3_lr0p0005_wd0p001/best_model.pt,128,256,256,256,1,2,4,0.3,0.0005,0.001,512,3,early_stopping_val_loss_overfit_patience_3,0.32889803719767696,0.255066305003688,0.32678583102210623,0.3436276642018269,0.32368723571605595,0.33920860283158183,4.432270897759332,0.255066305003688
/home/cmantill/narrador-futbol/experiments/positions/grid_search_outputs/20260426_155024/runs/run_358_h256_objh256_te128_fu256_obj2_ff4_blocks4_drop0p3_lr0p0005_wd0p001,/home/cmantill/narrador-futbol/experiments/positions/grid_search_outputs/20260426_155024/runs/run_358_h256_objh256_te128_fu256_obj2_ff4_blocks4_drop0p3_lr0p0005_wd0p001/best_model.pt,128,256,256,256,2,4,4,0.3,0.0005,0.001,512,4,early_stopping_val_loss_overfit_patience_3,0.3349996324340219,0.25503433300496886,0.3240217242778643,0.421705089169204,0.39533388194119523,0.4127961996082439,4.320195109755905,0.25503433300496886
/home/cmantill/narrador-futbol/experiments/positions/grid_search_outputs/20260426_155024/runs/run_111_h128_objh128_te64_fu128_obj2_ff2_blocks4_drop0p3_lr0p001_wd0p001,/home/cmantill/narrador-futbol/experiments/positions/grid_search_outputs/20260426_155024/runs/run_111_h128_objh128_te64_fu128_obj2_ff2_blocks4_drop0p3_lr0p001_wd0p001/best_model.pt,64,128,128,128,2,2,4,0.3,0.001,0.001,512,1,early_stopping_val_macro_f1_patience_3,0.3469087701242373,0.2548848987302935,0.32594366643531486,0.3883572567783094,0.3691150601146489,0.3677569983448048,4.738402163540876,0.2548848987302935
/home/cmantill/narrador-futbol/experiments/positions/grid_search_outputs/20260426_155024/runs/run_250_h256_objh256_te128_fu256_obj1_ff4_blocks4_drop0p1_lr0p0005_wd0p0001,/home/cmantill/narrador-futbol/experiments/positions/grid_search_outputs/20260426_155024/runs/run_250_h256_objh256_te128_fu256_obj1_ff4_blocks4_drop0p1_lr0p0005_wd0p0001/best_model.pt,128,256,256,256,1,4,4,0.1,0.0005,0.0001,512,2,early_stopping_val_loss_overfit_patience_3,0.3382342130412409,0.25443278147342885,0.3252098935017474,0.41931274467159635,0.38740340176035726,0.40104033925563104,5.60121507997866,0.25443278147342885
/home/cmantill/narrador-futbol/experiments/positions/grid_search_outputs/20260426_155024/runs/run_106_h128_objh128_te64_fu128_obj1_ff4_blocks4_drop0p3_lr0p0005_wd0p001,/home/cmantill/narrador-futbol/experiments/positions/grid_search_outputs/20260426_155024/runs/run_106_h128_objh128_te64_fu128_obj1_ff4_blocks4_drop0p3_lr0p0005_wd0p001/best_model.pt,64,128,128,128,1,4,4,0.3,0.0005,0.001,512,2,early_stopping_val_loss_overfit_patience_3,0.33250018378298907,0.25438915398060385,0.3156528815605458,0.40242134261273016,0.3897439563211841,0.3934676051370581,3.7328238310637296,0.25438915398060385
/home/cmantill/narrador-futbol/experiments/positions/grid_search_outputs/20260426_155024/runs/run_326_h256_objh256_te128_fu256_obj2_ff2_blocks3_drop0p25_lr0p0005_wd0p0005,/home/cmantill/narrador-futbol/experiments/positions/grid_search_outputs/20260426_155024/runs/run_326_h256_objh256_te128_fu256_obj2_ff2_blocks3_drop0p25_lr0p0005_wd0p0005/best_model.pt,128,256,256,256,2,2,3,0.25,0.0005,0.0005,512,3,early_stopping_val_loss_overfit_patience_3,0.3333823421304124,0.2543777201034322,0.32154427046150447,0.3748006379585327,0.3515792030574657,0.36771437244367766,4.645761163146408,0.2543777201034322
/home/cmantill/narrador-futbol/experiments/positions/grid_search_outputs/20260426_155024/runs/run_236_h192_objh256_te128_fu256_obj2_ff4_blocks3_drop0p3_lr0p0005_wd0p001,/home/cmantill/narrador-futbol/experiments/positions/grid_search_outputs/20260426_155024/runs/run_236_h192_objh256_te128_fu256_obj2_ff4_blocks3_drop0p3_lr0p0005_wd0p001/best_model.pt,128,256,192,256,2,4,3,0.3,0.0005,0.001,512,4,early_stopping_val_loss_overfit_patience_3,0.34190987282217156,0.2542658819834079,0.3194357044121294,0.3916195447295926,0.38263137965094796,0.38399200271316203,4.572005007002089,0.2542658819834079
/home/cmantill/narrador-futbol/experiments/positions/grid_search_outputs/20260426_155024/runs/run_177_h192_objh256_te128_fu256_obj1_ff4_blocks4_drop0p2_lr0p001_wd0p0005,/home/cmantill/narrador-futbol/experiments/positions/grid_search_outputs/20260426_155024/runs/run_177_h192_objh256_te128_fu256_obj1_ff4_blocks4_drop0p2_lr0p001_wd0p0005/best_model.pt,128,256,192,256,1,4,4,0.2,0.001,0.0005,512,4,early_stopping_val_loss_overfit_patience_3,0.3333823421304124,0.2542460207517178,0.32148189017852885,0.41822531535450197,0.37625534660613386,0.40062981005715587,5.832286322558367,0.2542460207517178
/home/cmantill/narrador-futbol/experiments/positions/grid_search_outputs/20260426_155024/runs/run_208_h192_objh256_te128_fu256_obj2_ff2_blocks4_drop0p25_lr0p0005_wd0p0005,/home/cmantill/narrador-futbol/experiments/positions/grid_search_outputs/20260426_155024/runs/run_208_h192_objh256_te128_fu256_obj2_ff2_blocks4_drop0p25_lr0p0005_wd0p0005/best_model.pt,128,256,192,256,2,2,4,0.25,0.0005,0.0005,512,3,early_stopping_val_loss_overfit_patience_3,0.30794677644637214,0.25408162218793245,0.3017989418938008,0.40263882847614907,0.38180160697298643,0.39260091309829226,5.371013588375515,0.25408162218793245
/home/cmantill/narrador-futbol/experiments/positions/grid_search_outputs/20260426_155024/runs/run_241_h256_objh256_te128_fu256_obj1_ff2_blocks3_drop0p1_lr0p001_wd0p0001,/home/cmantill/narrador-futbol/experiments/positions/grid_search_outputs/20260426_155024/runs/run_241_h256_objh256_te128_fu256_obj1_ff2_blocks3_drop0p1_lr0p001_wd0p0001/best_model.pt,128,256,256,256,1,2,3,0.1,0.001,0.0001,512,3,early_stopping_val_loss_overfit_patience_3,0.32588399617731384,0.2540699410279906,0.32437054681750405,0.39712918660287083,0.3722892040891682,0.3844477238387751,6.705779163925736,0.2540699410279906
/home/cmantill/narrador-futbol/experiments/positions/grid_search_outputs/20260426_155024/runs/run_357_h256_objh256_te128_fu256_obj2_ff4_blocks4_drop0p3_lr0p001_wd0p001,/home/cmantill/narrador-futbol/experiments/positions/grid_search_outputs/20260426_155024/runs/run_357_h256_objh256_te128_fu256_obj2_ff4_blocks4_drop0p3_lr0p001_wd0p001/best_model.pt,128,256,256,256,2,4,4,0.3,0.001,0.001,512,1,early_stopping_val_macro_f1_patience_3,0.3530103653605822,0.2540574533506433,0.32935689551258074,0.3803827751196172,0.3677489915625355,0.36322602079499894,4.809394368418941,0.2540574533506433
/home/cmantill/narrador-futbol/experiments/positions/grid_search_outputs/20260426_155024/runs/run_160_h192_objh256_te128_fu256_obj2_ff2_blocks4_drop0p15_lr0p0005_wd0p0001,/home/cmantill/narrador-futbol/experiments/positions/grid_search_outputs/20260426_155024/runs/run_160_h192_objh256_te128_fu256_obj2_ff2_blocks4_drop0p15_lr0p0005_wd0p0001/best_model.pt,128,256,192,256,2,2,4,0.15,0.0005,0.0001,512,3,early_stopping_val_loss_overfit_patience_3,0.322428875983239,0.2540386667464186,0.31588464828127283,0.40662606930549516,0.381506084838383,0.39752882703664905,5.618839634789361,0.2540386667464186
/home/cmantill/narrador-futbol/experiments/positions/grid_search_outputs/20260426_155024/runs/run_059_h128_objh128_te64_fu128_obj1_ff4_blocks5_drop0p2_lr0p001_wd0p0005,/home/cmantill/narrador-futbol/experiments/positions/grid_search_outputs/20260426_155024/runs/run_059_h128_objh128_te64_fu128_obj1_ff4_blocks5_drop0p2_lr0p001_wd0p0005/best_model.pt,64,128,128,128,1,4,5,0.2,0.001,0.0005,512,4,early_stopping_val_loss_overfit_patience_3,0.32801587885025363,0.25399996457369045,0.31913477051168704,0.41039582427142235,0.39316563254095477,0.4011745919935947,4.881033570678146,0.25399996457369045
/home/cmantill/narrador-futbol/experiments/positions/grid_search_outputs/20260426_155024/runs/run_308_h256_objh256_te128_fu256_obj2_ff4_blocks3_drop0p2_lr0p0005_wd0p0005,/home/cmantill/narrador-futbol/experiments/positions/grid_search_outputs/20260426_155024/runs/run_308_h256_objh256_te128_fu256_obj2_ff4_blocks3_drop0p2_lr0p0005_wd0p0005/best_model.pt,128,256,256,256,2,4,3,0.2,0.0005,0.0005,512,4,early_stopping_val_loss_overfit_patience_3,0.30993163272807467,0.25399821808973244,0.305397632401853,0.41742786718863273,0.3933276356679316,0.39731037904287125,5.178676649376198,0.25399821808973244
/home/cmantill/narrador-futbol/experiments/positions/grid_search_outputs/20260426_155024/runs/run_165_h192_objh256_te128_fu256_obj2_ff4_blocks4_drop0p15_lr0p001_wd0p0001,/home/cmantill/narrador-futbol/experiments/positions/grid_search_outputs/20260426_155024/runs/run_165_h192_objh256_te128_fu256_obj2_ff4_blocks4_drop0p15_lr0p001_wd0p0001/best_model.pt,128,256,192,256,2,4,4,0.15,0.001,0.0001,512,2,early_stopping_val_loss_overfit_patience_3,0.33264721017422627,0.2539434551604032,0.3193866918720208,0.41242569232999854,0.38104590286422757,0.3992038428946775,5.853239527455083,0.2539434551604032
/home/cmantill/narrador-futbol/experiments/positions/grid_search_outputs/20260426_155024/runs/run_264_h256_objh256_te128_fu256_obj2_ff4_blocks5_drop0p1_lr0p0005_wd0p0001,/home/cmantill/narrador-futbol/experiments/positions/grid_search_outputs/20260426_155024/runs/run_264_h256_objh256_te128_fu256_obj2_ff4_blocks5_drop0p1_lr0p0005_wd0p0001/best_model.pt,128,256,256,256,2,4,5,0.1,0.0005,0.0001,512,1,early_stopping_val_macro_f1_patience_3,0.3121370285966331,0.2535345858895949,0.2944831515348821,0.39850659707119035,0.3909999344867502,0.389621790179748,5.138308728182757,0.2535345858895949
/home/cmantill/narrador-futbol/experiments/positions/grid_search_outputs/20260426_155024/runs/run_351_h256_objh256_te128_fu256_obj2_ff2_blocks4_drop0p3_lr0p001_wd0p001,/home/cmantill/narrador-futbol/experiments/positions/grid_search_outputs/20260426_155024/runs/run_351_h256_objh256_te128_fu256_obj2_ff2_blocks4_drop0p3_lr0p001_wd0p001/best_model.pt,128,256,256,256,2,2,4,0.3,0.001,0.001,512,3,early_stopping_val_loss_overfit_patience_3,0.3183121370285966,0.25348121456796724,0.31120467644860117,0.35769175003624765,0.3410783155925943,0.3485136483234997,5.427032002696285,0.25348121456796724
/home/cmantill/narrador-futbol/experiments/positions/grid_search_outputs/20260426_155024/runs/run_108_h128_objh128_te64_fu128_obj1_ff4_blocks5_drop0p3_lr0p0005_wd0p001,/home/cmantill/narrador-futbol/experiments/positions/grid_search_outputs/20260426_155024/runs/run_108_h128_objh128_te64_fu128_obj1_ff4_blocks5_drop0p3_lr0p0005_wd0p001/best_model.pt,64,128,128,128,1,4,5,0.3,0.0005,0.001,512,1,early_stopping_val_macro_f1_patience_3,0.322428875983239,0.2533219516751393,0.30868572586374654,0.42801217920835144,0.393712613106826,0.4016763318192153,4.108303476262976,0.2533219516751393
/home/cmantill/narrador-futbol/experiments/positions/grid_search_outputs/20260426_155024/runs/run_298_h256_objh256_te128_fu256_obj1_ff4_blocks4_drop0p2_lr0p0005_wd0p0005,/home/cmantill/narrador-futbol/experiments/positions/grid_search_outputs/20260426_155024/runs/run_298_h256_objh256_te128_fu256_obj1_ff4_blocks4_drop0p2_lr0p0005_wd0p0005/best_model.pt,128,256,256,256,1,4,4,0.2,0.0005,0.0005,512,2,early_stopping_val_loss_overfit_patience_3,0.3171359258986988,0.25321327120718995,0.3139681615387247,0.4149630274032188,0.3855820793796351,0.4024293968186749,5.226788662098072,0.25321327120718995
/home/cmantill/narrador-futbol/experiments/positions/grid_search_outputs/20260426_155024/runs/run_281_h256_objh256_te128_fu256_obj2_ff2_blocks5_drop0p15_lr0p001_wd0p0001,/home/cmantill/narrador-futbol/experiments/positions/grid_search_outputs/20260426_155024/runs/run_281_h256_objh256_te128_fu256_obj2_ff2_blocks5_drop0p15_lr0p001_wd0p0001/best_model.pt,128,256,256,256,2,2,5,0.15,0.001,0.0001,512,2,early_stopping_val_loss_overfit_patience_3,0.3375725942806734,0.25318995665805044,0.32355666094178925,0.41032332898361606,0.38419971739496456,0.39259072199825906,5.6581789564203335,0.25318995665805044
/home/cmantill/narrador-futbol/experiments/positions/grid_search_outputs/20260426_155024/runs/run_069_h128_objh128_te64_fu128_obj2_ff4_blocks4_drop0p2_lr0p001_wd0p0005,/home/cmantill/narrador-futbol/experiments/positions/grid_search_outputs/20260426_155024/runs/run_069_h128_objh128_te64_fu128_obj2_ff4_blocks4_drop0p2_lr0p001_wd0p0005/best_model.pt,64,128,128,128,2,4,4,0.2,0.001,0.0005,512,1,early_stopping_val_macro_f1_patience_3,0.3301477615231934,0.25318471310307866,0.32593524243714267,0.3903146295490793,0.3705581689127023,0.37440842582270756,4.306287368138631,0.25318471310307866
/home/cmantill/narrador-futbol/experiments/positions/grid_search_outputs/20260426_155024/runs/run_115_h128_objh128_te64_fu128_obj2_ff4_blocks3_drop0p3_lr0p001_wd0p001,/home/cmantill/narrador-futbol/experiments/positions/grid_search_outputs/20260426_155024/runs/run_115_h128_objh128_te64_fu128_obj2_ff4_blocks3_drop0p3_lr0p001_wd0p001/best_model.pt,64,128,128,128,2,4,3,0.3,0.001,0.001,512,1,early_stopping_val_macro_f1_patience_3,0.3402925825185621,0.2529640497100384,0.3199339043333856,0.41365811222270554,0.39120439105863053,0.39851548837968304,4.453245374891493,0.2529640497100384
/home/cmantill/narrador-futbol/experiments/positions/grid_search_outputs/20260426_155024/runs/run_378_h256_objh384_te256_fu384_obj2_ff2_blocks5_drop0p1_lr0p0005_wd0p0001,/home/cmantill/narrador-futbol/experiments/positions/grid_search_outputs/20260426_155024/runs/run_378_h256_objh384_te256_fu384_obj2_ff2_blocks5_drop0p1_lr0p0005_wd0p0001/best_model.pt,256,384,256,384,2,2,5,0.1,0.0005,0.0001,512,4,early_stopping_val_loss_overfit_patience_3,0.32382562669999265,0.2529071458030098,0.3133210948695539,0.374873133246339,0.3481300101510255,0.3588361420858566,6.754371625405771,0.2529071458030098
/home/cmantill/narrador-futbol/experiments/positions/grid_search_outputs/20260426_155024/runs/run_098_h128_objh128_te64_fu128_obj1_ff2_blocks3_drop0p3_lr0p0005_wd0p001,/home/cmantill/narrador-futbol/experiments/positions/grid_search_outputs/20260426_155024/runs/run_098_h128_objh128_te64_fu128_obj1_ff2_blocks3_drop0p3_lr0p0005_wd0p001/best_model.pt,64,128,128,128,1,2,3,0.3,0.0005,0.001,512,1,early_stopping_val_macro_f1_patience_3,0.3663897669631699,0.2528151554118139,0.34139987168595104,0.39212701174423664,0.36691479772808094,0.37563490711786496,3.7270506576255515,0.2528151554118139
/home/cmantill/narrador-futbol/experiments/positions/grid_search_outputs/20260426_155024/runs/run_453_h256_objh384_te256_fu384_obj2_ff4_blocks4_drop0p25_lr0p001_wd0p0005,/home/cmantill/narrador-futbol/experiments/positions/grid_search_outputs/20260426_155024/runs/run_453_h256_objh384_te256_fu384_obj2_ff4_blocks4_drop0p25_lr0p001_wd0p0005/best_model.pt,256,384,256,384,2,4,4,0.25,0.001,0.0005,512,4,early_stopping_val_loss_overfit_patience_3,0.33999852973608763,0.2527621546494659,0.3177010160806698,0.3413803102798318,0.3279338848464455,0.32692775529518,6.516939251511185,0.2527621546494659
/home/cmantill/narrador-futbol/experiments/positions/grid_search_outputs/20260426_155024/runs/run_395_h256_objh384_te256_fu384_obj1_ff4_blocks5_drop0p15_lr0p001_wd0p0001,/home/cmantill/narrador-futbol/experiments/positions/grid_search_outputs/20260426_155024/runs/run_395_h256_objh384_te256_fu384_obj1_ff4_blocks5_drop0p15_lr0p001_wd0p0001/best_model.pt,256,384,256,384,1,4,5,0.15,0.001,0.0001,512,4,early_stopping_val_loss_overfit_patience_3,0.3241196794824671,0.2526696476375936,0.31552788463972703,0.41829781064230825,0.3841307889823152,0.4003482446733663,5.632656123903063,0.2526696476375936
/home/cmantill/narrador-futbol/experiments/positions/grid_search_outputs/20260426_155024/runs/run_021_h128_objh128_te64_fu128_obj2_ff4_blocks4_drop0p1_lr0p001_wd0p0001,/home/cmantill/narrador-futbol/experiments/positions/grid_search_outputs/20260426_155024/runs/run_021_h128_objh128_te64_fu128_obj2_ff4_blocks4_drop0p1_lr0p001_wd0p0001/best_model.pt,64,128,128,128,2,4,4,0.1,0.001,0.0001,512,2,early_stopping_val_loss_overfit_patience_3,0.3084613688157024,0.25258699867880724,0.300918746263106,0.3668261562998405,0.35094482478988087,0.3513453973944382,4.615328073501587,0.25258699867880724
/home/cmantill/narrador-futbol/experiments/positions/grid_search_outputs/20260426_155024/runs/run_459_h256_objh384_te256_fu384_obj1_ff2_blocks4_drop0p3_lr0p001_wd0p001,/home/cmantill/narrador-futbol/experiments/positions/grid_search_outputs/20260426_155024/runs/run_459_h256_objh384_te256_fu384_obj1_ff2_blocks4_drop0p3_lr0p001_wd0p001/best_model.pt,256,384,256,384,1,2,4,0.3,0.001,0.001,512,3,early_stopping_val_loss_overfit_patience_3,0.3344850400646916,0.2525200803112066,0.32204707178901487,0.3982891112077715,0.3651789045965896,0.38423454913012517,5.574966218736437,0.2525200803112066
/home/cmantill/narrador-futbol/experiments/positions/grid_search_outputs/20260426_155024/runs/run_347_h256_objh256_te128_fu256_obj1_ff4_blocks5_drop0p3_lr0p001_wd0p001,/home/cmantill/narrador-futbol/experiments/positions/grid_search_outputs/20260426_155024/runs/run_347_h256_objh256_te128_fu256_obj1_ff4_blocks5_drop0p3_lr0p001_wd0p001/best_model.pt,128,256,256,256,1,4,5,0.3,0.001,0.001,512,2,early_stopping_val_loss_overfit_patience_3,0.35190766742630303,0.2522093646124626,0.32824310414962454,0.36327388719733217,0.33510465224666813,0.35163696939,5.603636255970708,0.2522093646124626
/home/cmantill/narrador-futbol/experiments/positions/grid_search_outputs/20260426_155024/runs/run_279_h256_objh256_te128_fu256_obj2_ff2_blocks4_drop0p15_lr0p001_wd0p0001,/home/cmantill/narrador-futbol/experiments/positions/grid_search_outputs/20260426_155024/runs/run_279_h256_objh256_te128_fu256_obj2_ff2_blocks4_drop0p15_lr0p001_wd0p0001/best_model.pt,128,256,256,256,2,2,4,0.15,0.001,0.0001,512,3,early_stopping_val_loss_overfit_patience_3,0.30610894655590676,0.25208286902357674,0.29054632381518447,0.4140930839495433,0.3920677444274091,0.40539149519858486,6.011188648365162,0.25208286902357674
/home/cmantill/narrador-futbol/experiments/positions/grid_search_outputs/20260426_155024/runs/run_210_h192_objh256_te128_fu256_obj2_ff2_blocks5_drop0p25_lr0p0005_wd0p0005,/home/cmantill/narrador-futbol/experiments/positions/grid_search_outputs/20260426_155024/runs/run_210_h192_objh256_te128_fu256_obj2_ff2_blocks5_drop0p25_lr0p0005_wd0p0005/best_model.pt,128,256,192,256,2,2,5,0.25,0.0005,0.0005,512,4,early_stopping_val_loss_overfit_patience_3,0.324707785047416,0.2518439277826956,0.3150421414229104,0.3963317384370016,0.3769755284351616,0.38855570590110244,5.0051517045056375,0.2518439277826956
/home/cmantill/narrador-futbol/experiments/positions/grid_search_outputs/20260426_155024/runs/run_011_h128_objh128_te64_fu128_obj1_ff4_blocks5_drop0p1_lr0p001_wd0p0001,/home/cmantill/narrador-futbol/experiments/positions/grid_search_outputs/20260426_155024/runs/run_011_h128_objh128_te64_fu128_obj1_ff4_blocks5_drop0p1_lr0p001_wd0p0001/best_model.pt,64,128,128,128,1,4,5,0.1,0.001,0.0001,512,3,early_stopping_val_loss_overfit_patience_3,0.32162023083143426,0.25173679036939445,0.31554126014560213,0.36827606205596636,0.34985665620750217,0.3676664661484145,5.267748532471834,0.25173679036939445
/home/cmantill/narrador-futbol/experiments/positions/grid_search_outputs/20260426_155024/runs/run_467_h256_objh384_te256_fu384_obj1_ff4_blocks5_drop0p3_lr0p001_wd0p001,/home/cmantill/narrador-futbol/experiments/positions/grid_search_outputs/20260426_155024/runs/run_467_h256_objh384_te256_fu384_obj1_ff4_blocks5_drop0p3_lr0p001_wd0p001/best_model.pt,256,384,256,384,1,4,5,0.3,0.001,0.001,512,4,early_stopping_val_loss_overfit_patience_3,0.3612438432698669,0.2517126745076475,0.33879003975444877,0.42119762215455997,0.3812952808120941,0.4050820087534605,5.654991591418231,0.2517126745076475
/home/cmantill/narrador-futbol/experiments/positions/grid_search_outputs/20260426_155024/runs/run_205_h192_objh256_te128_fu256_obj2_ff2_blocks3_drop0p25_lr0p001_wd0p0005,/home/cmantill/narrador-futbol/experiments/positions/grid_search_outputs/20260426_155024/runs/run_205_h192_objh256_te128_fu256_obj2_ff2_blocks3_drop0p25_lr0p001_wd0p0005/best_model.pt,128,256,192,256,2,2,3,0.25,0.001,0.0005,512,4,early_stopping_val_loss_overfit_patience_3,0.3252223774167463,0.2516616070072077,0.3236043569872543,0.3774829636073655,0.3532867401409131,0.37620877143651055,5.386758963267009,0.2516616070072077
/home/cmantill/narrador-futbol/experiments/positions/grid_search_outputs/20260426_155024/runs/run_152_h192_objh256_te128_fu256_obj1_ff4_blocks3_drop0p15_lr0p0005_wd0p0001,/home/cmantill/narrador-futbol/experiments/positions/grid_search_outputs/20260426_155024/runs/run_152_h192_objh256_te128_fu256_obj1_ff4_blocks3_drop0p15_lr0p0005_wd0p0001/best_model.pt,128,256,192,256,1,4,3,0.15,0.0005,0.0001,512,4,early_stopping_val_loss_overfit_patience_3,0.32066455928839227,0.2516445437210435,0.312024507977968,0.39749166304190225,0.38633304677465874,0.38122269869845615,5.6886172471223055,0.2516445437210435
/home/cmantill/narrador-futbol/experiments/positions/grid_search_outputs/20260426_155024/runs/run_349_h256_objh256_te128_fu256_obj2_ff2_blocks3_drop0p3_lr0p001_wd0p001,/home/cmantill/narrador-futbol/experiments/positions/grid_search_outputs/20260426_155024/runs/run_349_h256_objh256_te128_fu256_obj2_ff2_blocks3_drop0p3_lr0p001_wd0p001/best_model.pt,128,256,256,256,2,2,3,0.3,0.001,0.001,512,4,early_stopping_val_loss_overfit_patience_3,0.3244872454605602,0.25157567627999033,0.31306110620283933,0.39778164419312745,0.3603233631679878,0.38108187704577495,4.679573897962217,0.25157567627999033
/home/cmantill/narrador-futbol/experiments/positions/grid_search_outputs/20260426_155024/runs/run_151_h192_objh256_te128_fu256_obj1_ff4_blocks3_drop0p15_lr0p001_wd0p0001,/home/cmantill/narrador-futbol/experiments/positions/grid_search_outputs/20260426_155024/runs/run_151_h192_objh256_te128_fu256_obj1_ff4_blocks3_drop0p15_lr0p001_wd0p0001/best_model.pt,128,256,192,256,1,4,3,0.15,0.001,0.0001,512,4,early_stopping_val_loss_overfit_patience_3,0.3349996324340219,0.25127352503222966,0.3237561546215815,0.45077569957952734,0.41228116571409684,0.4196317988842067,5.881275945239597,0.25127352503222966
/home/cmantill/narrador-futbol/experiments/positions/grid_search_outputs/20260426_155024/runs/run_416_h256_objh384_te256_fu384_obj1_ff4_blocks3_drop0p2_lr0p0005_wd0p0005,/home/cmantill/narrador-futbol/experiments/positions/grid_search_outputs/20260426_155024/runs/run_416_h256_objh384_te256_fu384_obj1_ff4_blocks3_drop0p2_lr0p0005_wd0p0005/best_model.pt,256,384,256,384,1,4,3,0.2,0.0005,0.0005,512,2,early_stopping_val_loss_overfit_patience_3,0.3339704476953613,0.251251443597209,0.3243344906804516,0.35943163694359864,0.35373475893138556,0.3493046805288639,5.265581908049406,0.251251443597209
/home/cmantill/narrador-futbol/experiments/positions/grid_search_outputs/20260426_155024/runs/run_244_h256_objh256_te128_fu256_obj1_ff2_blocks4_drop0p1_lr0p0005_wd0p0001,/home/cmantill/narrador-futbol/experiments/positions/grid_search_outputs/20260426_155024/runs/run_244_h256_objh256_te128_fu256_obj1_ff2_blocks4_drop0p1_lr0p0005_wd0p0001/best_model.pt,128,256,256,256,1,2,4,0.1,0.0005,0.0001,512,3,early_stopping_val_loss_overfit_patience_3,0.327942365654635,0.25111485152284313,0.31935892833646834,0.423444976076555,0.39479367174815927,0.3975404524931328,5.916536737371374,0.25111485152284313
/home/cmantill/narrador-futbol/experiments/positions/grid_search_outputs/20260426_155024/runs/run_053_h128_objh128_te64_fu128_obj1_ff2_blocks5_drop0p2_lr0p001_wd0p0005,/home/cmantill/narrador-futbol/experiments/positions/grid_search_outputs/20260426_155024/runs/run_053_h128_objh128_te64_fu128_obj1_ff2_blocks5_drop0p2_lr0p001_wd0p0005/best_model.pt,64,128,128,128,1,2,5,0.2,0.001,0.0005,512,3,early_stopping_val_loss_overfit_patience_3,0.3312504594574726,0.25102287661918876,0.31877438659150537,0.37530810497317674,0.36975387040534824,0.3658562453937158,4.345692678734109,0.25102287661918876
/home/cmantill/narrador-futbol/experiments/positions/grid_search_outputs/20260426_155024/runs/run_112_h128_objh128_te64_fu128_obj2_ff2_blocks4_drop0p3_lr0p0005_wd0p001,/home/cmantill/narrador-futbol/experiments/positions/grid_search_outputs/20260426_155024/runs/run_112_h128_objh128_te64_fu128_obj2_ff2_blocks4_drop0p3_lr0p0005_wd0p001/best_model.pt,64,128,128,128,2,2,4,0.3,0.0005,0.001,512,1,early_stopping_val_macro_f1_patience_3,0.3461736381680512,0.2509655243419122,0.3283622855874381,0.37262577932434393,0.35586527308087584,0.355912773405456,3.9718030911904796,0.2509655243419122
/home/cmantill/narrador-futbol/experiments/positions/grid_search_outputs/20260426_155024/runs/run_166_h192_objh256_te128_fu256_obj2_ff4_blocks4_drop0p15_lr0p0005_wd0p0001,/home/cmantill/narrador-futbol/experiments/positions/grid_search_outputs/20260426_155024/runs/run_166_h192_objh256_te128_fu256_obj2_ff4_blocks4_drop0p15_lr0p0005_wd0p0001/best_model.pt,128,256,192,256,2,4,4,0.15,0.0005,0.0001,512,2,early_stopping_val_loss_overfit_patience_3,0.3115489230316842,0.25088303811717816,0.31088813320078085,0.3639263447875888,0.35153599238700733,0.34842683087665133,5.469576129206905,0.25088303811717816
/home/cmantill/narrador-futbol/experiments/positions/grid_search_outputs/20260426_155024/runs/run_286_h256_objh256_te128_fu256_obj2_ff4_blocks4_drop0p15_lr0p0005_wd0p0001,/home/cmantill/narrador-futbol/experiments/positions/grid_search_outputs/20260426_155024/runs/run_286_h256_objh256_te128_fu256_obj2_ff4_blocks4_drop0p15_lr0p0005_wd0p0001/best_model.pt,128,256,256,256,2,4,4,0.15,0.0005,0.0001,512,4,early_stopping_val_loss_overfit_patience_3,0.31081379107549806,0.2508232092228579,0.3034131645839083,0.40075395099318545,0.37317568149246483,0.38287095869732174,4.880549157107318,0.2508232092228579
/home/cmantill/narrador-futbol/experiments/positions/grid_search_outputs/20260426_155024/runs/run_258_h256_objh256_te128_fu256_obj2_ff2_blocks5_drop0p1_lr0p0005_wd0p0001,/home/cmantill/narrador-futbol/experiments/positions/grid_search_outputs/20260426_155024/runs/run_258_h256_objh256_te128_fu256_obj2_ff2_blocks5_drop0p1_lr0p0005_wd0p0001/best_model.pt,128,256,256,256,2,2,5,0.1,0.0005,0.0001,512,4,early_stopping_val_loss_overfit_patience_3,0.3183856502242152,0.25073578216957526,0.3064039005454588,0.4147455415397999,0.39410807651920715,0.40346836837587163,5.873885013439037,0.25073578216957526
/home/cmantill/narrador-futbol/experiments/positions/grid_search_outputs/20260426_155024/runs/run_452_h256_objh384_te256_fu384_obj2_ff4_blocks3_drop0p25_lr0p0005_wd0p0005,/home/cmantill/narrador-futbol/experiments/positions/grid_search_outputs/20260426_155024/runs/run_452_h256_objh384_te256_fu384_obj2_ff4_blocks3_drop0p25_lr0p0005_wd0p0005/best_model.pt,256,384,256,384,2,4,3,0.25,0.0005,0.0005,512,1,early_stopping_val_macro_f1_patience_3,0.3370580019113431,0.25072627227423794,0.32118076898146314,0.42025518341307816,0.4093563337410101,0.40579280406670687,5.686393622998838,0.25072627227423794
/home/cmantill/narrador-futbol/experiments/positions/grid_search_outputs/20260426_155024/runs/run_084_h128_objh128_te64_fu128_obj1_ff4_blocks5_drop0p25_lr0p0005_wd0p0005,/home/cmantill/narrador-futbol/experiments/positions/grid_search_outputs/20260426_155024/runs/run_084_h128_objh128_te64_fu128_obj1_ff4_blocks5_drop0p25_lr0p0005_wd0p0005/best_model.pt,64,128,128,128,1,4,5,0.25,0.0005,0.0005,512,4,early_stopping_val_loss_overfit_patience_3,0.312725134161582,0.2506531691816592,0.31410300008036857,0.3727707698999565,0.35559346667643166,0.36571488994104573,4.337243141951384,0.2506531691816592
/home/cmantill/narrador-futbol/experiments/positions/grid_search_outputs/20260426_155024/runs/run_190_h192_objh256_te128_fu256_obj2_ff4_blocks4_drop0p2_lr0p0005_wd0p0005,/home/cmantill/narrador-futbol/experiments/positions/grid_search_outputs/20260426_155024/runs/run_190_h192_objh256_te128_fu256_obj2_ff4_blocks4_drop0p2_lr0p0005_wd0p0005/best_model.pt,128,256,192,256,2,4,4,0.2,0.0005,0.0005,512,2,early_stopping_val_loss_overfit_patience_3,0.3111813570535911,0.25054188287585016,0.3123671609442186,0.4135131216470929,0.3974746850215531,0.3968733285506185,5.233250776926677,0.25054188287585016
/home/cmantill/narrador-futbol/experiments/positions/grid_search_outputs/20260426_155024/runs/run_265_h256_objh256_te128_fu256_obj1_ff2_blocks3_drop0p15_lr0p001_wd0p0001,/home/cmantill/narrador-futbol/experiments/positions/grid_search_outputs/20260426_155024/runs/run_265_h256_objh256_te128_fu256_obj1_ff2_blocks3_drop0p15_lr0p001_wd0p0001/best_model.pt,128,256,256,256,1,2,3,0.15,0.001,0.0001,512,4,early_stopping_val_loss_overfit_patience_3,0.32375211350437405,0.2504528782518288,0.30916837475045367,0.3981441206321589,0.37558267117100347,0.38422079541797455,6.066586017608643,0.2504528782518288
/home/cmantill/narrador-futbol/experiments/positions/grid_search_outputs/20260426_155024/runs/run_044_h128_objh128_te64_fu128_obj2_ff4_blocks3_drop0p15_lr0p0005_wd0p0001,/home/cmantill/narrador-futbol/experiments/positions/grid_search_outputs/20260426_155024/runs/run_044_h128_objh128_te64_fu128_obj2_ff4_blocks3_drop0p15_lr0p0005_wd0p0001/best_model.pt,64,128,128,128,2,4,3,0.15,0.0005,0.0001,512,4,early_stopping_val_loss_overfit_patience_3,0.31007865911931193,0.2504410679704664,0.3042118352106197,0.39981151225170364,0.38943814194399223,0.39502929449448226,4.66984729413633,0.2504410679704664
/home/cmantill/narrador-futbol/experiments/positions/grid_search_outputs/20260426_155024/runs/run_299_h256_objh256_te128_fu256_obj1_ff4_blocks5_drop0p2_lr0p001_wd0p0005,/home/cmantill/narrador-futbol/experiments/positions/grid_search_outputs/20260426_155024/runs/run_299_h256_objh256_te128_fu256_obj1_ff4_blocks5_drop0p2_lr0p001_wd0p0005/best_model.pt,128,256,256,256,1,4,5,0.2,0.001,0.0005,512,1,early_stopping_val_macro_f1_patience_3,0.31507755642137764,0.25042552983823796,0.30518957509619193,0.355806872553284,0.3400353488511963,0.339809691779828,5.827920286743729,0.25042552983823796
/home/cmantill/narrador-futbol/experiments/positions/grid_search_outputs/20260426_155024/runs/run_182_h192_objh256_te128_fu256_obj2_ff2_blocks3_drop0p2_lr0p0005_wd0p0005,/home/cmantill/narrador-futbol/experiments/positions/grid_search_outputs/20260426_155024/runs/run_182_h192_objh256_te128_fu256_obj2_ff2_blocks3_drop0p2_lr0p0005_wd0p0005/best_model.pt,128,256,192,256,2,2,3,0.2,0.0005,0.0005,512,4,early_stopping_val_loss_overfit_patience_3,0.3231640079394251,0.2503184759837382,0.3123436941640861,0.4128606640568363,0.38463309071548024,0.4032391032601895,4.866511918880321,0.2503184759837382
/home/cmantill/narrador-futbol/experiments/positions/grid_search_outputs/20260426_155024/runs/run_055_h128_objh128_te64_fu128_obj1_ff4_blocks3_drop0p2_lr0p001_wd0p0005,/home/cmantill/narrador-futbol/experiments/positions/grid_search_outputs/20260426_155024/runs/run_055_h128_objh128_te64_fu128_obj1_ff4_blocks3_drop0p2_lr0p001_wd0p0005/best_model.pt,64,128,128,128,1,4,3,0.2,0.001,0.0005,512,3,early_stopping_val_loss_overfit_patience_3,0.3196353745497317,0.25017338622248037,0.31446660084889516,0.36298390604610703,0.35280296953193907,0.36358247314854036,4.619490226109822,0.25017338622248037
/home/cmantill/narrador-futbol/experiments/positions/grid_search_outputs/20260426_155024/runs/run_036_h128_objh128_te64_fu128_obj1_ff4_blocks5_drop0p15_lr0p0005_wd0p0001,/home/cmantill/narrador-futbol/experiments/positions/grid_search_outputs/20260426_155024/runs/run_036_h128_objh128_te64_fu128_obj1_ff4_blocks5_drop0p15_lr0p0005_wd0p0001/best_model.pt,64,128,128,128,1,4,5,0.15,0.0005,0.0001,512,1,early_stopping_val_macro_f1_patience_3,0.31566566198632656,0.24997369724399932,0.2919202398071169,0.4403363781354212,0.41081306005289,0.42038349956841164,4.662891670509621,0.24997369724399932
/home/cmantill/narrador-futbol/experiments/positions/grid_search_outputs/20260426_155024/runs/run_376_h256_objh384_te256_fu384_obj2_ff2_blocks4_drop0p1_lr0p0005_wd0p0001,/home/cmantill/narrador-futbol/experiments/positions/grid_search_outputs/20260426_155024/runs/run_376_h256_objh384_te256_fu384_obj2_ff2_blocks4_drop0p1_lr0p0005_wd0p0001/best_model.pt,256,384,256,384,2,2,4,0.1,0.0005,0.0001,512,1,early_stopping_val_macro_f1_patience_3,0.3324266705873704,0.24987629197917163,0.3196910771339772,0.373133246338988,0.35329037577281464,0.3548973127605153,6.377346197764079,0.24987629197917163
/home/cmantill/narrador-futbol/experiments/positions/grid_search_outputs/20260426_155024/runs/run_263_h256_objh256_te128_fu256_obj2_ff4_blocks5_drop0p1_lr0p001_wd0p0001,/home/cmantill/narrador-futbol/experiments/positions/grid_search_outputs/20260426_155024/runs/run_263_h256_objh256_te128_fu256_obj2_ff4_blocks5_drop0p1_lr0p001_wd0p0001/best_model.pt,128,256,256,256,2,4,5,0.1,0.001,0.0001,512,1,early_stopping_val_macro_f1_patience_3,0.35087848268764243,0.24985438542926136,0.3298194305064103,0.39509931854429464,0.382324410740283,0.3848408327270048,6.050656795501709,0.24985438542926136
/home/cmantill/narrador-futbol/experiments/positions/grid_search_outputs/20260426_155024/runs/run_356_h256_objh256_te128_fu256_obj2_ff4_blocks3_drop0p3_lr0p0005_wd0p001,/home/cmantill/narrador-futbol/experiments/positions/grid_search_outputs/20260426_155024/runs/run_356_h256_objh256_te128_fu256_obj2_ff4_blocks3_drop0p3_lr0p0005_wd0p001/best_model.pt,128,256,256,256,2,4,3,0.3,0.0005,0.001,512,4,early_stopping_val_loss_overfit_patience_3,0.30802028964199074,0.24982334920979957,0.30339422944208716,0.4069885457445266,0.3934550288305327,0.3957235839175966,4.774934547918814,0.24982334920979957
/home/cmantill/narrador-futbol/experiments/positions/grid_search_outputs/20260426_155024/runs/run_017_h128_objh128_te64_fu128_obj2_ff2_blocks5_drop0p1_lr0p001_wd0p0001,/home/cmantill/narrador-futbol/experiments/positions/grid_search_outputs/20260426_155024/runs/run_017_h128_objh128_te64_fu128_obj2_ff2_blocks5_drop0p1_lr0p001_wd0p0001/best_model.pt,64,128,128,128,2,2,5,0.1,0.001,0.0001,512,3,early_stopping_val_loss_overfit_patience_3,0.3173564654855547,0.24972600213547144,0.3078719002025674,0.39277946933449326,0.37930466279498976,0.38444154230017114,5.962751971350776,0.24972600213547144
/home/cmantill/narrador-futbol/experiments/positions/grid_search_outputs/20260426_155024/runs/run_314_h256_objh256_te128_fu256_obj1_ff2_blocks3_drop0p25_lr0p0005_wd0p0005,/home/cmantill/narrador-futbol/experiments/positions/grid_search_outputs/20260426_155024/runs/run_314_h256_objh256_te128_fu256_obj1_ff2_blocks3_drop0p25_lr0p0005_wd0p0005/best_model.pt,128,256,256,256,1,2,3,0.25,0.0005,0.0005,512,3,early_stopping_val_loss_overfit_patience_3,0.3212526648533412,0.24967756300048907,0.31133802690648243,0.4305495142815717,0.4131517040892926,0.41624118423732,5.276005850897895,0.24967756300048907
/home/cmantill/narrador-futbol/experiments/positions/grid_search_outputs/20260426_155024/runs/run_150_h192_objh256_te128_fu256_obj1_ff2_blocks5_drop0p15_lr0p0005_wd0p0001,/home/cmantill/narrador-futbol/experiments/positions/grid_search_outputs/20260426_155024/runs/run_150_h192_objh256_te128_fu256_obj1_ff2_blocks5_drop0p15_lr0p0005_wd0p0001/best_model.pt,128,256,192,256,1,2,5,0.15,0.0005,0.0001,512,2,early_stopping_val_loss_overfit_patience_3,0.3160332279644196,0.24953389890132285,0.3025065168078791,0.38683485573437726,0.36256029238924453,0.3759223403209466,5.790670147648564,0.24953389890132285
/home/cmantill/narrador-futbol/experiments/positions/grid_search_outputs/20260426_155024/runs/run_062_h128_objh128_te64_fu128_obj2_ff2_blocks3_drop0p2_lr0p0005_wd0p0005,/home/cmantill/narrador-futbol/experiments/positions/grid_search_outputs/20260426_155024/runs/run_062_h128_objh128_te64_fu128_obj2_ff2_blocks3_drop0p2_lr0p0005_wd0p0005/best_model.pt,64,128,128,128,2,2,3,0.2,0.0005,0.0005,512,1,early_stopping_val_macro_f1_patience_3,0.34190987282217156,0.24937072551116016,0.32084604697253893,0.3950268232564883,0.38321202577156416,0.3801889988324465,4.082255646034524,0.24937072551116016
/home/cmantill/narrador-futbol/experiments/positions/grid_search_outputs/20260426_155024/runs/run_454_h256_objh384_te256_fu384_obj2_ff4_blocks4_drop0p25_lr0p0005_wd0p0005,/home/cmantill/narrador-futbol/experiments/positions/grid_search_outputs/20260426_155024/runs/run_454_h256_objh384_te256_fu384_obj2_ff4_blocks4_drop0p25_lr0p0005_wd0p0005/best_model.pt,256,384,256,384,2,4,4,0.25,0.0005,0.0005,512,4,early_stopping_val_loss_overfit_patience_3,0.31199000220539586,0.24910838143221112,0.30644720612841,0.3144845585036973,0.31863254230402305,0.31877062223233343,6.245804751360858,0.24910838143221112
/home/cmantill/narrador-futbol/experiments/positions/grid_search_outputs/20260426_155024/runs/run_054_h128_objh128_te64_fu128_obj1_ff2_blocks5_drop0p2_lr0p0005_wd0p0005,/home/cmantill/narrador-futbol/experiments/positions/grid_search_outputs/20260426_155024/runs/run_054_h128_objh128_te64_fu128_obj1_ff2_blocks5_drop0p2_lr0p0005_wd0p0005/best_model.pt,64,128,128,128,1,2,5,0.2,0.0005,0.0005,512,4,early_stopping_val_loss_overfit_patience_3,0.3273542600896861,0.2490767061657842,0.3070013044157342,0.4088009279396839,0.38404025789251406,0.39122285757985975,3.9275169019345886,0.2490767061657842
/home/cmantill/narrador-futbol/experiments/positions/grid_search_outputs/20260426_155024/runs/run_237_h192_objh256_te128_fu256_obj2_ff4_blocks4_drop0p3_lr0p001_wd0p001,/home/cmantill/narrador-futbol/experiments/positions/grid_search_outputs/20260426_155024/runs/run_237_h192_objh256_te128_fu256_obj2_ff4_blocks4_drop0p3_lr0p001_wd0p001/best_model.pt,128,256,192,256,2,4,4,0.3,0.001,0.001,512,4,early_stopping_val_loss_overfit_patience_3,0.34551201940748366,0.24887916802910764,0.32699950729224136,0.3514571552849065,0.3264221053791853,0.34386597616816345,4.88552087324637,0.24887916802910764
/home/cmantill/narrador-futbol/experiments/positions/grid_search_outputs/20260426_155024/runs/run_065_h128_objh128_te64_fu128_obj2_ff2_blocks5_drop0p2_lr0p001_wd0p0005,/home/cmantill/narrador-futbol/experiments/positions/grid_search_outputs/20260426_155024/runs/run_065_h128_objh128_te64_fu128_obj2_ff2_blocks5_drop0p2_lr0p001_wd0p0005/best_model.pt,64,128,128,128,2,2,5,0.2,0.001,0.0005,512,2,early_stopping_val_loss_overfit_patience_3,0.3342645004778358,0.24886740540282387,0.3151967463857923,0.3711033782804118,0.36152650856737156,0.36998860218307567,4.41503925676699,0.24886740540282387
/home/cmantill/narrador-futbol/experiments/positions/grid_search_outputs/20260426_155024/runs/run_309_h256_objh256_te128_fu256_obj2_ff4_blocks4_drop0p2_lr0p001_wd0p0005,/home/cmantill/narrador-futbol/experiments/positions/grid_search_outputs/20260426_155024/runs/run_309_h256_objh256_te128_fu256_obj2_ff4_blocks4_drop0p2_lr0p001_wd0p0005/best_model.pt,128,256,256,256,2,4,4,0.2,0.001,0.0005,512,4,early_stopping_val_loss_overfit_patience_3,0.3084613688157024,0.24884601841170026,0.29932750187858476,0.405103668261563,0.38199823639064995,0.39462836122942835,5.198855038042422,0.24884601841170026
/home/cmantill/narrador-futbol/experiments/positions/grid_search_outputs/20260426_155024/runs/run_390_h256_objh384_te256_fu384_obj1_ff2_blocks5_drop0p15_lr0p0005_wd0p0001,/home/cmantill/narrador-futbol/experiments/positions/grid_search_outputs/20260426_155024/runs/run_390_h256_objh384_te256_fu384_obj1_ff2_blocks5_drop0p15_lr0p0005_wd0p0001/best_model.pt,256,384,256,384,1,2,5,0.15,0.0005,0.0001,512,1,early_stopping_val_macro_f1_patience_3,0.3355877379989708,0.2486656734768509,0.31860848275106174,0.4326518776279542,0.4123129966378171,0.4121389922753295,5.260225251868919,0.2486656734768509
/home/cmantill/narrador-futbol/experiments/positions/grid_search_outputs/20260426_155024/runs/run_078_h128_objh128_te64_fu128_obj1_ff2_blocks5_drop0p25_lr0p0005_wd0p0005,/home/cmantill/narrador-futbol/experiments/positions/grid_search_outputs/20260426_155024/runs/run_078_h128_objh128_te64_fu128_obj1_ff2_blocks5_drop0p25_lr0p0005_wd0p0005/best_model.pt,64,128,128,128,1,2,5,0.25,0.0005,0.0005,512,4,early_stopping_val_loss_overfit_patience_3,0.32206131000514593,0.24863350361243267,0.309756358454647,0.4107583007104538,0.3879595954346421,0.4001428593199229,3.5830416679382324,0.24863350361243267
/home/cmantill/narrador-futbol/experiments/positions/grid_search_outputs/20260426_155024/runs/run_439_h256_objh384_te256_fu384_obj1_ff4_blocks3_drop0p25_lr0p001_wd0p0005,/home/cmantill/narrador-futbol/experiments/positions/grid_search_outputs/20260426_155024/runs/run_439_h256_objh384_te256_fu384_obj1_ff4_blocks3_drop0p25_lr0p001_wd0p0005/best_model.pt,256,384,256,384,1,4,3,0.25,0.001,0.0005,512,2,early_stopping_val_loss_overfit_patience_3,0.3322061310005146,0.2485423804051403,0.3166811133983498,0.40474119182253154,0.3882874218820823,0.3924234109922257,6.283982753753662,0.2485423804051403
/home/cmantill/narrador-futbol/experiments/positions/grid_search_outputs/20260426_155024/runs/run_466_h256_objh384_te256_fu384_obj1_ff4_blocks4_drop0p3_lr0p0005_wd0p001,/home/cmantill/narrador-futbol/experiments/positions/grid_search_outputs/20260426_155024/runs/run_466_h256_objh384_te256_fu384_obj1_ff4_blocks4_drop0p3_lr0p0005_wd0p001/best_model.pt,256,384,256,384,1,4,4,0.3,0.0005,0.001,512,2,early_stopping_val_loss_overfit_patience_3,0.3141953980739543,0.24851277101128708,0.30808604363195474,0.41597796143250687,0.3962176541876019,0.39972646532667294,5.148339792534157,0.24851277101128708
/home/cmantill/narrador-futbol/experiments/positions/grid_search_outputs/20260426_155024/runs/run_061_h128_objh128_te64_fu128_obj2_ff2_blocks3_drop0p2_lr0p001_wd0p0005,/home/cmantill/narrador-futbol/experiments/positions/grid_search_outputs/20260426_155024/runs/run_061_h128_objh128_te64_fu128_obj2_ff2_blocks3_drop0p2_lr0p001_wd0p0005/best_model.pt,64,128,128,128,2,2,3,0.2,0.001,0.0005,512,4,early_stopping_val_loss_overfit_patience_3,0.3413952804528413,0.24842421958831234,0.32694656666520966,0.38023778454400464,0.3613863152282501,0.36760772320518903,4.7136698917106346,0.24842421958831234
/home/cmantill/narrador-futbol/experiments/positions/grid_search_outputs/20260426_155024/runs/run_319_h256_objh256_te128_fu256_obj1_ff4_blocks3_drop0p25_lr0p001_wd0p0005,/home/cmantill/narrador-futbol/experiments/positions/grid_search_outputs/20260426_155024/runs/run_319_h256_objh256_te128_fu256_obj1_ff4_blocks3_drop0p25_lr0p001_wd0p0005/best_model.pt,128,256,256,256,1,4,3,0.25,0.001,0.0005,512,4,early_stopping_val_loss_overfit_patience_3,0.33250018378298907,0.24841890396308355,0.32239426905290147,0.4161229520081195,0.38950497633674314,0.4003808140537231,5.836601274984854,0.24841890396308355
/home/cmantill/narrador-futbol/experiments/positions/grid_search_outputs/20260426_155024/runs/run_402_h256_objh384_te256_fu384_obj2_ff2_blocks5_drop0p15_lr0p0005_wd0p0001,/home/cmantill/narrador-futbol/experiments/positions/grid_search_outputs/20260426_155024/runs/run_402_h256_objh384_te256_fu384_obj2_ff2_blocks5_drop0p15_lr0p0005_wd0p0001/best_model.pt,256,384,256,384,2,2,5,0.15,0.0005,0.0001,512,4,early_stopping_val_loss_overfit_patience_3,0.3316180254355657,0.2482777003595676,0.31681272682700334,0.3832825866318689,0.35894491949253654,0.37169553339310796,6.116969885649504,0.2482777003595676
/home/cmantill/narrador-futbol/experiments/positions/grid_search_outputs/20260426_155024/runs/run_024_h128_objh128_te64_fu128_obj2_ff4_blocks5_drop0p1_lr0p0005_wd0p0001,/home/cmantill/narrador-futbol/experiments/positions/grid_search_outputs/20260426_155024/runs/run_024_h128_objh128_te64_fu128_obj2_ff4_blocks5_drop0p1_lr0p0005_wd0p0001/best_model.pt,64,128,128,128,2,4,5,0.1,0.0005,0.0001,512,4,early_stopping_val_loss_overfit_patience_3,0.32286995515695066,0.24802337188540027,0.31500306225517805,0.40437871538350006,0.384753047753375,0.38727996725652825,4.992844608094957,0.24802337188540027
/home/cmantill/narrador-futbol/experiments/positions/grid_search_outputs/20260426_155024/runs/run_091_h128_objh128_te64_fu128_obj2_ff4_blocks3_drop0p25_lr0p001_wd0p0005,/home/cmantill/narrador-futbol/experiments/positions/grid_search_outputs/20260426_155024/runs/run_091_h128_objh128_te64_fu128_obj2_ff4_blocks3_drop0p25_lr0p001_wd0p0005/best_model.pt,64,128,128,128,2,4,3,0.25,0.001,0.0005,512,1,early_stopping_val_macro_f1_patience_3,0.32698669411159303,0.2474397195452173,0.306860244691312,0.40307380020298683,0.3745605963733534,0.37256296846950854,4.490647413112499,0.2474397195452173
/home/cmantill/narrador-futbol/experiments/positions/grid_search_outputs/20260426_155024/runs/run_408_h256_objh384_te256_fu384_obj2_ff4_blocks5_drop0p15_lr0p0005_wd0p0001,/home/cmantill/narrador-futbol/experiments/positions/grid_search_outputs/20260426_155024/runs/run_408_h256_objh384_te256_fu384_obj2_ff4_blocks5_drop0p15_lr0p0005_wd0p0001/best_model.pt,256,384,256,384,2,4,5,0.15,0.0005,0.0001,512,3,early_stopping_val_loss_overfit_patience_3,0.31022568551054913,0.2473421610883949,0.3057017508663987,0.44251123676960996,0.42194601421875266,0.43227654274622573,6.399277669412118,0.2473421610883949
/home/cmantill/narrador-futbol/experiments/positions/grid_search_outputs/20260426_155024/runs/run_189_h192_objh256_te128_fu256_obj2_ff4_blocks4_drop0p2_lr0p001_wd0p0005,/home/cmantill/narrador-futbol/experiments/positions/grid_search_outputs/20260426_155024/runs/run_189_h192_objh256_te128_fu256_obj2_ff4_blocks4_drop0p2_lr0p001_wd0p0005/best_model.pt,128,256,192,256,2,4,4,0.2,0.001,0.0005,512,3,early_stopping_val_loss_overfit_patience_3,0.327942365654635,0.24722849272942474,0.3144336979113406,0.40836595621284616,0.3791859681072533,0.39483542602844973,5.784217463599311,0.24722849272942474
/home/cmantill/narrador-futbol/experiments/positions/grid_search_outputs/20260426_155024/runs/run_306_h256_objh256_te128_fu256_obj2_ff2_blocks5_drop0p2_lr0p0005_wd0p0005,/home/cmantill/narrador-futbol/experiments/positions/grid_search_outputs/20260426_155024/runs/run_306_h256_objh256_te128_fu256_obj2_ff2_blocks5_drop0p2_lr0p0005_wd0p0005/best_model.pt,128,256,256,256,2,2,5,0.2,0.0005,0.0005,512,4,early_stopping_val_loss_overfit_patience_3,0.32478129824303464,0.24719701794445784,0.320195344364732,0.41068580542264754,0.38365403684355154,0.3932462227490828,5.06800455517239,0.24719701794445784
/home/cmantill/narrador-futbol/experiments/positions/grid_search_outputs/20260426_155024/runs/run_071_h128_objh128_te64_fu128_obj2_ff4_blocks5_drop0p2_lr0p001_wd0p0005,/home/cmantill/narrador-futbol/experiments/positions/grid_search_outputs/20260426_155024/runs/run_071_h128_objh128_te64_fu128_obj2_ff4_blocks5_drop0p2_lr0p001_wd0p0005/best_model.pt,64,128,128,128,2,4,5,0.2,0.001,0.0005,512,3,early_stopping_val_loss_overfit_patience_3,0.3234580607218996,0.24709920573411992,0.3170107920560373,0.40959837610555316,0.3877557222656348,0.3966481171019467,4.574285975208989,0.24709920573411992
/home/cmantill/narrador-futbol/experiments/positions/grid_search_outputs/20260426_155024/runs/run_198_h192_objh256_te128_fu256_obj1_ff2_blocks5_drop0p25_lr0p0005_wd0p0005,/home/cmantill/narrador-futbol/experiments/positions/grid_search_outputs/20260426_155024/runs/run_198_h192_objh256_te128_fu256_obj1_ff2_blocks5_drop0p25_lr0p0005_wd0p0005/best_model.pt,128,256,192,256,1,2,5,0.25,0.0005,0.0005,512,2,early_stopping_val_loss_overfit_patience_3,0.3430860839520694,0.24709165638004707,0.31640692630019146,0.4041612295200812,0.3713123604374049,0.3905741192463249,4.635316195311369,0.24709165638004707
/home/cmantill/narrador-futbol/experiments/positions/grid_search_outputs/20260426_155024/runs/run_468_h256_objh384_te256_fu384_obj1_ff4_blocks5_drop0p3_lr0p0005_wd0p001,/home/cmantill/narrador-futbol/experiments/positions/grid_search_outputs/20260426_155024/runs/run_468_h256_objh384_te256_fu384_obj1_ff4_blocks5_drop0p3_lr0p0005_wd0p001/best_model.pt,256,384,256,384,1,4,5,0.3,0.0005,0.001,512,1,early_stopping_val_macro_f1_patience_3,0.3114754098360656,0.24703937381858182,0.295281851997199,0.32825866318689284,0.3158828960386068,0.32269033190133223,4.250461560708505,0.24703937381858182
/home/cmantill/narrador-futbol/experiments/positions/grid_search_outputs/20260426_155024/runs/run_364_h256_objh384_te256_fu384_obj1_ff2_blocks4_drop0p1_lr0p0005_wd0p0001,/home/cmantill/narrador-futbol/experiments/positions/grid_search_outputs/20260426_155024/runs/run_364_h256_objh384_te256_fu384_obj1_ff2_blocks4_drop0p1_lr0p0005_wd0p0001/best_model.pt,256,384,256,384,1,2,4,0.1,0.0005,0.0001,512,4,early_stopping_val_loss_overfit_patience_3,0.30897596118503273,0.24692461244822864,0.29620401793639006,0.36929099608525445,0.363652944122948,0.35685659834787636,5.950575298733181,0.24692461244822864
/home/cmantill/narrador-futbol/experiments/positions/grid_search_outputs/20260426_155024/runs/run_157_h192_objh256_te128_fu256_obj2_ff2_blocks3_drop0p15_lr0p001_wd0p0001,/home/cmantill/narrador-futbol/experiments/positions/grid_search_outputs/20260426_155024/runs/run_157_h192_objh256_te128_fu256_obj2_ff2_blocks3_drop0p15_lr0p001_wd0p0001/best_model.pt,128,256,192,256,2,2,3,0.15,0.001,0.0001,512,3,early_stopping_val_loss_overfit_patience_3,0.33183856502242154,0.24684478288852613,0.3257366845048761,0.367696099753516,0.3460366635041373,0.36218629955539744,6.430398552506058,0.24684478288852613
/home/cmantill/narrador-futbol/experiments/positions/grid_search_outputs/20260426_155024/runs/run_089_h128_objh128_te64_fu128_obj2_ff2_blocks5_drop0p25_lr0p001_wd0p0005,/home/cmantill/narrador-futbol/experiments/positions/grid_search_outputs/20260426_155024/runs/run_089_h128_objh128_te64_fu128_obj2_ff2_blocks5_drop0p25_lr0p001_wd0p0005/best_model.pt,64,128,128,128,2,2,5,0.25,0.001,0.0005,512,1,early_stopping_val_macro_f1_patience_3,0.3354407116077336,0.24669339989940192,0.3210656547380298,0.38719733217340874,0.36751162245934693,0.3695600705767132,4.439952585432264,0.24669339989940192
/home/cmantill/narrador-futbol/experiments/positions/grid_search_outputs/20260426_155024/runs/run_186_h192_objh256_te128_fu256_obj2_ff2_blocks5_drop0p2_lr0p0005_wd0p0005,/home/cmantill/narrador-futbol/experiments/positions/grid_search_outputs/20260426_155024/runs/run_186_h192_objh256_te128_fu256_obj2_ff2_blocks5_drop0p2_lr0p0005_wd0p0005/best_model.pt,128,256,192,256,2,2,5,0.2,0.0005,0.0005,512,3,early_stopping_val_loss_overfit_patience_3,0.3144159376608101,0.2464697713246315,0.30499861493301134,0.39082209656372335,0.36940576937706066,0.37331713049053633,5.095596428270693,0.2464697713246315
/home/cmantill/narrador-futbol/experiments/positions/grid_search_outputs/20260426_155024/runs/run_035_h128_objh128_te64_fu128_obj1_ff4_blocks5_drop0p15_lr0p001_wd0p0001,/home/cmantill/narrador-futbol/experiments/positions/grid_search_outputs/20260426_155024/runs/run_035_h128_objh128_te64_fu128_obj1_ff4_blocks5_drop0p15_lr0p001_wd0p0001/best_model.pt,64,128,128,128,1,4,5,0.15,0.001,0.0001,512,3,early_stopping_val_loss_overfit_patience_3,0.3040505770785856,0.246255859822836,0.2981624521040984,0.38712483688560245,0.36912729998004934,0.36981656009045866,4.999982410007053,0.246255859822836
/home/cmantill/narrador-futbol/experiments/positions/grid_search_outputs/20260426_155024/runs/run_479_h256_objh384_te256_fu384_obj2_ff4_blocks5_drop0p3_lr0p001_wd0p001,/home/cmantill/narrador-futbol/experiments/positions/grid_search_outputs/20260426_155024/runs/run_479_h256_objh384_te256_fu384_obj2_ff4_blocks5_drop0p3_lr0p001_wd0p001/best_model.pt,256,384,256,384,2,4,5,0.3,0.001,0.001,512,4,early_stopping_val_loss_overfit_patience_3,0.3290450635889142,0.24618275001948578,0.3172176107462254,0.3748006379585327,0.3376842846662616,0.36153976589386244,5.934721116666441,0.24618275001948578
/home/cmantill/narrador-futbol/experiments/positions/grid_search_outputs/20260426_155024/runs/run_421_h256_objh384_te256_fu384_obj2_ff2_blocks3_drop0p2_lr0p001_wd0p0005,/home/cmantill/narrador-futbol/experiments/positions/grid_search_outputs/20260426_155024/runs/run_421_h256_objh384_te256_fu384_obj2_ff2_blocks3_drop0p2_lr0p001_wd0p0005/best_model.pt,256,384,256,384,2,2,3,0.2,0.001,0.0005,512,4,early_stopping_val_loss_overfit_patience_3,0.3289715503932956,0.2460390506783704,0.3169861915727128,0.4149630274032188,0.39323163188071547,0.40361231004238896,5.739560754210861,0.2460390506783704
/home/cmantill/narrador-futbol/experiments/positions/grid_search_outputs/20260426_155024/runs/run_222_h192_objh256_te128_fu256_obj1_ff2_blocks5_drop0p3_lr0p0005_wd0p001,/home/cmantill/narrador-futbol/experiments/positions/grid_search_outputs/20260426_155024/runs/run_222_h192_objh256_te128_fu256_obj1_ff2_blocks5_drop0p3_lr0p0005_wd0p001/best_model.pt,128,256,192,256,1,2,5,0.3,0.0005,0.001,512,1,early_stopping_val_macro_f1_patience_3,0.33404396089097993,0.24579860892188904,0.3133278469421058,0.4077859939103958,0.3800293514399862,0.39292617163610577,4.500935263103909,0.24579860892188904
/home/cmantill/narrador-futbol/experiments/positions/grid_search_outputs/20260426_155024/runs/run_123_h192_objh256_te128_fu256_obj1_ff2_blocks4_drop0p1_lr0p001_wd0p0001,/home/cmantill/narrador-futbol/experiments/positions/grid_search_outputs/20260426_155024/runs/run_123_h192_objh256_te128_fu256_obj1_ff2_blocks4_drop0p1_lr0p001_wd0p0001/best_model.pt,128,256,192,256,1,2,4,0.1,0.001,0.0001,512,4,early_stopping_val_loss_overfit_patience_3,0.32978019554510035,0.2457846719690498,0.31167315241948484,0.3993040452370596,0.3797424974762054,0.3805695196733464,6.770913300690828,0.2457846719690498
/home/cmantill/narrador-futbol/experiments/positions/grid_search_outputs/20260426_155024/runs/run_110_h128_objh128_te64_fu128_obj2_ff2_blocks3_drop0p3_lr0p0005_wd0p001,/home/cmantill/narrador-futbol/experiments/positions/grid_search_outputs/20260426_155024/runs/run_110_h128_objh128_te64_fu128_obj2_ff2_blocks3_drop0p3_lr0p0005_wd0p001/best_model.pt,64,128,128,128,2,2,3,0.3,0.0005,0.001,512,1,early_stopping_val_macro_f1_patience_3,0.36242005439976477,0.24571129438846226,0.3286645255019661,0.40010149340292883,0.38346610760050326,0.38219413059752416,3.616437629417137,0.24571129438846226
/home/cmantill/narrador-futbol/experiments/positions/grid_search_outputs/20260426_155024/runs/run_337_h256_objh256_te128_fu256_obj1_ff2_blocks3_drop0p3_lr0p001_wd0p001,/home/cmantill/narrador-futbol/experiments/positions/grid_search_outputs/20260426_155024/runs/run_337_h256_objh256_te128_fu256_obj1_ff2_blocks3_drop0p3_lr0p001_wd0p001/best_model.pt,128,256,256,256,1,2,3,0.3,0.001,0.001,512,4,early_stopping_val_loss_overfit_patience_3,0.3349261192384033,0.2455372486758053,0.3225422557225806,0.38400753950993183,0.3621638295394524,0.37359437852956595,5.496121212288186,0.2455372486758053
/home/cmantill/narrador-futbol/experiments/positions/grid_search_outputs/20260426_155024/runs/run_221_h192_objh256_te128_fu256_obj1_ff2_blocks5_drop0p3_lr0p001_wd0p001,/home/cmantill/narrador-futbol/experiments/positions/grid_search_outputs/20260426_155024/runs/run_221_h192_objh256_te128_fu256_obj1_ff2_blocks5_drop0p3_lr0p001_wd0p001/best_model.pt,128,256,192,256,1,2,5,0.3,0.001,0.001,512,1,early_stopping_val_macro_f1_patience_3,0.3377196206719106,0.24543503418461332,0.3133805224396684,0.40437871538350006,0.37669350526078005,0.3918284476884569,4.846857715536047,0.24543503418461332
/home/cmantill/narrador-futbol/experiments/positions/grid_search_outputs/20260426_155024/runs/run_038_h128_objh128_te64_fu128_obj2_ff2_blocks3_drop0p15_lr0p0005_wd0p0001,/home/cmantill/narrador-futbol/experiments/positions/grid_search_outputs/20260426_155024/runs/run_038_h128_objh128_te64_fu128_obj2_ff2_blocks3_drop0p15_lr0p0005_wd0p0001/best_model.pt,64,128,128,128,2,2,3,0.15,0.0005,0.0001,512,4,early_stopping_val_loss_overfit_patience_3,0.32816290524149083,0.24532422679730076,0.31989505006129043,0.42822966507177035,0.41138012379015976,0.4191786371720176,4.1667954215297,0.24532422679730076
/home/cmantill/narrador-futbol/experiments/positions/grid_search_outputs/20260426_155024/runs/run_012_h128_objh128_te64_fu128_obj1_ff4_blocks5_drop0p1_lr0p0005_wd0p0001,/home/cmantill/narrador-futbol/experiments/positions/grid_search_outputs/20260426_155024/runs/run_012_h128_objh128_te64_fu128_obj1_ff4_blocks5_drop0p1_lr0p0005_wd0p0001/best_model.pt,64,128,128,128,1,4,5,0.1,0.0005,0.0001,512,1,early_stopping_val_macro_f1_patience_3,0.30919650077188854,0.2453026464474958,0.2991675748676082,0.42822966507177035,0.40176583668731014,0.4171666034013332,4.989218632380168,0.2453026464474958
/home/cmantill/narrador-futbol/experiments/positions/grid_search_outputs/20260426_155024/runs/run_082_h128_objh128_te64_fu128_obj1_ff4_blocks4_drop0p25_lr0p0005_wd0p0005,/home/cmantill/narrador-futbol/experiments/positions/grid_search_outputs/20260426_155024/runs/run_082_h128_objh128_te64_fu128_obj1_ff4_blocks4_drop0p25_lr0p0005_wd0p0005/best_model.pt,64,128,128,128,1,4,4,0.25,0.0005,0.0005,512,1,early_stopping_val_macro_f1_patience_3,0.32117915165772254,0.24515452152773096,0.3092839309946361,0.387269827461215,0.37081013143972213,0.37247349657711953,3.7607296396184853,0.24515452152773096
/home/cmantill/narrador-futbol/experiments/positions/grid_search_outputs/20260426_155024/runs/run_213_h192_objh256_te128_fu256_obj2_ff4_blocks4_drop0p25_lr0p001_wd0p0005,/home/cmantill/narrador-futbol/experiments/positions/grid_search_outputs/20260426_155024/runs/run_213_h192_objh256_te128_fu256_obj2_ff4_blocks4_drop0p25_lr0p001_wd0p0005/best_model.pt,128,256,192,256,2,4,4,0.25,0.001,0.0005,512,4,early_stopping_val_loss_overfit_patience_3,0.3345585532603102,0.24490628190994734,0.31878277623138557,0.36457880237784546,0.3466743096028774,0.3607141030501673,4.76484978640521,0.24490628190994734
/home/cmantill/narrador-futbol/experiments/positions/grid_search_outputs/20260426_155024/runs/run_301_h256_objh256_te128_fu256_obj2_ff2_blocks3_drop0p2_lr0p001_wd0p0005,/home/cmantill/narrador-futbol/experiments/positions/grid_search_outputs/20260426_155024/runs/run_301_h256_objh256_te128_fu256_obj2_ff2_blocks3_drop0p2_lr0p001_wd0p0005/best_model.pt,128,256,256,256,2,2,3,0.2,0.001,0.0005,512,1,early_stopping_val_macro_f1_patience_3,0.3365434095420128,0.24472128353949138,0.3126268166854077,0.4356966797158185,0.3952957991200312,0.4219206099450896,5.036161528693305,0.24472128353949138
/home/cmantill/narrador-futbol/experiments/positions/grid_search_outputs/20260426_155024/runs/run_223_h192_objh256_te128_fu256_obj1_ff4_blocks3_drop0p3_lr0p001_wd0p001,/home/cmantill/narrador-futbol/experiments/positions/grid_search_outputs/20260426_155024/runs/run_223_h192_objh256_te128_fu256_obj1_ff4_blocks3_drop0p3_lr0p001_wd0p001/best_model.pt,128,256,192,256,1,4,3,0.3,0.001,0.001,512,1,early_stopping_val_macro_f1_patience_3,0.3447033742556789,0.2446849335808904,0.3115006602833118,0.3763955342902711,0.34249443406292646,0.35105775344952905,5.38576665631047,0.2446849335808904
/home/cmantill/narrador-futbol/experiments/positions/grid_search_outputs/20260426_155024/runs/run_420_h256_objh384_te256_fu384_obj1_ff4_blocks5_drop0p2_lr0p0005_wd0p0005,/home/cmantill/narrador-futbol/experiments/positions/grid_search_outputs/20260426_155024/runs/run_420_h256_objh384_te256_fu384_obj1_ff4_blocks5_drop0p2_lr0p0005_wd0p0005/best_model.pt,256,384,256,384,1,4,5,0.2,0.0005,0.0005,512,4,early_stopping_val_loss_overfit_patience_3,0.3126516209659634,0.24462355465053123,0.305826131060834,0.38408003479773817,0.363472039330429,0.3726269432774744,4.295850453553377,0.24462355465053123
/home/cmantill/narrador-futbol/experiments/positions/grid_search_outputs/20260426_155024/runs/run_075_h128_objh128_te64_fu128_obj1_ff2_blocks4_drop0p25_lr0p001_wd0p0005,/home/cmantill/narrador-futbol/experiments/positions/grid_search_outputs/20260426_155024/runs/run_075_h128_objh128_te64_fu128_obj1_ff2_blocks4_drop0p25_lr0p001_wd0p0005/best_model.pt,64,128,128,128,1,2,4,0.25,0.001,0.0005,512,1,early_stopping_val_macro_f1_patience_3,0.327942365654635,0.24430143446687294,0.3120605092729719,0.42105263157894735,0.3916485757997231,0.39722551398149064,4.560697740978664,0.24430143446687294
/home/cmantill/narrador-futbol/experiments/positions/grid_search_outputs/20260426_155024/runs/run_269_h256_objh256_te128_fu256_obj1_ff2_blocks5_drop0p15_lr0p001_wd0p0001,/home/cmantill/narrador-futbol/experiments/positions/grid_search_outputs/20260426_155024/runs/run_269_h256_objh256_te128_fu256_obj1_ff2_blocks5_drop0p15_lr0p001_wd0p0001/best_model.pt,128,256,256,256,1,2,5,0.15,0.001,0.0001,512,3,early_stopping_val_loss_overfit_patience_3,0.3123575681834889,0.24425365602791396,0.3056302112873862,0.38697984630998983,0.37616707216563233,0.3717066577931387,6.207089812667282,0.24425365602791396
/home/cmantill/narrador-futbol/experiments/positions/grid_search_outputs/20260426_155024/runs/run_412_h256_objh384_te256_fu384_obj1_ff2_blocks4_drop0p2_lr0p0005_wd0p0005,/home/cmantill/narrador-futbol/experiments/positions/grid_search_outputs/20260426_155024/runs/run_412_h256_objh384_te256_fu384_obj1_ff2_blocks4_drop0p2_lr0p0005_wd0p0005/best_model.pt,256,384,256,384,1,2,4,0.2,0.0005,0.0005,512,3,early_stopping_val_loss_overfit_patience_3,0.32757479967654196,0.24411704116193558,0.3096113031555784,0.3835725677830941,0.36756637981810775,0.36967227384187923,5.593567300725867,0.24411704116193558
/home/cmantill/narrador-futbol/experiments/positions/grid_search_outputs/20260426_155024/runs/run_240_h192_objh256_te128_fu256_obj2_ff4_blocks5_drop0p3_lr0p0005_wd0p001,/home/cmantill/narrador-futbol/experiments/positions/grid_search_outputs/20260426_155024/runs/run_240_h192_objh256_te128_fu256_obj2_ff4_blocks5_drop0p3_lr0p0005_wd0p001/best_model.pt,128,256,192,256,2,4,5,0.3,0.0005,0.001,512,1,early_stopping_val_macro_f1_patience_3,0.34080717488789236,0.24396687984497195,0.31985979542654425,0.4344642598231115,0.3960272074314025,0.41499673868235576,4.455178993719596,0.24396687984497195
/home/cmantill/narrador-futbol/experiments/positions/grid_search_outputs/20260426_155024/runs/run_282_h256_objh256_te128_fu256_obj2_ff2_blocks5_drop0p15_lr0p0005_wd0p0001,/home/cmantill/narrador-futbol/experiments/positions/grid_search_outputs/20260426_155024/runs/run_282_h256_objh256_te128_fu256_obj2_ff2_blocks5_drop0p15_lr0p0005_wd0p0001/best_model.pt,128,256,256,256,2,2,5,0.15,0.0005,0.0001,512,2,early_stopping_val_loss_overfit_patience_3,0.3244872454605602,0.24389015927578211,0.30534234462524973,0.40843845150065244,0.39065717691854907,0.3966464895511871,5.45053208315814,0.24389015927578211
/home/cmantill/narrador-futbol/experiments/positions/grid_search_outputs/20260426_155024/runs/run_188_h192_objh256_te128_fu256_obj2_ff4_blocks3_drop0p2_lr0p0005_wd0p0005,/home/cmantill/narrador-futbol/experiments/positions/grid_search_outputs/20260426_155024/runs/run_188_h192_objh256_te128_fu256_obj2_ff4_blocks3_drop0p2_lr0p0005_wd0p0005/best_model.pt,128,256,192,256,2,4,3,0.2,0.0005,0.0005,512,4,early_stopping_val_loss_overfit_patience_3,0.32162023083143426,0.24381377914821747,0.3081299887080987,0.3777004494707844,0.3576982517144146,0.3684885131477002,4.996665592546816,0.24381377914821747
/home/cmantill/narrador-futbol/experiments/positions/grid_search_outputs/20260426_155024/runs/run_056_h128_objh128_te64_fu128_obj1_ff4_blocks3_drop0p2_lr0p0005_wd0p0005,/home/cmantill/narrador-futbol/experiments/positions/grid_search_outputs/20260426_155024/runs/run_056_h128_objh128_te64_fu128_obj1_ff4_blocks3_drop0p2_lr0p0005_wd0p0005/best_model.pt,64,128,128,128,1,4,3,0.2,0.0005,0.0005,512,3,early_stopping_val_loss_overfit_patience_3,0.2997132985370874,0.24360499850564402,0.2977120186025189,0.3999565028273162,0.3913454983193121,0.3894628713283095,4.0107696144669145,0.24360499850564402
/home/cmantill/narrador-futbol/experiments/positions/grid_search_outputs/20260426_155024/runs/run_039_h128_objh128_te64_fu128_obj2_ff2_blocks4_drop0p15_lr0p001_wd0p0001,/home/cmantill/narrador-futbol/experiments/positions/grid_search_outputs/20260426_155024/runs/run_039_h128_objh128_te64_fu128_obj2_ff2_blocks4_drop0p15_lr0p001_wd0p0001/best_model.pt,64,128,128,128,2,2,4,0.15,0.001,0.0001,512,2,early_stopping_val_loss_overfit_patience_3,0.3136072925090054,0.24357247374496194,0.30569429891495276,0.4111207771494853,0.38966238374138507,0.3988082431990428,5.096248582557395,0.24357247374496194
/home/cmantill/narrador-futbol/experiments/positions/grid_search_outputs/20260426_155024/runs/run_114_h128_objh128_te64_fu128_obj2_ff2_blocks5_drop0p3_lr0p0005_wd0p001,/home/cmantill/narrador-futbol/experiments/positions/grid_search_outputs/20260426_155024/runs/run_114_h128_objh128_te64_fu128_obj2_ff2_blocks5_drop0p3_lr0p0005_wd0p001/best_model.pt,64,128,128,128,2,2,5,0.3,0.0005,0.001,512,1,early_stopping_val_macro_f1_patience_3,0.3267661545247372,0.24346110079603436,0.30852869289653534,0.39190952588081773,0.3671109659740036,0.37486301699409513,4.15613156777841,0.24346110079603436
/home/cmantill/narrador-futbol/experiments/positions/grid_search_outputs/20260426_155024/runs/run_010_h128_objh128_te64_fu128_obj1_ff4_blocks4_drop0p1_lr0p0005_wd0p0001,/home/cmantill/narrador-futbol/experiments/positions/grid_search_outputs/20260426_155024/runs/run_010_h128_objh128_te64_fu128_obj1_ff4_blocks4_drop0p1_lr0p0005_wd0p0001/best_model.pt,64,128,128,128,1,4,4,0.1,0.0005,0.0001,512,2,early_stopping_val_loss_overfit_patience_3,0.3052267882084834,0.2432051491528257,0.288485176852164,0.3990140640858344,0.3706791458336444,0.388379631251031,4.516886260774401,0.2432051491528257
/home/cmantill/narrador-futbol/experiments/positions/grid_search_outputs/20260426_155024/runs/run_285_h256_objh256_te128_fu256_obj2_ff4_blocks4_drop0p15_lr0p001_wd0p0001,/home/cmantill/narrador-futbol/experiments/positions/grid_search_outputs/20260426_155024/runs/run_285_h256_objh256_te128_fu256_obj2_ff4_blocks4_drop0p15_lr0p001_wd0p0001/best_model.pt,128,256,256,256,2,4,4,0.15,0.001,0.0001,512,1,early_stopping_val_macro_f1_patience_3,0.32375211350437405,0.24310506286360078,0.30405047928409784,0.40865593736407135,0.39362989685375366,0.3950121545747995,5.540827883614434,0.24310506286360078
/home/cmantill/narrador-futbol/experiments/positions/grid_search_outputs/20260426_155024/runs/run_224_h192_objh256_te128_fu256_obj1_ff4_blocks3_drop0p3_lr0p0005_wd0p001,/home/cmantill/narrador-futbol/experiments/positions/grid_search_outputs/20260426_155024/runs/run_224_h192_objh256_te128_fu256_obj1_ff4_blocks3_drop0p3_lr0p0005_wd0p001/best_model.pt,128,256,192,256,1,4,3,0.3,0.0005,0.001,512,1,early_stopping_val_macro_f1_patience_3,0.3471293097110931,0.2430547622674571,0.32110335519692385,0.4175728577642453,0.3911505162792174,0.4037659956091501,4.471858898798625,0.2430547622674571
/home/cmantill/narrador-futbol/experiments/positions/grid_search_outputs/20260426_155024/runs/run_359_h256_objh256_te128_fu256_obj2_ff4_blocks5_drop0p3_lr0p001_wd0p001,/home/cmantill/narrador-futbol/experiments/positions/grid_search_outputs/20260426_155024/runs/run_359_h256_objh256_te128_fu256_obj2_ff4_blocks5_drop0p3_lr0p001_wd0p001/best_model.pt,128,256,256,256,2,4,5,0.3,0.001,0.001,512,1,early_stopping_val_macro_f1_patience_3,0.33955745056237596,0.2430002000630798,0.3220558128014284,0.4003189792663477,0.3812301545648428,0.3847096252929917,5.328010638554891,0.2430002000630798
/home/cmantill/narrador-futbol/experiments/positions/grid_search_outputs/20260426_155024/runs/run_394_h256_objh384_te256_fu384_obj1_ff4_blocks4_drop0p15_lr0p0005_wd0p0001,/home/cmantill/narrador-futbol/experiments/positions/grid_search_outputs/20260426_155024/runs/run_394_h256_objh384_te256_fu384_obj1_ff4_blocks4_drop0p15_lr0p0005_wd0p0001/best_model.pt,256,384,256,384,1,4,4,0.15,0.0005,0.0001,512,2,early_stopping_val_loss_overfit_patience_3,0.29714033669043594,0.24292590310899626,0.27907833503551466,0.3965492243004205,0.38326189986092146,0.38139457550628997,5.962765693664551,0.24292590310899626
/home/cmantill/narrador-futbol/experiments/positions/grid_search_outputs/20260426_155024/runs/run_100_h128_objh128_te64_fu128_obj1_ff2_blocks4_drop0p3_lr0p0005_wd0p001,/home/cmantill/narrador-futbol/experiments/positions/grid_search_outputs/20260426_155024/runs/run_100_h128_objh128_te64_fu128_obj1_ff2_blocks4_drop0p3_lr0p0005_wd0p001/best_model.pt,64,128,128,128,1,2,4,0.3,0.0005,0.001,512,1,early_stopping_val_macro_f1_patience_3,0.3373520546938175,0.24291490296451826,0.32023843692348836,0.4357691750036248,0.40937111959665445,0.41995432974350627,3.5721437401241727,0.24291490296451826
/home/cmantill/narrador-futbol/experiments/positions/grid_search_outputs/20260426_155024/runs/run_087_h128_objh128_te64_fu128_obj2_ff2_blocks4_drop0p25_lr0p001_wd0p0005,/home/cmantill/narrador-futbol/experiments/positions/grid_search_outputs/20260426_155024/runs/run_087_h128_objh128_te64_fu128_obj2_ff2_blocks4_drop0p25_lr0p001_wd0p0005/best_model.pt,64,128,128,128,2,2,4,0.25,0.001,0.0005,512,1,early_stopping_val_macro_f1_patience_3,0.31412188487833564,0.24286140526763586,0.306426148127725,0.3935769175003625,0.3734690243000319,0.3740528068477076,4.683264908967195,0.24286140526763586
/home/cmantill/narrador-futbol/experiments/positions/grid_search_outputs/20260426_155024/runs/run_330_h256_objh256_te128_fu256_obj2_ff2_blocks5_drop0p25_lr0p0005_wd0p0005,/home/cmantill/narrador-futbol/experiments/positions/grid_search_outputs/20260426_155024/runs/run_330_h256_objh256_te128_fu256_obj2_ff2_blocks5_drop0p25_lr0p0005_wd0p0005/best_model.pt,128,256,256,256,2,2,5,0.25,0.0005,0.0005,512,4,early_stopping_val_loss_overfit_patience_3,0.32162023083143426,0.24284129078713293,0.3147807603318539,0.38879222850514716,0.366188092319964,0.3807705146984582,4.728245788150364,0.24284129078713293
/home/cmantill/narrador-futbol/experiments/positions/grid_search_outputs/20260426_155024/runs/run_386_h256_objh384_te256_fu384_obj1_ff2_blocks3_drop0p15_lr0p0005_wd0p0001,/home/cmantill/narrador-futbol/experiments/positions/grid_search_outputs/20260426_155024/runs/run_386_h256_objh384_te256_fu384_obj1_ff2_blocks3_drop0p15_lr0p0005_wd0p0001/best_model.pt,256,384,256,384,1,2,3,0.15,0.0005,0.0001,512,3,early_stopping_val_loss_overfit_patience_3,0.3122840549878703,0.24278509721602076,0.3018228545885239,0.38980716253443526,0.3715544399621997,0.37961461205321817,5.403953940780075,0.24278509721602076
/home/cmantill/narrador-futbol/experiments/positions/grid_search_outputs/20260426_155024/runs/run_377_h256_objh384_te256_fu384_obj2_ff2_blocks5_drop0p1_lr0p001_wd0p0001,/home/cmantill/narrador-futbol/experiments/positions/grid_search_outputs/20260426_155024/runs/run_377_h256_objh384_te256_fu384_obj2_ff2_blocks5_drop0p1_lr0p001_wd0p0001/best_model.pt,256,384,256,384,2,2,5,0.1,0.001,0.0001,512,4,early_stopping_val_loss_overfit_patience_3,0.3143424244651915,0.24270523224668794,0.3056588490643604,0.35566188197767146,0.34092640149092535,0.34104033537136136,7.799102023795799,0.24270523224668794
/home/cmantill/narrador-futbol/experiments/positions/grid_search_outputs/20260426_155024/runs/run_398_h256_objh384_te256_fu384_obj2_ff2_blocks3_drop0p15_lr0p0005_wd0p0001,/home/cmantill/narrador-futbol/experiments/positions/grid_search_outputs/20260426_155024/runs/run_398_h256_objh384_te256_fu384_obj2_ff2_blocks3_drop0p15_lr0p0005_wd0p0001/best_model.pt,256,384,256,384,2,2,3,0.15,0.0005,0.0001,512,3,early_stopping_val_loss_overfit_patience_3,0.3057413805778137,0.242567460942634,0.3019394172211086,0.33384080034797736,0.3256741358654197,0.33382178710138555,5.752755880355835,0.242567460942634
/home/cmantill/narrador-futbol/experiments/positions/grid_search_outputs/20260426_155024/runs/run_353_h256_objh256_te128_fu256_obj2_ff2_blocks5_drop0p3_lr0p001_wd0p001,/home/cmantill/narrador-futbol/experiments/positions/grid_search_outputs/20260426_155024/runs/run_353_h256_objh256_te128_fu256_obj2_ff2_blocks5_drop0p3_lr0p001_wd0p001/best_model.pt,128,256,256,256,2,2,5,0.3,0.001,0.001,512,2,early_stopping_val_loss_overfit_patience_3,0.35573035359847094,0.24256085062205116,0.332129265278422,0.4767290126141801,0.43378937662224537,0.44778881494912137,5.5417036303767455,0.24256085062205116
/home/cmantill/narrador-futbol/experiments/positions/grid_search_outputs/20260426_155024/runs/run_086_h128_objh128_te64_fu128_obj2_ff2_blocks3_drop0p25_lr0p0005_wd0p0005,/home/cmantill/narrador-futbol/experiments/positions/grid_search_outputs/20260426_155024/runs/run_086_h128_objh128_te64_fu128_obj2_ff2_blocks3_drop0p25_lr0p0005_wd0p0005/best_model.pt,64,128,128,128,2,2,3,0.25,0.0005,0.0005,512,1,early_stopping_val_macro_f1_patience_3,0.3458060721899581,0.24248670652056337,0.3215521613203407,0.39792663476874,0.38506119447161435,0.38154625058901154,3.841761032740275,0.24248670652056337
/home/cmantill/narrador-futbol/experiments/positions/grid_search_outputs/20260426_155024/runs/run_119_h128_objh128_te64_fu128_obj2_ff4_blocks5_drop0p3_lr0p001_wd0p001,/home/cmantill/narrador-futbol/experiments/positions/grid_search_outputs/20260426_155024/runs/run_119_h128_objh128_te64_fu128_obj2_ff4_blocks5_drop0p3_lr0p001_wd0p001/best_model.pt,64,128,128,128,2,4,5,0.3,0.001,0.001,512,3,early_stopping_val_loss_overfit_patience_3,0.32757479967654196,0.24247079180314257,0.3075745658495158,0.39778164419312745,0.36028912718345857,0.3761515343853709,4.2914366633803755,0.24247079180314257
/home/cmantill/narrador-futbol/experiments/positions/grid_search_outputs/20260426_155024/runs/run_162_h192_objh256_te128_fu256_obj2_ff2_blocks5_drop0p15_lr0p0005_wd0p0001,/home/cmantill/narrador-futbol/experiments/positions/grid_search_outputs/20260426_155024/runs/run_162_h192_objh256_te128_fu256_obj2_ff2_blocks5_drop0p15_lr0p0005_wd0p0001/best_model.pt,128,256,192,256,2,2,5,0.15,0.0005,0.0001,512,2,early_stopping_val_loss_overfit_patience_3,0.3176505182680291,0.2424470021469682,0.29682463324254676,0.37153835000724955,0.3553742112318789,0.3703172758216969,5.328549499864931,0.2424470021469682
/home/cmantill/narrador-futbol/experiments/positions/grid_search_outputs/20260426_155024/runs/run_227_h192_objh256_te128_fu256_obj1_ff4_blocks5_drop0p3_lr0p001_wd0p001,/home/cmantill/narrador-futbol/experiments/positions/grid_search_outputs/20260426_155024/runs/run_227_h192_objh256_te128_fu256_obj1_ff4_blocks5_drop0p3_lr0p001_wd0p001/best_model.pt,128,256,192,256,1,4,5,0.3,0.001,0.001,512,2,early_stopping_val_loss_overfit_patience_3,0.3204440197015364,0.24239694587912547,0.30699115133371097,0.4333043352182108,0.3921372779675274,0.4067974099459967,5.521432823605007,0.24239694587912547
/home/cmantill/narrador-futbol/experiments/positions/grid_search_outputs/20260426_155024/runs/run_473_h256_objh384_te256_fu384_obj2_ff2_blocks5_drop0p3_lr0p001_wd0p001,/home/cmantill/narrador-futbol/experiments/positions/grid_search_outputs/20260426_155024/runs/run_473_h256_objh384_te256_fu384_obj2_ff2_blocks5_drop0p3_lr0p001_wd0p001/best_model.pt,256,384,256,384,2,2,5,0.3,0.001,0.001,512,4,early_stopping_val_loss_overfit_patience_3,0.34668823053738146,0.24237945653927617,0.33053611864167,0.3992315499492533,0.3597435500211058,0.3788821300685916,6.228114958162661,0.24237945653927617
/home/cmantill/narrador-futbol/experiments/positions/grid_search_outputs/20260426_155024/runs/run_288_h256_objh256_te128_fu256_obj2_ff4_blocks5_drop0p15_lr0p0005_wd0p0001,/home/cmantill/narrador-futbol/experiments/positions/grid_search_outputs/20260426_155024/runs/run_288_h256_objh256_te128_fu256_obj2_ff4_blocks5_drop0p15_lr0p0005_wd0p0001/best_model.pt,128,256,256,256,2,4,5,0.15,0.0005,0.0001,512,1,early_stopping_val_macro_f1_patience_3,0.3252958906123649,0.24229023967855087,0.30055697445064206,0.41742786718863273,0.3919786617545928,0.4079899967147674,5.079054090711805,0.24229023967855087
/home/cmantill/narrador-futbol/experiments/positions/grid_search_outputs/20260426_155024/runs/run_193_h192_objh256_te128_fu256_obj1_ff2_blocks3_drop0p25_lr0p001_wd0p0005,/home/cmantill/narrador-futbol/experiments/positions/grid_search_outputs/20260426_155024/runs/run_193_h192_objh256_te128_fu256_obj1_ff2_blocks3_drop0p25_lr0p001_wd0p0005/best_model.pt,128,256,192,256,1,2,3,0.25,0.001,0.0005,512,4,early_stopping_val_loss_overfit_patience_3,0.33852826582371537,0.24216706612982436,0.33227223100024345,0.40568363056401335,0.37173854476834867,0.3904862191246015,5.029312601795903,0.24216706612982436
/home/cmantill/narrador-futbol/experiments/positions/grid_search_outputs/20260426_155024/runs/run_174_h192_objh256_te128_fu256_obj1_ff2_blocks5_drop0p2_lr0p0005_wd0p0005,/home/cmantill/narrador-futbol/experiments/positions/grid_search_outputs/20260426_155024/runs/run_174_h192_objh256_te128_fu256_obj1_ff2_blocks5_drop0p2_lr0p0005_wd0p0005/best_model.pt,128,256,192,256,1,2,5,0.2,0.0005,0.0005,512,3,early_stopping_val_loss_overfit_patience_3,0.32220833639638313,0.2421516244825175,0.3121768463761017,0.41960272582282154,0.3949175401690172,0.41240118711217677,5.329524976235849,0.2421516244825175
/home/cmantill/narrador-futbol/experiments/positions/grid_search_outputs/20260426_155024/runs/run_415_h256_objh384_te256_fu384_obj1_ff4_blocks3_drop0p2_lr0p001_wd0p0005,/home/cmantill/narrador-futbol/experiments/positions/grid_search_outputs/20260426_155024/runs/run_415_h256_objh384_te256_fu384_obj1_ff4_blocks3_drop0p2_lr0p001_wd0p0005/best_model.pt,256,384,256,384,1,4,3,0.2,0.001,0.0005,512,4,early_stopping_val_loss_overfit_patience_3,0.32978019554510035,0.24204911398537274,0.3162233344053632,0.3906771059881108,0.3651786669020306,0.37338170318911135,6.689199438801518,0.24204911398537274
/home/cmantill/narrador-futbol/experiments/positions/grid_search_outputs/20260426_155024/runs/run_107_h128_objh128_te64_fu128_obj1_ff4_blocks5_drop0p3_lr0p001_wd0p001,/home/cmantill/narrador-futbol/experiments/positions/grid_search_outputs/20260426_155024/runs/run_107_h128_objh128_te64_fu128_obj1_ff4_blocks5_drop0p3_lr0p001_wd0p001/best_model.pt,64,128,128,128,1,4,5,0.3,0.001,0.001,512,1,early_stopping_val_macro_f1_patience_3,0.3263250753510255,0.24185891901930998,0.3085729549677115,0.404596201246919,0.36659565184639126,0.37810304772624354,4.599459215446755,0.24185891901930998
/home/cmantill/narrador-futbol/experiments/positions/grid_search_outputs/20260426_155024/runs/run_146_h192_objh256_te128_fu256_obj1_ff2_blocks3_drop0p15_lr0p0005_wd0p0001,/home/cmantill/narrador-futbol/experiments/positions/grid_search_outputs/20260426_155024/runs/run_146_h192_objh256_te128_fu256_obj1_ff2_blocks3_drop0p15_lr0p0005_wd0p0001/best_model.pt,128,256,192,256,1,2,3,0.15,0.0005,0.0001,512,2,early_stopping_val_loss_overfit_patience_3,0.3170624127030802,0.24168088043177566,0.3066228177680476,0.4343192692474989,0.4068264543840388,0.419017903733399,4.839302522164804,0.24168088043177566
/home/cmantill/narrador-futbol/experiments/positions/grid_search_outputs/20260426_155024/runs/run_109_h128_objh128_te64_fu128_obj2_ff2_blocks3_drop0p3_lr0p001_wd0p001,/home/cmantill/narrador-futbol/experiments/positions/grid_search_outputs/20260426_155024/runs/run_109_h128_objh128_te64_fu128_obj2_ff2_blocks3_drop0p3_lr0p001_wd0p001/best_model.pt,64,128,128,128,2,2,3,0.3,0.001,0.001,512,1,early_stopping_val_macro_f1_patience_3,0.33374990810850547,0.24141453711229788,0.31955302503211996,0.40140640858344206,0.3865582112507217,0.3803733615945647,4.030612715968379,0.24141453711229788
/home/cmantill/narrador-futbol/experiments/positions/grid_search_outputs/20260426_155024/runs/run_043_h128_objh128_te64_fu128_obj2_ff4_blocks3_drop0p15_lr0p001_wd0p0001,/home/cmantill/narrador-futbol/experiments/positions/grid_search_outputs/20260426_155024/runs/run_043_h128_objh128_te64_fu128_obj2_ff4_blocks3_drop0p15_lr0p001_wd0p0001/best_model.pt,64,128,128,128,2,4,3,0.15,0.001,0.0001,512,1,early_stopping_val_macro_f1_patience_3,0.30904947438065133,0.2413448576548434,0.298912327043075,0.40249383790053644,0.3784454598500445,0.3779027690038822,5.350512230837786,0.2413448576548434
/home/cmantill/narrador-futbol/experiments/positions/grid_search_outputs/20260426_155024/runs/run_455_h256_objh384_te256_fu384_obj2_ff4_blocks5_drop0p25_lr0p001_wd0p0005,/home/cmantill/narrador-futbol/experiments/positions/grid_search_outputs/20260426_155024/runs/run_455_h256_objh384_te256_fu384_obj2_ff4_blocks5_drop0p25_lr0p001_wd0p0005/best_model.pt,256,384,256,384,2,4,5,0.25,0.001,0.0005,512,4,early_stopping_val_loss_overfit_patience_3,0.33308828934793794,0.24129036417450855,0.31778336188578227,0.38806727562708426,0.3485635651611779,0.37913658230890795,6.568118801823369,0.24129036417450855
/home/cmantill/narrador-futbol/experiments/positions/grid_search_outputs/20260426_155024/runs/run_031_h128_objh128_te64_fu128_obj1_ff4_blocks3_drop0p15_lr0p001_wd0p0001,/home/cmantill/narrador-futbol/experiments/positions/grid_search_outputs/20260426_155024/runs/run_031_h128_objh128_te64_fu128_obj1_ff4_blocks3_drop0p15_lr0p001_wd0p0001/best_model.pt,64,128,128,128,1,4,3,0.15,0.001,0.0001,512,4,early_stopping_val_loss_overfit_patience_3,0.3050797618172462,0.2411058557791756,0.30737558020010786,0.38987965782224154,0.3768647043612665,0.3786954418207627,4.796318875418769,0.2411058557791756
/home/cmantill/narrador-futbol/experiments/positions/grid_search_outputs/20260426_155024/runs/run_422_h256_objh384_te256_fu384_obj2_ff2_blocks3_drop0p2_lr0p0005_wd0p0005,/home/cmantill/narrador-futbol/experiments/positions/grid_search_outputs/20260426_155024/runs/run_422_h256_objh384_te256_fu384_obj2_ff2_blocks3_drop0p2_lr0p0005_wd0p0005/best_model.pt,256,384,256,384,2,2,3,0.2,0.0005,0.0005,512,3,early_stopping_val_loss_overfit_patience_3,0.2997132985370874,0.2410606116949399,0.2965995112627197,0.3609540379875308,0.3340142222966376,0.35862295293151203,5.550481796264648,0.2410606116949399
/home/cmantill/narrador-futbol/experiments/positions/grid_search_outputs/20260426_155024/runs/run_268_h256_objh256_te128_fu256_obj1_ff2_blocks4_drop0p15_lr0p0005_wd0p0001,/home/cmantill/narrador-futbol/experiments/positions/grid_search_outputs/20260426_155024/runs/run_268_h256_objh256_te128_fu256_obj1_ff2_blocks4_drop0p15_lr0p0005_wd0p0001/best_model.pt,128,256,256,256,1,2,4,0.15,0.0005,0.0001,512,3,early_stopping_val_loss_overfit_patience_3,0.31581268837756377,0.24089257725415175,0.3086535221101981,0.389009714368566,0.36393306191019803,0.38301976158063666,5.32363486289978,0.24089257725415175
/home/cmantill/narrador-futbol/experiments/positions/grid_search_outputs/20260426_155024/runs/run_331_h256_objh256_te128_fu256_obj2_ff4_blocks3_drop0p25_lr0p001_wd0p0005,/home/cmantill/narrador-futbol/experiments/positions/grid_search_outputs/20260426_155024/runs/run_331_h256_objh256_te128_fu256_obj2_ff4_blocks3_drop0p25_lr0p001_wd0p0005/best_model.pt,128,256,256,256,2,4,3,0.25,0.001,0.0005,512,2,early_stopping_val_loss_overfit_patience_3,0.3241931926780857,0.2408046341387398,0.3170342313299848,0.39770914890532116,0.3790248069824934,0.3858349777622912,5.802866891578391,0.2408046341387398
/home/cmantill/narrador-futbol/experiments/positions/grid_search_outputs/20260426_155024/runs/run_118_h128_objh128_te64_fu128_obj2_ff4_blocks4_drop0p3_lr0p0005_wd0p001,/home/cmantill/narrador-futbol/experiments/positions/grid_search_outputs/20260426_155024/runs/run_118_h128_objh128_te64_fu128_obj2_ff4_blocks4_drop0p3_lr0p0005_wd0p001/best_model.pt,64,128,128,128,2,4,4,0.3,0.0005,0.001,512,2,early_stopping_val_loss_overfit_patience_3,0.33948393736675736,0.24072214506884032,0.3155489308556732,0.41742786718863273,0.39929287698685434,0.4046675286605152,3.911896511360451,0.24072214506884032
/home/cmantill/narrador-futbol/experiments/positions/grid_search_outputs/20260426_155024/runs/run_350_h256_objh256_te128_fu256_obj2_ff2_blocks3_drop0p3_lr0p0005_wd0p001,/home/cmantill/narrador-futbol/experiments/positions/grid_search_outputs/20260426_155024/runs/run_350_h256_objh256_te128_fu256_obj2_ff2_blocks3_drop0p3_lr0p0005_wd0p001/best_model.pt,128,256,256,256,2,2,3,0.3,0.0005,0.001,512,4,early_stopping_val_loss_overfit_patience_3,0.32294346835256926,0.24064659468401306,0.31181448263859424,0.3774104683195592,0.3635162374824673,0.37437061362007656,4.251111039408931,0.24064659468401306
/home/cmantill/narrador-futbol/experiments/positions/grid_search_outputs/20260426_155024/runs/run_333_h256_objh256_te128_fu256_obj2_ff4_blocks4_drop0p25_lr0p001_wd0p0005,/home/cmantill/narrador-futbol/experiments/positions/grid_search_outputs/20260426_155024/runs/run_333_h256_objh256_te128_fu256_obj2_ff4_blocks4_drop0p25_lr0p001_wd0p0005/best_model.pt,128,256,256,256,2,4,4,0.25,0.001,0.0005,512,3,early_stopping_val_loss_overfit_patience_3,0.3255899433948394,0.24059083595449413,0.31292184347514235,0.41278816876903,0.3824615449158581,0.4028192699468255,5.469564729266697,0.24059083595449413
/home/cmantill/narrador-futbol/experiments/positions/grid_search_outputs/20260426_155024/runs/run_247_h256_objh256_te128_fu256_obj1_ff4_blocks3_drop0p1_lr0p001_wd0p0001,/home/cmantill/narrador-futbol/experiments/positions/grid_search_outputs/20260426_155024/runs/run_247_h256_objh256_te128_fu256_obj1_ff4_blocks3_drop0p1_lr0p001_wd0p0001/best_model.pt,128,256,256,256,1,4,3,0.1,0.001,0.0001,512,4,early_stopping_val_loss_overfit_patience_3,0.3013305888406969,0.2403562094687019,0.29361429145976475,0.4072060316079455,0.388424316629729,0.39294997024537376,6.175744021380389,0.2403562094687019
/home/cmantill/narrador-futbol/experiments/positions/grid_search_outputs/20260426_155024/runs/run_209_h192_objh256_te128_fu256_obj2_ff2_blocks5_drop0p25_lr0p001_wd0p0005,/home/cmantill/narrador-futbol/experiments/positions/grid_search_outputs/20260426_155024/runs/run_209_h192_objh256_te128_fu256_obj2_ff2_blocks5_drop0p25_lr0p001_wd0p0005/best_model.pt,128,256,192,256,2,2,5,0.25,0.001,0.0005,512,2,early_stopping_val_loss_overfit_patience_3,0.3263250753510255,0.24030033057995773,0.3090588885009928,0.42619979701319416,0.39095128943392865,0.41203416633884565,5.208669556511773,0.24030033057995773
/home/cmantill/narrador-futbol/experiments/positions/grid_search_outputs/20260426_155024/runs/run_456_h256_objh384_te256_fu384_obj2_ff4_blocks5_drop0p25_lr0p0005_wd0p0005,/home/cmantill/narrador-futbol/experiments/positions/grid_search_outputs/20260426_155024/runs/run_456_h256_objh384_te256_fu384_obj2_ff4_blocks5_drop0p25_lr0p0005_wd0p0005/best_model.pt,256,384,256,384,2,4,5,0.25,0.0005,0.0005,512,3,early_stopping_val_loss_overfit_patience_3,0.3089024479894141,0.240289506945389,0.3080093367135773,0.42895461794983325,0.411649235360312,0.4173131120232779,5.565352298595287,0.240289506945389
/home/cmantill/narrador-futbol/experiments/positions/grid_search_outputs/20260426_155024/runs/run_289_h256_objh256_te128_fu256_obj1_ff2_blocks3_drop0p2_lr0p001_wd0p0005,/home/cmantill/narrador-futbol/experiments/positions/grid_search_outputs/20260426_155024/runs/run_289_h256_objh256_te128_fu256_obj1_ff2_blocks3_drop0p2_lr0p001_wd0p0005/best_model.pt,128,256,256,256,1,2,3,0.2,0.001,0.0005,512,4,early_stopping_val_loss_overfit_patience_3,0.2995662721458502,0.24006680374303832,0.29780661544500814,0.3953168044077135,0.36808885201412056,0.37606106368268055,5.675340369895652,0.24006680374303832
/home/cmantill/narrador-futbol/experiments/positions/grid_search_outputs/20260426_155024/runs/run_085_h128_objh128_te64_fu128_obj2_ff2_blocks3_drop0p25_lr0p001_wd0p0005,/home/cmantill/narrador-futbol/experiments/positions/grid_search_outputs/20260426_155024/runs/run_085_h128_objh128_te64_fu128_obj2_ff2_blocks3_drop0p25_lr0p001_wd0p0005/best_model.pt,64,128,128,128,2,2,3,0.25,0.001,0.0005,512,4,early_stopping_val_loss_overfit_patience_3,0.3219877968095273,0.2400073523664081,0.3060644647590423,0.40640858344207625,0.3814819220740501,0.3852420262558211,4.625947007426509,0.2400073523664081
/home/cmantill/narrador-futbol/experiments/positions/grid_search_outputs/20260426_155024/runs/run_201_h192_objh256_te128_fu256_obj1_ff4_blocks4_drop0p25_lr0p001_wd0p0005,/home/cmantill/narrador-futbol/experiments/positions/grid_search_outputs/20260426_155024/runs/run_201_h192_objh256_te128_fu256_obj1_ff4_blocks4_drop0p25_lr0p001_wd0p0005/best_model.pt,128,256,192,256,1,4,4,0.25,0.001,0.0005,512,4,early_stopping_val_loss_overfit_patience_3,0.3212526648533412,0.23986614851039195,0.30840212768481456,0.4195302305350152,0.3827614420354663,0.4087595545389414,5.766242698386863,0.23986614851039195
/home/cmantill/narrador-futbol/experiments/positions/grid_search_outputs/20260426_155024/runs/run_475_h256_objh384_te256_fu384_obj2_ff4_blocks3_drop0p3_lr0p001_wd0p001,/home/cmantill/narrador-futbol/experiments/positions/grid_search_outputs/20260426_155024/runs/run_475_h256_objh384_te256_fu384_obj2_ff4_blocks3_drop0p3_lr0p001_wd0p001/best_model.pt,256,384,256,384,2,4,3,0.3,0.001,0.001,512,4,early_stopping_val_loss_overfit_patience_3,0.299786811732706,0.2396478306183321,0.2916609114181313,0.37327823691460055,0.3522272502312727,0.35921122736230915,6.648842228783502,0.2396478306183321
/home/cmantill/narrador-futbol/experiments/positions/grid_search_outputs/20260426_155024/runs/run_197_h192_objh256_te128_fu256_obj1_ff2_blocks5_drop0p25_lr0p001_wd0p0005,/home/cmantill/narrador-futbol/experiments/positions/grid_search_outputs/20260426_155024/runs/run_197_h192_objh256_te128_fu256_obj1_ff2_blocks5_drop0p25_lr0p001_wd0p0005/best_model.pt,128,256,192,256,1,2,5,0.25,0.001,0.0005,512,2,early_stopping_val_loss_overfit_patience_3,0.32669264132911857,0.23958608209005272,0.3050565052064842,0.39306945048571845,0.36796274349138886,0.38146603034787707,5.674660197010747,0.23958608209005272
/home/cmantill/narrador-futbol/experiments/positions/grid_search_outputs/20260426_155024/runs/run_077_h128_objh128_te64_fu128_obj1_ff2_blocks5_drop0p25_lr0p001_wd0p0005,/home/cmantill/narrador-futbol/experiments/positions/grid_search_outputs/20260426_155024/runs/run_077_h128_objh128_te64_fu128_obj1_ff2_blocks5_drop0p25_lr0p001_wd0p0005/best_model.pt,64,128,128,128,1,2,5,0.25,0.001,0.0005,512,4,early_stopping_val_loss_overfit_patience_3,0.3223553627876204,0.23957301702338005,0.3078422919487892,0.39647672901261416,0.37435856116799854,0.3782329566633063,4.341020725391529,0.23957301702338005
/home/cmantill/narrador-futbol/experiments/positions/grid_search_outputs/20260426_155024/runs/run_362_h256_objh384_te256_fu384_obj1_ff2_blocks3_drop0p1_lr0p0005_wd0p0001,/home/cmantill/narrador-futbol/experiments/positions/grid_search_outputs/20260426_155024/runs/run_362_h256_objh384_te256_fu384_obj1_ff2_blocks3_drop0p1_lr0p0005_wd0p0001/best_model.pt,256,384,256,384,1,2,3,0.1,0.0005,0.0001,512,4,early_stopping_val_loss_overfit_patience_3,0.30280085275306917,0.23951525088126677,0.296420510164159,0.4142380745251559,0.3848257778733735,0.40395018670180377,5.849447144402398,0.23951525088126677
/home/cmantill/narrador-futbol/experiments/positions/grid_search_outputs/20260426_155024/runs/run_442_h256_objh384_te256_fu384_obj1_ff4_blocks4_drop0p25_lr0p0005_wd0p0005,/home/cmantill/narrador-futbol/experiments/positions/grid_search_outputs/20260426_155024/runs/run_442_h256_objh384_te256_fu384_obj1_ff4_blocks4_drop0p25_lr0p0005_wd0p0005/best_model.pt,256,384,256,384,1,4,4,0.25,0.0005,0.0005,512,2,early_stopping_val_loss_overfit_patience_3,0.30265382636183197,0.23944656376370216,0.3014627200876776,0.40169638973466726,0.38213877098033067,0.3948573629501614,5.485128720601399,0.23944656376370216
/home/cmantill/narrador-futbol/experiments/positions/grid_search_outputs/20260426_155024/runs/run_273_h256_objh256_te128_fu256_obj1_ff4_blocks4_drop0p15_lr0p001_wd0p0001,/home/cmantill/narrador-futbol/experiments/positions/grid_search_outputs/20260426_155024/runs/run_273_h256_objh256_te128_fu256_obj1_ff4_blocks4_drop0p15_lr0p001_wd0p0001/best_model.pt,128,256,256,256,1,4,4,0.15,0.001,0.0001,512,4,early_stopping_val_loss_overfit_patience_3,0.3372050283025803,0.23944409032082792,0.31983005286388955,0.38908220965637236,0.34540943515310346,0.3665430982451375,5.868697201764142,0.23944409032082792
/home/cmantill/narrador-futbol/experiments/positions/grid_search_outputs/20260426_155024/runs/run_435_h256_objh384_te256_fu384_obj1_ff2_blocks4_drop0p25_lr0p001_wd0p0005,/home/cmantill/narrador-futbol/experiments/positions/grid_search_outputs/20260426_155024/runs/run_435_h256_objh384_te256_fu384_obj1_ff2_blocks4_drop0p25_lr0p001_wd0p0005/best_model.pt,256,384,256,384,1,2,4,0.25,0.001,0.0005,512,4,early_stopping_val_loss_overfit_patience_3,0.3212526648533412,0.2391887900363752,0.30632259004598156,0.38879222850514716,0.3654268672418628,0.37260549810082133,5.878631132620352,0.2391887900363752
/home/cmantill/narrador-futbol/experiments/positions/grid_search_outputs/20260426_155024/runs/run_009_h128_objh128_te64_fu128_obj1_ff4_blocks4_drop0p1_lr0p001_wd0p0001,/home/cmantill/narrador-futbol/experiments/positions/grid_search_outputs/20260426_155024/runs/run_009_h128_objh128_te64_fu128_obj1_ff4_blocks4_drop0p1_lr0p001_wd0p0001/best_model.pt,64,128,128,128,1,4,4,0.1,0.001,0.0001,512,4,early_stopping_val_loss_overfit_patience_3,0.28589281776078806,0.23908262425920496,0.28804133823128847,0.3979991300565463,0.3815381562425303,0.38522835765389674,4.624973270628187,0.23908262425920496
/home/cmantill/narrador-futbol/experiments/positions/grid_search_outputs/20260426_155024/runs/run_346_h256_objh256_te128_fu256_obj1_ff4_blocks4_drop0p3_lr0p0005_wd0p001,/home/cmantill/narrador-futbol/experiments/positions/grid_search_outputs/20260426_155024/runs/run_346_h256_objh256_te128_fu256_obj1_ff4_blocks4_drop0p3_lr0p0005_wd0p001/best_model.pt,128,256,256,256,1,4,4,0.3,0.0005,0.001,512,3,early_stopping_val_loss_overfit_patience_3,0.30111004925384105,0.23892036034311176,0.29911591902090257,0.4111932724372916,0.38399259305014577,0.39087696928096083,4.5653937922583685,0.23892036034311176
/home/cmantill/narrador-futbol/experiments/positions/grid_search_outputs/20260426_155024/runs/run_248_h256_objh256_te128_fu256_obj1_ff4_blocks3_drop0p1_lr0p0005_wd0p0001,/home/cmantill/narrador-futbol/experiments/positions/grid_search_outputs/20260426_155024/runs/run_248_h256_objh256_te128_fu256_obj1_ff4_blocks3_drop0p1_lr0p0005_wd0p0001/best_model.pt,128,256,256,256,1,4,3,0.1,0.0005,0.0001,512,4,early_stopping_val_loss_overfit_patience_3,0.3067705653164743,0.2389179490766331,0.302200633914365,0.45548789328693634,0.41642061920607587,0.4251133648737076,5.732957628038195,0.2389179490766331
/home/cmantill/narrador-futbol/experiments/positions/grid_search_outputs/20260426_155024/runs/run_355_h256_objh256_te128_fu256_obj2_ff4_blocks3_drop0p3_lr0p001_wd0p001,/home/cmantill/narrador-futbol/experiments/positions/grid_search_outputs/20260426_155024/runs/run_355_h256_objh256_te128_fu256_obj2_ff4_blocks3_drop0p3_lr0p001_wd0p001/best_model.pt,128,256,256,256,2,4,3,0.3,0.001,0.001,512,4,early_stopping_val_loss_overfit_patience_3,0.3155921487907079,0.2388913680280998,0.29906554521150197,0.4117732347397419,0.395902578011684,0.40088011013787145,5.553198920355903,0.2388913680280998
/home/cmantill/narrador-futbol/experiments/positions/grid_search_outputs/20260426_155024/runs/run_325_h256_objh256_te128_fu256_obj2_ff2_blocks3_drop0p25_lr0p001_wd0p0005,/home/cmantill/narrador-futbol/experiments/positions/grid_search_outputs/20260426_155024/runs/run_325_h256_objh256_te128_fu256_obj2_ff2_blocks3_drop0p25_lr0p001_wd0p0005/best_model.pt,128,256,256,256,2,2,3,0.25,0.001,0.0005,512,4,early_stopping_val_loss_overfit_patience_3,0.31566566198632656,0.23884497749710557,0.30000713680196617,0.3969841960272582,0.3752528620842637,0.3875199720508214,5.041906462775336,0.23884497749710557
/home/cmantill/narrador-futbol/experiments/positions/grid_search_outputs/20260426_155024/runs/run_431_h256_objh384_te256_fu384_obj2_ff4_blocks5_drop0p2_lr0p001_wd0p0005,/home/cmantill/narrador-futbol/experiments/positions/grid_search_outputs/20260426_155024/runs/run_431_h256_objh384_te256_fu384_obj2_ff4_blocks5_drop0p2_lr0p001_wd0p0005/best_model.pt,256,384,256,384,2,4,5,0.2,0.001,0.0005,512,3,early_stopping_val_loss_overfit_patience_3,0.3204440197015364,0.23874085429862413,0.3019927600925455,0.40169638973466726,0.3808325925351536,0.391741691609581,6.446683512793647,0.23874085429862413
/home/cmantill/narrador-futbol/experiments/positions/grid_search_outputs/20260426_155024/runs/run_064_h128_objh128_te64_fu128_obj2_ff2_blocks4_drop0p2_lr0p0005_wd0p0005,/home/cmantill/narrador-futbol/experiments/positions/grid_search_outputs/20260426_155024/runs/run_064_h128_objh128_te64_fu128_obj2_ff2_blocks4_drop0p2_lr0p0005_wd0p0005/best_model.pt,64,128,128,128,2,2,4,0.2,0.0005,0.0005,512,4,early_stopping_val_loss_overfit_patience_3,0.31787105785488495,0.2385174782715898,0.3078414581590977,0.3734957227780194,0.37060373135421837,0.36671311726243716,4.382862029252229,0.2385174782715898
/home/cmantill/narrador-futbol/experiments/positions/grid_search_outputs/20260426_155024/runs/run_414_h256_objh384_te256_fu384_obj1_ff2_blocks5_drop0p2_lr0p0005_wd0p0005,/home/cmantill/narrador-futbol/experiments/positions/grid_search_outputs/20260426_155024/runs/run_414_h256_objh384_te256_fu384_obj1_ff2_blocks5_drop0p2_lr0p0005_wd0p0005/best_model.pt,256,384,256,384,1,2,5,0.2,0.0005,0.0005,512,3,early_stopping_val_loss_overfit_patience_3,0.31500404322575903,0.23844574594741752,0.29750787326737715,0.34145280556763813,0.3094002217726252,0.3212687978881454,5.07542399123863,0.23844574594741752
/home/cmantill/narrador-futbol/experiments/positions/grid_search_outputs/20260426_155024/runs/run_303_h256_objh256_te128_fu256_obj2_ff2_blocks4_drop0p2_lr0p001_wd0p0005,/home/cmantill/narrador-futbol/experiments/positions/grid_search_outputs/20260426_155024/runs/run_303_h256_objh256_te128_fu256_obj2_ff2_blocks4_drop0p2_lr0p001_wd0p0005/best_model.pt,128,256,256,256,2,2,4,0.2,0.001,0.0005,512,3,early_stopping_val_loss_overfit_patience_3,0.3152980960082335,0.23843392821311152,0.30242507840074323,0.39973901696389735,0.37543973162334365,0.38309486683386257,6.191657189969663,0.23843392821311152
/home/cmantill/narrador-futbol/experiments/positions/grid_search_outputs/20260426_155024/runs/run_155_h192_objh256_te128_fu256_obj1_ff4_blocks5_drop0p15_lr0p001_wd0p0001,/home/cmantill/narrador-futbol/experiments/positions/grid_search_outputs/20260426_155024/runs/run_155_h192_objh256_te128_fu256_obj1_ff4_blocks5_drop0p15_lr0p001_wd0p0001/best_model.pt,128,256,192,256,1,4,5,0.15,0.001,0.0001,512,1,early_stopping_val_macro_f1_patience_3,0.32264941557009486,0.23808346773638556,0.30262756657174494,0.42895461794983325,0.39173480010567857,0.4078587838718409,5.758812648278695,0.23808346773638556
/home/cmantill/narrador-futbol/experiments/positions/grid_search_outputs/20260426_155024/runs/run_164_h192_objh256_te128_fu256_obj2_ff4_blocks3_drop0p15_lr0p0005_wd0p0001,/home/cmantill/narrador-futbol/experiments/positions/grid_search_outputs/20260426_155024/runs/run_164_h192_objh256_te128_fu256_obj2_ff4_blocks3_drop0p15_lr0p0005_wd0p0001/best_model.pt,128,256,192,256,2,4,3,0.15,0.0005,0.0001,512,1,early_stopping_val_macro_f1_patience_3,0.3225023891788576,0.2380729678911817,0.3120813444951426,0.38610990285631436,0.3689206480117159,0.3724589529596028,4.744559146739818,0.2380729678911817
/home/cmantill/narrador-futbol/experiments/positions/grid_search_outputs/20260426_155024/runs/run_246_h256_objh256_te128_fu256_obj1_ff2_blocks5_drop0p1_lr0p0005_wd0p0001,/home/cmantill/narrador-futbol/experiments/positions/grid_search_outputs/20260426_155024/runs/run_246_h256_objh256_te128_fu256_obj1_ff2_blocks5_drop0p1_lr0p0005_wd0p0001/best_model.pt,128,256,256,256,1,2,5,0.1,0.0005,0.0001,512,1,early_stopping_val_macro_f1_patience_3,0.3063294861427626,0.23802388393612706,0.2949388653187481,0.41003334783239087,0.4012292274557451,0.3927994765314861,5.133973642631814,0.23802388393612706
/home/cmantill/narrador-futbol/experiments/positions/grid_search_outputs/20260426_155024/runs/run_173_h192_objh256_te128_fu256_obj1_ff2_blocks5_drop0p2_lr0p001_wd0p0005,/home/cmantill/narrador-futbol/experiments/positions/grid_search_outputs/20260426_155024/runs/run_173_h192_objh256_te128_fu256_obj1_ff2_blocks5_drop0p2_lr0p001_wd0p0005/best_model.pt,128,256,192,256,1,2,5,0.2,0.001,0.0005,512,3,early_stopping_val_loss_overfit_patience_3,0.3197824009409689,0.23799844351100471,0.30847908022730586,0.40749601275917063,0.38747894575459796,0.39935045075300607,5.44611570570204,0.23799844351100471
/home/cmantill/narrador-futbol/experiments/positions/grid_search_outputs/20260426_155024/runs/run_067_h128_objh128_te64_fu128_obj2_ff4_blocks3_drop0p2_lr0p001_wd0p0005,/home/cmantill/narrador-futbol/experiments/positions/grid_search_outputs/20260426_155024/runs/run_067_h128_objh128_te64_fu128_obj2_ff4_blocks3_drop0p2_lr0p001_wd0p0005/best_model.pt,64,128,128,128,2,4,3,0.2,0.001,0.0005,512,1,early_stopping_val_macro_f1_patience_3,0.3144894508564287,0.2377620319901245,0.2993485912359238,0.4283746556473829,0.4048988046534841,0.4040139318128338,4.990431291085702,0.2377620319901245
/home/cmantill/narrador-futbol/experiments/positions/grid_search_outputs/20260426_155024/runs/run_163_h192_objh256_te128_fu256_obj2_ff4_blocks3_drop0p15_lr0p001_wd0p0001,/home/cmantill/narrador-futbol/experiments/positions/grid_search_outputs/20260426_155024/runs/run_163_h192_objh256_te128_fu256_obj2_ff4_blocks3_drop0p15_lr0p001_wd0p0001/best_model.pt,128,256,192,256,2,4,3,0.15,0.001,0.0001,512,3,early_stopping_val_loss_overfit_patience_3,0.3131662133352937,0.23769480041242422,0.30553440378950597,0.40974336668116573,0.3810950603926493,0.3891220982513495,6.299245993296306,0.23769480041242422
/home/cmantill/narrador-futbol/experiments/positions/grid_search_outputs/20260426_155024/runs/run_135_h192_objh256_te128_fu256_obj2_ff2_blocks4_drop0p1_lr0p001_wd0p0001,/home/cmantill/narrador-futbol/experiments/positions/grid_search_outputs/20260426_155024/runs/run_135_h192_objh256_te128_fu256_obj2_ff2_blocks4_drop0p1_lr0p001_wd0p0001/best_model.pt,128,256,192,256,2,2,4,0.1,0.001,0.0001,512,2,early_stopping_val_loss_overfit_patience_3,0.3273542600896861,0.23748826421586286,0.3217718078807306,0.36856604320719155,0.34047166738788703,0.36739420740598994,6.317344250502409,0.23748826421586286
/home/cmantill/narrador-futbol/experiments/positions/grid_search_outputs/20260426_155024/runs/run_169_h192_objh256_te128_fu256_obj1_ff2_blocks3_drop0p2_lr0p001_wd0p0005,/home/cmantill/narrador-futbol/experiments/positions/grid_search_outputs/20260426_155024/runs/run_169_h192_objh256_te128_fu256_obj1_ff2_blocks3_drop0p2_lr0p001_wd0p0005/best_model.pt,128,256,192,256,1,2,3,0.2,0.001,0.0005,512,3,early_stopping_val_loss_overfit_patience_3,0.30919650077188854,0.2372215586042867,0.299494773867976,0.42496737712048716,0.39483233143478647,0.40395602815417403,5.222450847978945,0.2372215586042867
/home/cmantill/narrador-futbol/experiments/positions/grid_search_outputs/20260426_155024/runs/run_469_h256_objh384_te256_fu384_obj2_ff2_blocks3_drop0p3_lr0p001_wd0p001,/home/cmantill/narrador-futbol/experiments/positions/grid_search_outputs/20260426_155024/runs/run_469_h256_objh384_te256_fu384_obj2_ff2_blocks3_drop0p3_lr0p001_wd0p001/best_model.pt,256,384,256,384,2,2,3,0.3,0.001,0.001,512,2,early_stopping_val_loss_overfit_patience_3,0.33580827758582665,0.2371519821203907,0.32103020589902953,0.3800202986805858,0.3590719498470263,0.37075591287854776,5.844744602839152,0.2371519821203907
/home/cmantill/narrador-futbol/experiments/positions/grid_search_outputs/20260426_155024/runs/run_129_h192_objh256_te128_fu256_obj1_ff4_blocks4_drop0p1_lr0p001_wd0p0001,/home/cmantill/narrador-futbol/experiments/positions/grid_search_outputs/20260426_155024/runs/run_129_h192_objh256_te128_fu256_obj1_ff4_blocks4_drop0p1_lr0p001_wd0p0001/best_model.pt,128,256,192,256,1,4,4,0.1,0.001,0.0001,512,4,early_stopping_val_loss_overfit_patience_3,0.3144159376608101,0.23709051089169458,0.29552488782617725,0.3744381615195012,0.3492079845774747,0.36277656801398017,6.333590516337642,0.23709051089169458
/home/cmantill/narrador-futbol/experiments/positions/grid_search_outputs/20260426_155024/runs/run_441_h256_objh384_te256_fu384_obj1_ff4_blocks4_drop0p25_lr0p001_wd0p0005,/home/cmantill/narrador-futbol/experiments/positions/grid_search_outputs/20260426_155024/runs/run_441_h256_objh384_te256_fu384_obj1_ff4_blocks4_drop0p25_lr0p001_wd0p0005/best_model.pt,256,384,256,384,1,4,4,0.25,0.001,0.0005,512,1,early_stopping_val_macro_f1_patience_3,0.3033889583180181,0.23695194999069533,0.2896547900865527,0.4403363781354212,0.4203686670998202,0.42256085954967454,5.558945126003689,0.23695194999069533
/home/cmantill/narrador-futbol/experiments/positions/grid_search_outputs/20260426_155024/runs/run_440_h256_objh384_te256_fu384_obj1_ff4_blocks3_drop0p25_lr0p0005_wd0p0005,/home/cmantill/narrador-futbol/experiments/positions/grid_search_outputs/20260426_155024/runs/run_440_h256_objh384_te256_fu384_obj1_ff4_blocks3_drop0p25_lr0p0005_wd0p0005/best_model.pt,256,384,256,384,1,4,3,0.25,0.0005,0.0005,512,2,early_stopping_val_loss_overfit_patience_3,0.2991251929721385,0.23694902947106466,0.29970183480163104,0.4138755980861244,0.40971632046409884,0.4056785557430658,5.1084169546763105,0.23694902947106466
/home/cmantill/narrador-futbol/experiments/positions/grid_search_outputs/20260426_155024/runs/run_007_h128_objh128_te64_fu128_obj1_ff4_blocks3_drop0p1_lr0p001_wd0p0001,/home/cmantill/narrador-futbol/experiments/positions/grid_search_outputs/20260426_155024/runs/run_007_h128_objh128_te64_fu128_obj1_ff4_blocks3_drop0p1_lr0p001_wd0p0001/best_model.pt,64,128,128,128,1,4,3,0.1,0.001,0.0001,512,3,early_stopping_val_loss_overfit_patience_3,0.30427111666544143,0.23689876613903207,0.2949203177246215,0.38618239814412064,0.3730031745940201,0.3712022458431124,4.999603306805646,0.23689876613903207
/home/cmantill/narrador-futbol/experiments/positions/grid_search_outputs/20260426_155024/runs/run_088_h128_objh128_te64_fu128_obj2_ff2_blocks4_drop0p25_lr0p0005_wd0p0005,/home/cmantill/narrador-futbol/experiments/positions/grid_search_outputs/20260426_155024/runs/run_088_h128_objh128_te64_fu128_obj2_ff2_blocks4_drop0p25_lr0p0005_wd0p0005/best_model.pt,64,128,128,128,2,2,4,0.25,0.0005,0.0005,512,1,early_stopping_val_macro_f1_patience_3,0.31698889950746156,0.23685123096725744,0.3064175103255401,0.37494562853414526,0.35784310455183915,0.3588858899095081,4.124990198347303,0.23685123096725744
/home/cmantill/narrador-futbol/experiments/positions/grid_search_outputs/20260426_155024/runs/run_354_h256_objh256_te128_fu256_obj2_ff2_blocks5_drop0p3_lr0p0005_wd0p001,/home/cmantill/narrador-futbol/experiments/positions/grid_search_outputs/20260426_155024/runs/run_354_h256_objh256_te128_fu256_obj2_ff2_blocks5_drop0p3_lr0p0005_wd0p001/best_model.pt,128,256,256,256,2,2,5,0.3,0.0005,0.001,512,3,early_stopping_val_loss_overfit_patience_3,0.3393369109755201,0.23683449094792514,0.3179202443101701,0.41344062635928663,0.3826928439177329,0.39990270716102544,4.935410172850998,0.23683449094792514
/home/cmantill/narrador-futbol/experiments/positions/grid_search_outputs/20260426_155024/runs/run_411_h256_objh384_te256_fu384_obj1_ff2_blocks4_drop0p2_lr0p001_wd0p0005,/home/cmantill/narrador-futbol/experiments/positions/grid_search_outputs/20260426_155024/runs/run_411_h256_objh384_te256_fu384_obj1_ff2_blocks4_drop0p2_lr0p001_wd0p0005/best_model.pt,256,384,256,384,1,2,4,0.2,0.001,0.0005,512,4,early_stopping_val_loss_overfit_patience_3,0.3114754098360656,0.23683158986496683,0.30296673004496,0.3906771059881108,0.36447817012636324,0.37191179094194904,6.284632956540143,0.23683158986496683
/home/cmantill/narrador-futbol/experiments/positions/grid_search_outputs/20260426_155024/runs/run_191_h192_objh256_te128_fu256_obj2_ff4_blocks5_drop0p2_lr0p001_wd0p0005,/home/cmantill/narrador-futbol/experiments/positions/grid_search_outputs/20260426_155024/runs/run_191_h192_objh256_te128_fu256_obj2_ff4_blocks5_drop0p2_lr0p001_wd0p0005/best_model.pt,128,256,192,256,2,4,5,0.2,0.001,0.0005,512,4,early_stopping_val_loss_overfit_patience_3,0.3164743071381313,0.2365959370041687,0.30654620345660216,0.3803827751196172,0.35706363813803804,0.36788297313397206,5.1772764435520875,0.2365959370041687
/home/cmantill/narrador-futbol/experiments/positions/grid_search_outputs/20260426_155024/runs/run_096_h128_objh128_te64_fu128_obj2_ff4_blocks5_drop0p25_lr0p0005_wd0p0005,/home/cmantill/narrador-futbol/experiments/positions/grid_search_outputs/20260426_155024/runs/run_096_h128_objh128_te64_fu128_obj2_ff4_blocks5_drop0p25_lr0p0005_wd0p0005/best_model.pt,64,128,128,128,2,4,5,0.25,0.0005,0.0005,512,2,early_stopping_val_loss_overfit_patience_3,0.3046386826435345,0.2365746664538619,0.29444529152363147,0.37132086414383064,0.3641031576749198,0.35910836777623817,4.178793960147434,0.2365746664538619
/home/cmantill/narrador-futbol/experiments/positions/grid_search_outputs/20260426_155024/runs/run_125_h192_objh256_te128_fu256_obj1_ff2_blocks5_drop0p1_lr0p001_wd0p0001,/home/cmantill/narrador-futbol/experiments/positions/grid_search_outputs/20260426_155024/runs/run_125_h192_objh256_te128_fu256_obj1_ff2_blocks5_drop0p1_lr0p001_wd0p0001/best_model.pt,128,256,192,256,1,2,5,0.1,0.001,0.0001,512,3,early_stopping_val_loss_overfit_patience_3,0.31698889950746156,0.23638768810552088,0.3038001674397933,0.3860374075685081,0.3551694589926538,0.3673118373419832,6.483761522505018,0.23638768810552088
/home/cmantill/narrador-futbol/experiments/positions/grid_search_outputs/20260426_155024/runs/run_217_h192_objh256_te128_fu256_obj1_ff2_blocks3_drop0p3_lr0p001_wd0p001,/home/cmantill/narrador-futbol/experiments/positions/grid_search_outputs/20260426_155024/runs/run_217_h192_objh256_te128_fu256_obj1_ff2_blocks3_drop0p3_lr0p001_wd0p001/best_model.pt,128,256,192,256,1,2,3,0.3,0.001,0.001,512,4,early_stopping_val_loss_overfit_patience_3,0.32823641843710943,0.23636576171760945,0.31116233280794564,0.386762360446571,0.3469320845578689,0.37319633697641785,5.144207972067374,0.23636576171760945
/home/cmantill/narrador-futbol/experiments/positions/grid_search_outputs/20260426_155024/runs/run_283_h256_objh256_te128_fu256_obj2_ff4_blocks3_drop0p15_lr0p001_wd0p0001,/home/cmantill/narrador-futbol/experiments/positions/grid_search_outputs/20260426_155024/runs/run_283_h256_objh256_te128_fu256_obj2_ff4_blocks3_drop0p15_lr0p001_wd0p0001/best_model.pt,128,256,256,256,2,4,3,0.15,0.001,0.0001,512,1,early_stopping_val_macro_f1_patience_3,0.32007645372344334,0.23625622752417724,0.30813784669007693,0.38023778454400464,0.3596154064206046,0.3791371779050609,5.926759649206091,0.23625622752417724
/home/cmantill/narrador-futbol/experiments/positions/grid_search_outputs/20260426_155024/runs/run_430_h256_objh384_te256_fu384_obj2_ff4_blocks4_drop0p2_lr0p0005_wd0p0005,/home/cmantill/narrador-futbol/experiments/positions/grid_search_outputs/20260426_155024/runs/run_430_h256_objh384_te256_fu384_obj2_ff4_blocks4_drop0p2_lr0p0005_wd0p0005/best_model.pt,256,384,256,384,2,4,4,0.2,0.0005,0.0005,512,4,early_stopping_val_loss_overfit_patience_3,0.30088950966698524,0.23604948473890358,0.28929079505859934,0.35696679715818475,0.3385613543579306,0.3529095633851162,6.458552766729285,0.23604948473890358
/home/cmantill/narrador-futbol/experiments/positions/grid_search_outputs/20260426_155024/runs/run_260_h256_objh256_te128_fu256_obj2_ff4_blocks3_drop0p1_lr0p0005_wd0p0001,/home/cmantill/narrador-futbol/experiments/positions/grid_search_outputs/20260426_155024/runs/run_260_h256_objh256_te128_fu256_obj2_ff4_blocks3_drop0p1_lr0p0005_wd0p0001/best_model.pt,128,256,256,256,2,4,3,0.1,0.0005,0.0001,512,3,early_stopping_val_loss_overfit_patience_3,0.3164743071381313,0.23588745440055256,0.30587125917702707,0.4356966797158185,0.395618194223329,0.4196244593365292,5.857161309983995,0.23588745440055256
/home/cmantill/narrador-futbol/experiments/positions/grid_search_outputs/20260426_155024/runs/run_379_h256_objh384_te256_fu384_obj2_ff4_blocks3_drop0p1_lr0p001_wd0p0001,/home/cmantill/narrador-futbol/experiments/positions/grid_search_outputs/20260426_155024/runs/run_379_h256_objh384_te256_fu384_obj2_ff4_blocks3_drop0p1_lr0p001_wd0p0001/best_model.pt,256,384,256,384,2,4,3,0.1,0.001,0.0001,512,4,early_stopping_val_loss_overfit_patience_3,0.29883114018966406,0.23580140479948702,0.2934886585399339,0.40633608815426997,0.3875599102292666,0.39304184750692384,6.673806826273601,0.23580140479948702
/home/cmantill/narrador-futbol/experiments/positions/grid_search_outputs/20260426_155024/runs/run_122_h192_objh256_te128_fu256_obj1_ff2_blocks3_drop0p1_lr0p0005_wd0p0001,/home/cmantill/narrador-futbol/experiments/positions/grid_search_outputs/20260426_155024/runs/run_122_h192_objh256_te128_fu256_obj1_ff2_blocks3_drop0p1_lr0p0005_wd0p0001/best_model.pt,128,256,192,256,1,2,3,0.1,0.0005,0.0001,512,4,early_stopping_val_loss_overfit_patience_3,0.2925825185620819,0.23576975430220692,0.29299575197341166,0.4406988545744527,0.4070549666863728,0.41766957541815836,5.4562366450274435,0.23576975430220692
/home/cmantill/narrador-futbol/experiments/positions/grid_search_outputs/20260426_155024/runs/run_470_h256_objh384_te256_fu384_obj2_ff2_blocks3_drop0p3_lr0p0005_wd0p001,/home/cmantill/narrador-futbol/experiments/positions/grid_search_outputs/20260426_155024/runs/run_470_h256_objh384_te256_fu384_obj2_ff2_blocks3_drop0p3_lr0p0005_wd0p001/best_model.pt,256,384,256,384,2,2,3,0.3,0.0005,0.001,512,3,early_stopping_val_loss_overfit_patience_3,0.3094170403587444,0.2355915531213402,0.30227530143072917,0.35776424532405393,0.3352699206710016,0.35443304591698105,5.043425877888997,0.2355915531213402
/home/cmantill/narrador-futbol/experiments/positions/grid_search_outputs/20260426_155024/runs/run_332_h256_objh256_te128_fu256_obj2_ff4_blocks3_drop0p25_lr0p0005_wd0p0005,/home/cmantill/narrador-futbol/experiments/positions/grid_search_outputs/20260426_155024/runs/run_332_h256_objh256_te128_fu256_obj2_ff4_blocks3_drop0p25_lr0p0005_wd0p0005/best_model.pt,128,256,256,256,2,4,3,0.25,0.0005,0.0005,512,3,early_stopping_val_loss_overfit_patience_3,0.32000294052782474,0.23536203839656475,0.3099887993263063,0.4065535740176888,0.39606601520447143,0.3957344188825439,5.124884146231192,0.23536203839656475
/home/cmantill/narrador-futbol/experiments/positions/grid_search_outputs/20260426_155024/runs/run_093_h128_objh128_te64_fu128_obj2_ff4_blocks4_drop0p25_lr0p001_wd0p0005,/home/cmantill/narrador-futbol/experiments/positions/grid_search_outputs/20260426_155024/runs/run_093_h128_objh128_te64_fu128_obj2_ff4_blocks4_drop0p25_lr0p001_wd0p0005/best_model.pt,64,128,128,128,2,4,4,0.25,0.001,0.0005,512,2,early_stopping_val_loss_overfit_patience_3,0.30206572079688304,0.23527082121343493,0.29415227372716074,0.43083949543279687,0.41131254416581864,0.4189347469672743,4.218318533014368,0.23527082121343493
/home/cmantill/narrador-futbol/experiments/positions/grid_search_outputs/20260426_155024/runs/run_133_h192_objh256_te128_fu256_obj2_ff2_blocks3_drop0p1_lr0p001_wd0p0001,/home/cmantill/narrador-futbol/experiments/positions/grid_search_outputs/20260426_155024/runs/run_133_h192_objh256_te128_fu256_obj2_ff2_blocks3_drop0p1_lr0p001_wd0p0001/best_model.pt,128,256,192,256,2,2,3,0.1,0.001,0.0001,512,1,early_stopping_val_macro_f1_patience_3,0.33779313386752924,0.2349464223592698,0.30870769015473043,0.38879222850514716,0.3489704060218092,0.3653863922722019,6.697530251962167,0.2349464223592698
/home/cmantill/narrador-futbol/experiments/positions/grid_search_outputs/20260426_155024/runs/run_323_h256_objh256_te128_fu256_obj1_ff4_blocks5_drop0p25_lr0p001_wd0p0005,/home/cmantill/narrador-futbol/experiments/positions/grid_search_outputs/20260426_155024/runs/run_323_h256_objh256_te128_fu256_obj1_ff4_blocks5_drop0p25_lr0p001_wd0p0005/best_model.pt,128,256,256,256,1,4,5,0.25,0.001,0.0005,512,3,early_stopping_val_loss_overfit_patience_3,0.3374255678894362,0.23473137515990242,0.31879597076825666,0.38987965782224154,0.3606241875280659,0.3788055263737802,5.346940994262695,0.23473137515990242
/home/cmantill/narrador-futbol/experiments/positions/grid_search_outputs/20260426_155024/runs/run_399_h256_objh384_te256_fu384_obj2_ff2_blocks4_drop0p15_lr0p001_wd0p0001,/home/cmantill/narrador-futbol/experiments/positions/grid_search_outputs/20260426_155024/runs/run_399_h256_objh384_te256_fu384_obj2_ff2_blocks4_drop0p15_lr0p001_wd0p0001/best_model.pt,256,384,256,384,2,2,4,0.15,0.001,0.0001,512,4,early_stopping_val_loss_overfit_patience_3,0.3175034918767919,0.23450764944932742,0.30491935544664533,0.4138031027983181,0.3795326326861241,0.4002669639391479,6.638369454277886,0.23450764944932742
/home/cmantill/narrador-futbol/experiments/positions/grid_search_outputs/20260426_155024/runs/run_013_h128_objh128_te64_fu128_obj2_ff2_blocks3_drop0p1_lr0p001_wd0p0001,/home/cmantill/narrador-futbol/experiments/positions/grid_search_outputs/20260426_155024/runs/run_013_h128_objh128_te64_fu128_obj2_ff2_blocks3_drop0p1_lr0p001_wd0p0001/best_model.pt,64,128,128,128,2,2,3,0.1,0.001,0.0001,512,1,early_stopping_val_macro_f1_patience_3,0.3106667646842608,0.23437216341053257,0.2874356784867473,0.42989705669131506,0.40634898852014195,0.40233884204135806,5.229826503329807,0.23437216341053257
/home/cmantill/narrador-futbol/experiments/positions/grid_search_outputs/20260426_155024/runs/run_457_h256_objh384_te256_fu384_obj1_ff2_blocks3_drop0p3_lr0p001_wd0p001,/home/cmantill/narrador-futbol/experiments/positions/grid_search_outputs/20260426_155024/runs/run_457_h256_objh384_te256_fu384_obj1_ff2_blocks3_drop0p3_lr0p001_wd0p001/best_model.pt,256,384,256,384,1,2,3,0.3,0.001,0.001,512,1,early_stopping_val_macro_f1_patience_3,0.3240461662868485,0.23424265835629335,0.30205754513056154,0.4099608525445846,0.37628479543213955,0.3879976478188141,5.479575845930311,0.23424265835629335
/home/cmantill/narrador-futbol/experiments/positions/grid_search_outputs/20260426_155024/runs/run_295_h256_objh256_te128_fu256_obj1_ff4_blocks3_drop0p2_lr0p001_wd0p0005,/home/cmantill/narrador-futbol/experiments/positions/grid_search_outputs/20260426_155024/runs/run_295_h256_objh256_te128_fu256_obj1_ff4_blocks3_drop0p2_lr0p001_wd0p0005/best_model.pt,128,256,256,256,1,4,3,0.2,0.001,0.0005,512,1,early_stopping_val_macro_f1_patience_3,0.30919650077188854,0.23417000541456273,0.29092847825474527,0.4267797593156445,0.3973998507172451,0.4064827316749715,5.6345769211098,0.23417000541456273
/home/cmantill/narrador-futbol/experiments/positions/grid_search_outputs/20260426_155024/runs/run_203_h192_objh256_te128_fu256_obj1_ff4_blocks5_drop0p25_lr0p001_wd0p0005,/home/cmantill/narrador-futbol/experiments/positions/grid_search_outputs/20260426_155024/runs/run_203_h192_objh256_te128_fu256_obj1_ff4_blocks5_drop0p25_lr0p001_wd0p0005/best_model.pt,128,256,192,256,1,4,5,0.25,0.001,0.0005,512,4,early_stopping_val_loss_overfit_patience_3,0.32860398441520255,0.2338529849018139,0.3072693234077837,0.408075975061621,0.3824339022573579,0.39170263401040056,5.2446736583003295,0.2338529849018139
/home/cmantill/narrador-futbol/experiments/positions/grid_search_outputs/20260426_155024/runs/run_419_h256_objh384_te256_fu384_obj1_ff4_blocks5_drop0p2_lr0p001_wd0p0005,/home/cmantill/narrador-futbol/experiments/positions/grid_search_outputs/20260426_155024/runs/run_419_h256_objh384_te256_fu384_obj1_ff4_blocks5_drop0p2_lr0p001_wd0p0005/best_model.pt,256,384,256,384,1,4,5,0.2,0.001,0.0005,512,4,early_stopping_val_loss_overfit_patience_3,0.32500183782989045,0.23372993403073034,0.3147671320949919,0.387269827461215,0.3460530679991417,0.37174594001506717,5.096775584750706,0.23372993403073034
/home/cmantill/narrador-futbol/experiments/positions/grid_search_outputs/20260426_155024/runs/run_478_h256_objh384_te256_fu384_obj2_ff4_blocks4_drop0p3_lr0p0005_wd0p001,/home/cmantill/narrador-futbol/experiments/positions/grid_search_outputs/20260426_155024/runs/run_478_h256_objh384_te256_fu384_obj2_ff4_blocks4_drop0p3_lr0p0005_wd0p001/best_model.pt,256,384,256,384,2,4,4,0.3,0.0005,0.001,512,3,early_stopping_val_loss_overfit_patience_3,0.307211644490186,0.23371880759007688,0.3006146436059812,0.40677105988110773,0.393321430346328,0.3879913808307508,5.9532814555697975,0.23371880759007688
/home/cmantill/narrador-futbol/experiments/positions/grid_search_outputs/20260426_155024/runs/run_367_h256_objh384_te256_fu384_obj1_ff4_blocks3_drop0p1_lr0p001_wd0p0001,/home/cmantill/narrador-futbol/experiments/positions/grid_search_outputs/20260426_155024/runs/run_367_h256_objh384_te256_fu384_obj1_ff4_blocks3_drop0p1_lr0p001_wd0p0001/best_model.pt,256,384,256,384,1,4,3,0.1,0.001,0.0001,512,3,early_stopping_val_loss_overfit_patience_3,0.3066970521208557,0.23369748400983187,0.2961793177642506,0.38110772799768017,0.3338923602970699,0.3533989663829841,6.001380452403316,0.23369748400983187
/home/cmantill/narrador-futbol/experiments/positions/grid_search_outputs/20260426_155024/runs/run_149_h192_objh256_te128_fu256_obj1_ff2_blocks5_drop0p15_lr0p001_wd0p0001,/home/cmantill/narrador-futbol/experiments/positions/grid_search_outputs/20260426_155024/runs/run_149_h192_objh256_te128_fu256_obj1_ff2_blocks5_drop0p15_lr0p001_wd0p0001/best_model.pt,128,256,192,256,1,2,5,0.15,0.001,0.0001,512,2,early_stopping_val_loss_overfit_patience_3,0.3339704476953613,0.23366440729469387,0.30994315192733674,0.42598231114977525,0.39745757632416717,0.41008423198511473,6.521728886498345,0.23366440729469387
/home/cmantill/narrador-futbol/experiments/positions/grid_search_outputs/20260426_155024/runs/run_271_h256_objh256_te128_fu256_obj1_ff4_blocks3_drop0p15_lr0p001_wd0p0001,/home/cmantill/narrador-futbol/experiments/positions/grid_search_outputs/20260426_155024/runs/run_271_h256_objh256_te128_fu256_obj1_ff4_blocks3_drop0p15_lr0p001_wd0p0001/best_model.pt,128,256,256,256,1,4,3,0.15,0.001,0.0001,512,4,early_stopping_val_loss_overfit_patience_3,0.3191207821804014,0.23355713763420682,0.3007112741448534,0.36233144845585036,0.3483614730179986,0.3522748879389584,6.245350661101164,0.23355713763420682
/home/cmantill/narrador-futbol/experiments/positions/grid_search_outputs/20260426_155024/runs/run_113_h128_objh128_te64_fu128_obj2_ff2_blocks5_drop0p3_lr0p001_wd0p001,/home/cmantill/narrador-futbol/experiments/positions/grid_search_outputs/20260426_155024/runs/run_113_h128_objh128_te64_fu128_obj2_ff2_blocks5_drop0p3_lr0p001_wd0p001/best_model.pt,64,128,128,128,2,2,5,0.3,0.001,0.001,512,1,early_stopping_val_macro_f1_patience_3,0.3231640079394251,0.23345970027909724,0.30690715718847705,0.39553429027113235,0.37055663215302126,0.36635976210673576,4.293629928871438,0.23345970027909724
/home/cmantill/narrador-futbol/experiments/positions/grid_search_outputs/20260426_155024/runs/run_215_h192_objh256_te128_fu256_obj2_ff4_blocks5_drop0p25_lr0p001_wd0p0005,/home/cmantill/narrador-futbol/experiments/positions/grid_search_outputs/20260426_155024/runs/run_215_h192_objh256_te128_fu256_obj2_ff4_blocks5_drop0p25_lr0p001_wd0p0005/best_model.pt,128,256,192,256,2,4,5,0.25,0.001,0.0005,512,2,early_stopping_val_loss_overfit_patience_3,0.3003749172976549,0.23328760862473727,0.2875917561303994,0.3883572567783094,0.3645814642967237,0.3795945753812277,5.341630105619077,0.23328760862473727
/home/cmantill/narrador-futbol/experiments/positions/grid_search_outputs/20260426_155024/runs/run_463_h256_objh384_te256_fu384_obj1_ff4_blocks3_drop0p3_lr0p001_wd0p001,/home/cmantill/narrador-futbol/experiments/positions/grid_search_outputs/20260426_155024/runs/run_463_h256_objh384_te256_fu384_obj1_ff4_blocks3_drop0p3_lr0p001_wd0p001/best_model.pt,256,384,256,384,1,4,3,0.3,0.001,0.001,512,4,early_stopping_val_loss_overfit_patience_3,0.305300301404102,0.23309305997641203,0.2955876238969643,0.38052776569522984,0.36312783012340916,0.3646100555763818,6.076654133973299,0.23309305997641203
/home/cmantill/narrador-futbol/experiments/positions/grid_search_outputs/20260426_155024/runs/run_057_h128_objh128_te64_fu128_obj1_ff4_blocks4_drop0p2_lr0p001_wd0p0005,/home/cmantill/narrador-futbol/experiments/positions/grid_search_outputs/20260426_155024/runs/run_057_h128_objh128_te64_fu128_obj1_ff4_blocks4_drop0p2_lr0p001_wd0p0005/best_model.pt,64,128,128,128,1,4,4,0.2,0.001,0.0005,512,2,early_stopping_val_loss_overfit_patience_3,0.30265382636183197,0.23299324615198674,0.2937333025987817,0.39306945048571845,0.3716344509783677,0.3778562183453818,3.4147642453511557,0.23299324615198674
/home/cmantill/narrador-futbol/experiments/positions/grid_search_outputs/20260426_155024/runs/run_388_h256_objh384_te256_fu384_obj1_ff2_blocks4_drop0p15_lr0p0005_wd0p0001,/home/cmantill/narrador-futbol/experiments/positions/grid_search_outputs/20260426_155024/runs/run_388_h256_objh384_te256_fu384_obj1_ff2_blocks4_drop0p15_lr0p0005_wd0p0001/best_model.pt,256,384,256,384,1,2,4,0.15,0.0005,0.0001,512,4,early_stopping_val_loss_overfit_patience_3,0.2849371462177461,0.23273796116211345,0.27996628915854965,0.389734667246629,0.378829735180347,0.3826809260625615,5.812056417818423,0.23273796116211345
/home/cmantill/narrador-futbol/experiments/positions/grid_search_outputs/20260426_155024/runs/run_446_h256_objh384_te256_fu384_obj2_ff2_blocks3_drop0p25_lr0p0005_wd0p0005,/home/cmantill/narrador-futbol/experiments/positions/grid_search_outputs/20260426_155024/runs/run_446_h256_objh384_te256_fu384_obj2_ff2_blocks3_drop0p25_lr0p0005_wd0p0005/best_model.pt,256,384,256,384,2,2,3,0.25,0.0005,0.0005,512,4,early_stopping_val_loss_overfit_patience_3,0.30383003749172977,0.2323376125367018,0.29092496389371536,0.3866173698709584,0.3714078685342001,0.3742096618052274,5.0623480655528885,0.2323376125367018
/home/cmantill/narrador-futbol/experiments/positions/grid_search_outputs/20260426_155024/runs/run_212_h192_objh256_te128_fu256_obj2_ff4_blocks3_drop0p25_lr0p0005_wd0p0005,/home/cmantill/narrador-futbol/experiments/positions/grid_search_outputs/20260426_155024/runs/run_212_h192_objh256_te128_fu256_obj2_ff4_blocks3_drop0p25_lr0p0005_wd0p0005/best_model.pt,128,256,192,256,2,4,3,0.25,0.0005,0.0005,512,1,early_stopping_val_macro_f1_patience_3,0.3105197382930236,0.23226614896401027,0.2985469290564806,0.3916195447295926,0.37568579678338615,0.37223397979886996,4.658765448464288,0.23226614896401027
/home/cmantill/narrador-futbol/experiments/positions/grid_search_outputs/20260426_155024/runs/run_161_h192_objh256_te128_fu256_obj2_ff2_blocks5_drop0p15_lr0p001_wd0p0001,/home/cmantill/narrador-futbol/experiments/positions/grid_search_outputs/20260426_155024/runs/run_161_h192_objh256_te128_fu256_obj2_ff2_blocks5_drop0p15_lr0p001_wd0p0001/best_model.pt,128,256,192,256,2,2,5,0.15,0.001,0.0001,512,2,early_stopping_val_loss_overfit_patience_3,0.3034624715136367,0.2320028740318783,0.28811137020263206,0.38089024213426126,0.3557722370796004,0.37500952932034826,6.203557871006153,0.2320028740318783
/home/cmantill/narrador-futbol/experiments/positions/grid_search_outputs/20260426_155024/runs/run_409_h256_objh384_te256_fu384_obj1_ff2_blocks3_drop0p2_lr0p001_wd0p0005,/home/cmantill/narrador-futbol/experiments/positions/grid_search_outputs/20260426_155024/runs/run_409_h256_objh384_te256_fu384_obj1_ff2_blocks3_drop0p2_lr0p001_wd0p0005/best_model.pt,256,384,256,384,1,2,3,0.2,0.001,0.0005,512,2,early_stopping_val_loss_overfit_patience_3,0.2996397853414688,0.2318582884858141,0.29713859265355846,0.3973466724662897,0.37908582472773983,0.3856573202448743,5.951991611056858,0.2318582884858141
/home/cmantill/narrador-futbol/experiments/positions/grid_search_outputs/20260426_155024/runs/run_199_h192_objh256_te128_fu256_obj1_ff4_blocks3_drop0p25_lr0p001_wd0p0005,/home/cmantill/narrador-futbol/experiments/positions/grid_search_outputs/20260426_155024/runs/run_199_h192_objh256_te128_fu256_obj1_ff4_blocks3_drop0p25_lr0p001_wd0p0005/best_model.pt,128,256,192,256,1,4,3,0.25,0.001,0.0005,512,4,early_stopping_val_loss_overfit_patience_3,0.3006689700801294,0.23177862924795486,0.2966070922555551,0.3750906191097579,0.35856700294679145,0.36097635796729244,5.814630420119674,0.23177862924795486
/home/cmantill/narrador-futbol/experiments/positions/grid_search_outputs/20260426_155024/runs/run_181_h192_objh256_te128_fu256_obj2_ff2_blocks3_drop0p2_lr0p001_wd0p0005,/home/cmantill/narrador-futbol/experiments/positions/grid_search_outputs/20260426_155024/runs/run_181_h192_objh256_te128_fu256_obj2_ff2_blocks3_drop0p2_lr0p001_wd0p0005/best_model.pt,128,256,192,256,2,2,3,0.2,0.001,0.0005,512,2,early_stopping_val_loss_overfit_patience_3,0.32294346835256926,0.23160618756232326,0.31033739822347206,0.4130781499202552,0.38191289952465346,0.39517050020148176,6.233681696432608,0.23160618756232326
/home/cmantill/narrador-futbol/experiments/positions/grid_search_outputs/20260426_155024/runs/run_267_h256_objh256_te128_fu256_obj1_ff2_blocks4_drop0p15_lr0p001_wd0p0001,/home/cmantill/narrador-futbol/experiments/positions/grid_search_outputs/20260426_155024/runs/run_267_h256_objh256_te128_fu256_obj1_ff2_blocks4_drop0p15_lr0p001_wd0p0001/best_model.pt,128,256,256,256,1,2,4,0.15,0.001,0.0001,512,1,early_stopping_val_macro_f1_patience_3,0.30904947438065133,0.2315373875880818,0.2872667504857294,0.4391039582427142,0.40367473913987345,0.4283719680267087,5.989142073525323,0.2315373875880818
/home/cmantill/narrador-futbol/experiments/positions/grid_search_outputs/20260426_155024/runs/run_448_h256_objh384_te256_fu384_obj2_ff2_blocks4_drop0p25_lr0p0005_wd0p0005,/home/cmantill/narrador-futbol/experiments/positions/grid_search_outputs/20260426_155024/runs/run_448_h256_objh384_te256_fu384_obj2_ff2_blocks4_drop0p25_lr0p0005_wd0p0005/best_model.pt,256,384,256,384,2,2,4,0.25,0.0005,0.0005,512,4,early_stopping_val_loss_overfit_patience_3,0.3074321840770418,0.23145934940691373,0.30551076801603777,0.3453675511091779,0.33477956727935193,0.3478095942518579,5.39950649826615,0.23145934940691373
/home/cmantill/narrador-futbol/experiments/positions/grid_search_outputs/20260426_155024/runs/run_396_h256_objh384_te256_fu384_obj1_ff4_blocks5_drop0p15_lr0p0005_wd0p0001,/home/cmantill/narrador-futbol/experiments/positions/grid_search_outputs/20260426_155024/runs/run_396_h256_objh384_te256_fu384_obj1_ff4_blocks5_drop0p15_lr0p0005_wd0p0001/best_model.pt,256,384,256,384,1,4,5,0.15,0.0005,0.0001,512,2,early_stopping_val_loss_overfit_patience_3,0.30794677644637214,0.23140156002012685,0.3029140526826518,0.3854574452660577,0.3490403596080902,0.3770433923493633,4.993976372259635,0.23140156002012685
/home/cmantill/narrador-futbol/experiments/positions/grid_search_outputs/20260426_155024/runs/run_438_h256_objh384_te256_fu384_obj1_ff2_blocks5_drop0p25_lr0p0005_wd0p0005,/home/cmantill/narrador-futbol/experiments/positions/grid_search_outputs/20260426_155024/runs/run_438_h256_objh384_te256_fu384_obj1_ff2_blocks5_drop0p25_lr0p0005_wd0p0005/best_model.pt,256,384,256,384,1,2,5,0.25,0.0005,0.0005,512,4,early_stopping_val_loss_overfit_patience_3,0.3022862603837389,0.23138032246908694,0.29242470830460304,0.3895896766710164,0.37559446020883985,0.3771226048503729,4.787219709820217,0.23138032246908694
/home/cmantill/narrador-futbol/experiments/positions/grid_search_outputs/20260426_155024/runs/run_371_h256_objh384_te256_fu384_obj1_ff4_blocks5_drop0p1_lr0p001_wd0p0001,/home/cmantill/narrador-futbol/experiments/positions/grid_search_outputs/20260426_155024/runs/run_371_h256_objh384_te256_fu384_obj1_ff4_blocks5_drop0p1_lr0p001_wd0p0001/best_model.pt,256,384,256,384,1,4,5,0.1,0.001,0.0001,512,3,early_stopping_val_loss_overfit_patience_3,0.3053738145997206,0.23129529810975732,0.29616787784836784,0.4003189792663477,0.39768209272533384,0.3955029732478589,5.761738459269206,0.23129529810975732
/home/cmantill/narrador-futbol/experiments/positions/grid_search_outputs/20260426_155024/runs/run_315_h256_objh256_te128_fu256_obj1_ff2_blocks4_drop0p25_lr0p001_wd0p0005,/home/cmantill/narrador-futbol/experiments/positions/grid_search_outputs/20260426_155024/runs/run_315_h256_objh256_te128_fu256_obj1_ff2_blocks4_drop0p25_lr0p001_wd0p0005/best_model.pt,128,256,256,256,1,2,4,0.25,0.001,0.0005,512,4,early_stopping_val_loss_overfit_patience_3,0.3045651694479159,0.23123655720063693,0.3020569108236814,0.3973466724662897,0.3590106365579848,0.3793697413533052,5.62247371673584,0.23123655720063693
/home/cmantill/narrador-futbol/experiments/positions/grid_search_outputs/20260426_155024/runs/run_464_h256_objh384_te256_fu384_obj1_ff4_blocks3_drop0p3_lr0p0005_wd0p001,/home/cmantill/narrador-futbol/experiments/positions/grid_search_outputs/20260426_155024/runs/run_464_h256_objh384_te256_fu384_obj1_ff4_blocks3_drop0p3_lr0p0005_wd0p001/best_model.pt,256,384,256,384,1,4,3,0.3,0.0005,0.001,512,3,early_stopping_val_loss_overfit_patience_3,0.31081379107549806,0.2311987795892825,0.3018367674512423,0.41235319704219225,0.38313629956429013,0.3952200891720012,4.854937994921649,0.2311987795892825
/home/cmantill/narrador-futbol/experiments/positions/grid_search_outputs/20260426_155024/runs/run_361_h256_objh384_te256_fu384_obj1_ff2_blocks3_drop0p1_lr0p001_wd0p0001,/home/cmantill/narrador-futbol/experiments/positions/grid_search_outputs/20260426_155024/runs/run_361_h256_objh384_te256_fu384_obj1_ff2_blocks3_drop0p1_lr0p001_wd0p0001/best_model.pt,256,384,256,384,1,2,3,0.1,0.001,0.0001,512,4,early_stopping_val_loss_overfit_patience_3,0.31404837168271704,0.23089431204782668,0.3106978744701083,0.40771349862258954,0.38605838726779756,0.3983545645013928,6.847952436517786,0.23089431204782668
/home/cmantill/narrador-futbol/experiments/positions/grid_search_outputs/20260426_155024/runs/run_243_h256_objh256_te128_fu256_obj1_ff2_blocks4_drop0p1_lr0p001_wd0p0001,/home/cmantill/narrador-futbol/experiments/positions/grid_search_outputs/20260426_155024/runs/run_243_h256_objh256_te128_fu256_obj1_ff2_blocks4_drop0p1_lr0p001_wd0p0001/best_model.pt,128,256,256,256,1,2,4,0.1,0.001,0.0001,512,4,early_stopping_val_loss_overfit_patience_3,0.30713813129456735,0.2307789265283395,0.30087543812319345,0.3700884442511237,0.3508370053135597,0.36430238209938676,6.426403858043529,0.2307789265283395
/home/cmantill/narrador-futbol/experiments/positions/grid_search_outputs/20260426_155024/runs/run_117_h128_objh128_te64_fu128_obj2_ff4_blocks4_drop0p3_lr0p001_wd0p001,/home/cmantill/narrador-futbol/experiments/positions/grid_search_outputs/20260426_155024/runs/run_117_h128_objh128_te64_fu128_obj2_ff4_blocks4_drop0p3_lr0p001_wd0p001/best_model.pt,64,128,128,128,2,4,4,0.3,0.001,0.001,512,4,early_stopping_val_loss_overfit_patience_3,0.3172094390943174,0.2307569552793736,0.3072615094994066,0.3863273887197332,0.36667674901424363,0.37687818225144676,3.910627082542137,0.2307569552793736
/home/cmantill/narrador-futbol/experiments/positions/grid_search_outputs/20260426_155024/runs/run_365_h256_objh384_te256_fu384_obj1_ff2_blocks5_drop0p1_lr0p001_wd0p0001,/home/cmantill/narrador-futbol/experiments/positions/grid_search_outputs/20260426_155024/runs/run_365_h256_objh384_te256_fu384_obj1_ff2_blocks5_drop0p1_lr0p001_wd0p0001/best_model.pt,256,384,256,384,1,2,5,0.1,0.001,0.0001,512,1,early_stopping_val_macro_f1_patience_3,0.29015658310666764,0.23068333048773254,0.29154928672296143,0.41148325358851673,0.3993115950498015,0.3998405486663898,6.632137704778601,0.23068333048773254
/home/cmantill/narrador-futbol/experiments/positions/grid_search_outputs/20260426_155024/runs/run_345_h256_objh256_te128_fu256_obj1_ff4_blocks4_drop0p3_lr0p001_wd0p001,/home/cmantill/narrador-futbol/experiments/positions/grid_search_outputs/20260426_155024/runs/run_345_h256_objh256_te128_fu256_obj1_ff4_blocks4_drop0p3_lr0p001_wd0p001/best_model.pt,128,256,256,256,1,4,4,0.3,0.001,0.001,512,1,early_stopping_val_macro_f1_patience_3,0.30191869440564584,0.23046674501764694,0.28146819908202225,0.36537625054371464,0.3532210784497861,0.3457996129257239,5.1097754019278065,0.23046674501764694
/home/cmantill/narrador-futbol/experiments/positions/grid_search_outputs/20260426_155024/runs/run_389_h256_objh384_te256_fu384_obj1_ff2_blocks5_drop0p15_lr0p001_wd0p0001,/home/cmantill/narrador-futbol/experiments/positions/grid_search_outputs/20260426_155024/runs/run_389_h256_objh384_te256_fu384_obj1_ff2_blocks5_drop0p15_lr0p001_wd0p0001/best_model.pt,256,384,256,384,1,2,5,0.15,0.001,0.0001,512,4,early_stopping_val_loss_overfit_patience_3,0.30603543336028816,0.23027842302317264,0.2942611993139768,0.42503987240829344,0.40843299761686735,0.40983820329456444,6.623326124968352,0.23027842302317264
/home/cmantill/narrador-futbol/experiments/positions/grid_search_outputs/20260426_155024/runs/run_471_h256_objh384_te256_fu384_obj2_ff2_blocks4_drop0p3_lr0p001_wd0p001,/home/cmantill/narrador-futbol/experiments/positions/grid_search_outputs/20260426_155024/runs/run_471_h256_objh384_te256_fu384_obj2_ff2_blocks4_drop0p3_lr0p001_wd0p001/best_model.pt,256,384,256,384,2,2,4,0.3,0.001,0.001,512,4,early_stopping_val_loss_overfit_patience_3,0.30927001396750714,0.23013832268269258,0.30929166342273046,0.34602000869943456,0.33244740878706136,0.3363551575180444,5.921981334686279,0.23013832268269258
/home/cmantill/narrador-futbol/experiments/positions/grid_search_outputs/20260426_155024/runs/run_370_h256_objh384_te256_fu384_obj1_ff4_blocks4_drop0p1_lr0p0005_wd0p0001,/home/cmantill/narrador-futbol/experiments/positions/grid_search_outputs/20260426_155024/runs/run_370_h256_objh384_te256_fu384_obj1_ff4_blocks4_drop0p1_lr0p0005_wd0p0001/best_model.pt,256,384,256,384,1,4,4,0.1,0.0005,0.0001,512,2,early_stopping_val_loss_overfit_patience_3,0.29199441299713297,0.23011689978977648,0.2846541212685943,0.4030013049151805,0.39603323949720165,0.3859241572358918,5.797824700673421,0.23011689978977648
/home/cmantill/narrador-futbol/experiments/positions/grid_search_outputs/20260426_155024/runs/run_104_h128_objh128_te64_fu128_obj1_ff4_blocks3_drop0p3_lr0p0005_wd0p001,/home/cmantill/narrador-futbol/experiments/positions/grid_search_outputs/20260426_155024/runs/run_104_h128_objh128_te64_fu128_obj1_ff4_blocks3_drop0p3_lr0p0005_wd0p001/best_model.pt,64,128,128,128,1,4,3,0.3,0.0005,0.001,512,3,early_stopping_val_loss_overfit_patience_3,0.2875836212600162,0.22977247326091366,0.2858977736586501,0.43381180223285487,0.4160815394683153,0.4158276728791714,3.845655326490049,0.22977247326091366
/home/cmantill/narrador-futbol/experiments/positions/grid_search_outputs/20260426_155024/runs/run_343_h256_objh256_te128_fu256_obj1_ff4_blocks3_drop0p3_lr0p001_wd0p001,/home/cmantill/narrador-futbol/experiments/positions/grid_search_outputs/20260426_155024/runs/run_343_h256_objh256_te128_fu256_obj1_ff4_blocks3_drop0p3_lr0p001_wd0p001/best_model.pt,128,256,256,256,1,4,3,0.3,0.001,0.001,512,3,early_stopping_val_loss_overfit_patience_3,0.29603763875615674,0.2297085496243774,0.29621180244639866,0.41800782949108306,0.3936042393789733,0.40316188363564903,5.396251961036965,0.2297085496243774
/home/cmantill/narrador-futbol/experiments/positions/grid_search_outputs/20260426_155024/runs/run_232_h192_objh256_te128_fu256_obj2_ff2_blocks4_drop0p3_lr0p0005_wd0p001,/home/cmantill/narrador-futbol/experiments/positions/grid_search_outputs/20260426_155024/runs/run_232_h192_objh256_te128_fu256_obj2_ff2_blocks4_drop0p3_lr0p0005_wd0p001/best_model.pt,128,256,192,256,2,2,4,0.3,0.0005,0.001,512,4,early_stopping_val_loss_overfit_patience_3,0.29199441299713297,0.2296426280111213,0.28616408634451196,0.3620414673046252,0.350975324756804,0.3536755006681198,4.831431750898008,0.2296426280111213
/home/cmantill/narrador-futbol/experiments/positions/grid_search_outputs/20260426_155024/runs/run_207_h192_objh256_te128_fu256_obj2_ff2_blocks4_drop0p25_lr0p001_wd0p0005,/home/cmantill/narrador-futbol/experiments/positions/grid_search_outputs/20260426_155024/runs/run_207_h192_objh256_te128_fu256_obj2_ff2_blocks4_drop0p25_lr0p001_wd0p0005/best_model.pt,128,256,192,256,2,2,4,0.25,0.001,0.0005,512,3,early_stopping_val_loss_overfit_patience_3,0.2936852164963611,0.22961891560242442,0.28732278593274135,0.3734232274902131,0.35756672892403585,0.36551285439479236,5.855027287094681,0.22961891560242442
/home/cmantill/narrador-futbol/experiments/positions/grid_search_outputs/20260426_155024/runs/run_307_h256_objh256_te128_fu256_obj2_ff4_blocks3_drop0p2_lr0p001_wd0p0005,/home/cmantill/narrador-futbol/experiments/positions/grid_search_outputs/20260426_155024/runs/run_307_h256_objh256_te128_fu256_obj2_ff4_blocks3_drop0p2_lr0p001_wd0p0005/best_model.pt,128,256,256,256,2,4,3,0.2,0.001,0.0005,512,3,early_stopping_val_loss_overfit_patience_3,0.32162023083143426,0.22939378031143948,0.3095324540924256,0.4261273017253879,0.39533301208740895,0.4152075851933147,6.117468374746817,0.22939378031143948
/home/cmantill/narrador-futbol/experiments/positions/grid_search_outputs/20260426_155024/runs/run_293_h256_objh256_te128_fu256_obj1_ff2_blocks5_drop0p2_lr0p001_wd0p0005,/home/cmantill/narrador-futbol/experiments/positions/grid_search_outputs/20260426_155024/runs/run_293_h256_objh256_te128_fu256_obj1_ff2_blocks5_drop0p2_lr0p001_wd0p0005/best_model.pt,128,256,256,256,1,2,5,0.2,0.001,0.0005,512,3,early_stopping_val_loss_overfit_patience_3,0.30912298757626994,0.22935421461826605,0.29808538775610766,0.4387414818036828,0.40772636794998385,0.41909096309676136,5.87256403322573,0.22935421461826605
/home/cmantill/narrador-futbol/experiments/positions/grid_search_outputs/20260426_155024/runs/run_432_h256_objh384_te256_fu384_obj2_ff4_blocks5_drop0p2_lr0p0005_wd0p0005,/home/cmantill/narrador-futbol/experiments/positions/grid_search_outputs/20260426_155024/runs/run_432_h256_objh384_te256_fu384_obj2_ff4_blocks5_drop0p2_lr0p0005_wd0p0005/best_model.pt,256,384,256,384,2,4,5,0.2,0.0005,0.0005,512,2,early_stopping_val_loss_overfit_patience_3,0.3240461662868485,0.2292634685134486,0.31169988244000374,0.39473684210526316,0.3704251709612408,0.3815198785132062,6.020715413270174,0.2292634685134486
/home/cmantill/narrador-futbol/experiments/positions/grid_search_outputs/20260426_155024/runs/run_461_h256_objh384_te256_fu384_obj1_ff2_blocks5_drop0p3_lr0p001_wd0p001,/home/cmantill/narrador-futbol/experiments/positions/grid_search_outputs/20260426_155024/runs/run_461_h256_objh384_te256_fu384_obj1_ff2_blocks5_drop0p3_lr0p001_wd0p001/best_model.pt,256,384,256,384,1,2,5,0.3,0.001,0.001,512,1,early_stopping_val_macro_f1_patience_3,0.32059104609277367,0.22896204241062443,0.2970769996294715,0.417500362476439,0.3770654722518396,0.3974440274571521,5.75050805233143,0.22896204241062443
/home/cmantill/narrador-futbol/experiments/positions/grid_search_outputs/20260426_155024/runs/run_103_h128_objh128_te64_fu128_obj1_ff4_blocks3_drop0p3_lr0p001_wd0p001,/home/cmantill/narrador-futbol/experiments/positions/grid_search_outputs/20260426_155024/runs/run_103_h128_objh128_te64_fu128_obj1_ff4_blocks3_drop0p3_lr0p001_wd0p001/best_model.pt,64,128,128,128,1,4,3,0.3,0.001,0.001,512,1,early_stopping_val_macro_f1_patience_3,0.3160332279644196,0.22889194530381973,0.30122911793268886,0.4190952588081775,0.40242922149415833,0.40953457514378755,4.086930301454332,0.22889194530381973
/home/cmantill/narrador-futbol/experiments/positions/grid_search_outputs/20260426_155024/runs/run_231_h192_objh256_te128_fu256_obj2_ff2_blocks4_drop0p3_lr0p001_wd0p001,/home/cmantill/narrador-futbol/experiments/positions/grid_search_outputs/20260426_155024/runs/run_231_h192_objh256_te128_fu256_obj2_ff2_blocks4_drop0p3_lr0p001_wd0p001/best_model.pt,128,256,192,256,2,2,4,0.3,0.001,0.001,512,3,early_stopping_val_loss_overfit_patience_3,0.305300301404102,0.2287048614231275,0.2938735811797069,0.40974336668116573,0.3842745790209705,0.3977285223096969,5.795199562002112,0.2287048614231275
/home/cmantill/narrador-futbol/experiments/positions/grid_search_outputs/20260426_155024/runs/run_423_h256_objh384_te256_fu384_obj2_ff2_blocks4_drop0p2_lr0p001_wd0p0005,/home/cmantill/narrador-futbol/experiments/positions/grid_search_outputs/20260426_155024/runs/run_423_h256_objh384_te256_fu384_obj2_ff2_blocks4_drop0p2_lr0p001_wd0p0005/best_model.pt,256,384,256,384,2,2,4,0.2,0.001,0.0005,512,4,early_stopping_val_loss_overfit_patience_3,0.3050797618172462,0.22862112680454402,0.292028710833374,0.42830216035957663,0.40304473656222317,0.4188458546155933,6.075316888314706,0.22862112680454402
/home/cmantill/narrador-futbol/experiments/positions/grid_search_outputs/20260426_155024/runs/run_225_h192_objh256_te128_fu256_obj1_ff4_blocks4_drop0p3_lr0p001_wd0p001,/home/cmantill/narrador-futbol/experiments/positions/grid_search_outputs/20260426_155024/runs/run_225_h192_objh256_te128_fu256_obj1_ff4_blocks4_drop0p3_lr0p001_wd0p001/best_model.pt,128,256,192,256,1,4,4,0.3,0.001,0.001,512,3,early_stopping_val_loss_overfit_patience_3,0.29515548040873335,0.2284986080751465,0.2943786889261309,0.40466869653472526,0.3863164118787917,0.3944933347031322,5.9270308900762485,0.2284986080751465
/home/cmantill/narrador-futbol/experiments/positions/grid_search_outputs/20260426_155024/runs/run_305_h256_objh256_te128_fu256_obj2_ff2_blocks5_drop0p2_lr0p001_wd0p0005,/home/cmantill/narrador-futbol/experiments/positions/grid_search_outputs/20260426_155024/runs/run_305_h256_objh256_te128_fu256_obj2_ff2_blocks5_drop0p2_lr0p001_wd0p0005/best_model.pt,128,256,256,256,2,2,5,0.2,0.001,0.0005,512,1,early_stopping_val_macro_f1_patience_3,0.3197088877453503,0.2283184472405801,0.300482626937722,0.39741916775409597,0.37830698706906474,0.37587720553558207,5.586586987530744,0.2283184472405801
/home/cmantill/narrador-futbol/experiments/positions/grid_search_outputs/20260426_155024/runs/run_239_h192_objh256_te128_fu256_obj2_ff4_blocks5_drop0p3_lr0p001_wd0p001,/home/cmantill/narrador-futbol/experiments/positions/grid_search_outputs/20260426_155024/runs/run_239_h192_objh256_te128_fu256_obj2_ff4_blocks5_drop0p3_lr0p001_wd0p001/best_model.pt,128,256,192,256,2,4,5,0.3,0.001,0.001,512,2,early_stopping_val_loss_overfit_patience_3,0.295228993604352,0.227972811010924,0.28442491334582726,0.39843410178338406,0.37420407396023175,0.38492860558217856,5.034968499784116,0.227972811010924
/home/cmantill/narrador-futbol/experiments/positions/grid_search_outputs/20260426_155024/runs/run_245_h256_objh256_te128_fu256_obj1_ff2_blocks5_drop0p1_lr0p001_wd0p0001,/home/cmantill/narrador-futbol/experiments/positions/grid_search_outputs/20260426_155024/runs/run_245_h256_objh256_te128_fu256_obj1_ff2_blocks5_drop0p1_lr0p001_wd0p0001/best_model.pt,128,256,256,256,1,2,5,0.1,0.001,0.0001,512,2,early_stopping_val_loss_overfit_patience_3,0.2888333455855326,0.22797189104913712,0.28546639504965243,0.367696099753516,0.35672722485674946,0.3584573045083996,6.479959293648049,0.22797189104913712
/home/cmantill/narrador-futbol/experiments/positions/grid_search_outputs/20260426_155024/runs/run_032_h128_objh128_te64_fu128_obj1_ff4_blocks3_drop0p15_lr0p0005_wd0p0001,/home/cmantill/narrador-futbol/experiments/positions/grid_search_outputs/20260426_155024/runs/run_032_h128_objh128_te64_fu128_obj1_ff4_blocks3_drop0p15_lr0p0005_wd0p0001/best_model.pt,64,128,128,128,1,4,3,0.15,0.0005,0.0001,512,3,early_stopping_val_loss_overfit_patience_3,0.28530471219583914,0.2276004957581092,0.28342843914085847,0.4226475279106858,0.41233003384778527,0.4064436123292786,4.168337398105198,0.2276004957581092
/home/cmantill/narrador-futbol/experiments/positions/grid_search_outputs/20260426_155024/runs/run_008_h128_objh128_te64_fu128_obj1_ff4_blocks3_drop0p1_lr0p0005_wd0p0001,/home/cmantill/narrador-futbol/experiments/positions/grid_search_outputs/20260426_155024/runs/run_008_h128_objh128_te64_fu128_obj1_ff4_blocks3_drop0p1_lr0p0005_wd0p0001/best_model.pt,64,128,128,128,1,4,3,0.1,0.0005,0.0001,512,2,early_stopping_val_loss_overfit_patience_3,0.2917003602146585,0.22756927194210075,0.28564534346623205,0.40075395099318545,0.4030598964731507,0.38779317587158335,4.3569201804973465,0.22756927194210075
/home/cmantill/narrador-futbol/experiments/positions/grid_search_outputs/20260426_155024/runs/run_294_h256_objh256_te128_fu256_obj1_ff2_blocks5_drop0p2_lr0p0005_wd0p0005,/home/cmantill/narrador-futbol/experiments/positions/grid_search_outputs/20260426_155024/runs/run_294_h256_objh256_te128_fu256_obj1_ff2_blocks5_drop0p2_lr0p0005_wd0p0005/best_model.pt,128,256,256,256,1,2,5,0.2,0.0005,0.0005,512,3,early_stopping_val_loss_overfit_patience_3,0.2957435859736823,0.22743202927855807,0.29180171468376515,0.36559373640713355,0.35969960267473405,0.3593359533311661,5.186992698245579,0.22743202927855807
/home/cmantill/narrador-futbol/experiments/positions/grid_search_outputs/20260426_155024/runs/run_184_h192_objh256_te128_fu256_obj2_ff2_blocks4_drop0p2_lr0p0005_wd0p0005,/home/cmantill/narrador-futbol/experiments/positions/grid_search_outputs/20260426_155024/runs/run_184_h192_objh256_te128_fu256_obj2_ff2_blocks4_drop0p2_lr0p0005_wd0p0005/best_model.pt,128,256,192,256,2,2,4,0.2,0.0005,0.0005,512,3,early_stopping_val_loss_overfit_patience_3,0.28104094684995956,0.22696563167865189,0.278025533744906,0.40938089024213425,0.3856052728999727,0.4002173764705231,5.347089590849699,0.22696563167865189
/home/cmantill/narrador-futbol/experiments/positions/grid_search_outputs/20260426_155024/runs/run_102_h128_objh128_te64_fu128_obj1_ff2_blocks5_drop0p3_lr0p0005_wd0p001,/home/cmantill/narrador-futbol/experiments/positions/grid_search_outputs/20260426_155024/runs/run_102_h128_objh128_te64_fu128_obj1_ff2_blocks5_drop0p3_lr0p0005_wd0p001/best_model.pt,64,128,128,128,1,2,5,0.3,0.0005,0.001,512,1,early_stopping_val_macro_f1_patience_3,0.32176725722267147,0.2266838069420132,0.3010980837355942,0.3533420327678701,0.32370473092088164,0.3325796659012708,3.5606884956359863,0.2266838069420132
/home/cmantill/narrador-futbol/experiments/positions/grid_search_outputs/20260426_155024/runs/run_255_h256_objh256_te128_fu256_obj2_ff2_blocks4_drop0p1_lr0p001_wd0p0001,/home/cmantill/narrador-futbol/experiments/positions/grid_search_outputs/20260426_155024/runs/run_255_h256_objh256_te128_fu256_obj2_ff2_blocks4_drop0p1_lr0p001_wd0p0001/best_model.pt,128,256,256,256,2,2,4,0.1,0.001,0.0001,512,3,early_stopping_val_loss_overfit_patience_3,0.28214364478423876,0.2265353472304705,0.2676122365069693,0.3939393939393939,0.3654269184454819,0.3784295041498816,6.34564271679631,0.2265353472304705
/home/cmantill/narrador-futbol/experiments/positions/grid_search_outputs/20260426_155024/runs/run_433_h256_objh384_te256_fu384_obj1_ff2_blocks3_drop0p25_lr0p001_wd0p0005,/home/cmantill/narrador-futbol/experiments/positions/grid_search_outputs/20260426_155024/runs/run_433_h256_objh384_te256_fu384_obj1_ff2_blocks3_drop0p25_lr0p001_wd0p0005/best_model.pt,256,384,256,384,1,2,3,0.25,0.001,0.0005,512,4,early_stopping_val_loss_overfit_patience_3,0.29280305814893776,0.22643074358663431,0.284358076369399,0.3939393939393939,0.37539720487041117,0.38585182458471323,5.748203604309647,0.22643074358663431
/home/cmantill/narrador-futbol/experiments/positions/grid_search_outputs/20260426_155024/runs/run_229_h192_objh256_te128_fu256_obj2_ff2_blocks3_drop0p3_lr0p001_wd0p001,/home/cmantill/narrador-futbol/experiments/positions/grid_search_outputs/20260426_155024/runs/run_229_h192_objh256_te128_fu256_obj2_ff2_blocks3_drop0p3_lr0p001_wd0p001/best_model.pt,128,256,192,256,2,2,3,0.3,0.001,0.001,512,4,early_stopping_val_loss_overfit_patience_3,0.31985591413658754,0.22638548448161575,0.3030796644142461,0.39575177613455126,0.37188079435389676,0.38912329241899796,5.02079392362524,0.22638548448161575
/home/cmantill/narrador-futbol/experiments/positions/grid_search_outputs/20260426_155024/runs/run_369_h256_objh384_te256_fu384_obj1_ff4_blocks4_drop0p1_lr0p001_wd0p0001,/home/cmantill/narrador-futbol/experiments/positions/grid_search_outputs/20260426_155024/runs/run_369_h256_objh384_te256_fu384_obj1_ff4_blocks4_drop0p1_lr0p001_wd0p0001/best_model.pt,256,384,256,384,1,4,4,0.1,0.001,0.0001,512,1,early_stopping_val_macro_f1_patience_3,0.29493494082187754,0.22632293322070546,0.2915420819459131,0.42989705669131506,0.3978807628965842,0.4042447488976359,6.599933624267578,0.22632293322070546
/home/cmantill/narrador-futbol/experiments/positions/grid_search_outputs/20260426_155024/runs/run_472_h256_objh384_te256_fu384_obj2_ff2_blocks4_drop0p3_lr0p0005_wd0p001,/home/cmantill/narrador-futbol/experiments/positions/grid_search_outputs/20260426_155024/runs/run_472_h256_objh384_te256_fu384_obj2_ff2_blocks4_drop0p3_lr0p0005_wd0p001/best_model.pt,256,384,256,384,2,2,4,0.3,0.0005,0.001,512,3,early_stopping_val_loss_overfit_patience_3,0.27810041902521504,0.2262659416387064,0.277420579356177,0.3658837175583587,0.3653149310854236,0.36223964239865747,5.1755466726091175,0.2262659416387064
/home/cmantill/narrador-futbol/experiments/positions/grid_search_outputs/20260426_155024/runs/run_449_h256_objh384_te256_fu384_obj2_ff2_blocks5_drop0p25_lr0p001_wd0p0005,/home/cmantill/narrador-futbol/experiments/positions/grid_search_outputs/20260426_155024/runs/run_449_h256_objh384_te256_fu384_obj2_ff2_blocks5_drop0p25_lr0p001_wd0p0005/best_model.pt,256,384,256,384,2,2,5,0.25,0.001,0.0005,512,4,early_stopping_val_loss_overfit_patience_3,0.3083878556200838,0.22621235784142352,0.29989049202983953,0.3804552704074235,0.3628387416524299,0.36974418125063674,6.860992149070457,0.22621235784142352
/home/cmantill/narrador-futbol/experiments/positions/grid_search_outputs/20260426_155024/runs/run_373_h256_objh384_te256_fu384_obj2_ff2_blocks3_drop0p1_lr0p001_wd0p0001,/home/cmantill/narrador-futbol/experiments/positions/grid_search_outputs/20260426_155024/runs/run_373_h256_objh384_te256_fu384_obj2_ff2_blocks3_drop0p1_lr0p001_wd0p0001/best_model.pt,256,384,256,384,2,2,3,0.1,0.001,0.0001,512,2,early_stopping_val_loss_overfit_patience_3,0.3110343306623539,0.22571845411863684,0.30237209199752063,0.36073655212411193,0.34182871016342303,0.35671891979190956,7.020899913929127,0.22571845411863684
/home/cmantill/narrador-futbol/experiments/positions/grid_search_outputs/20260426_155024/runs/run_327_h256_objh256_te128_fu256_obj2_ff2_blocks4_drop0p25_lr0p001_wd0p0005,/home/cmantill/narrador-futbol/experiments/positions/grid_search_outputs/20260426_155024/runs/run_327_h256_objh256_te128_fu256_obj2_ff2_blocks4_drop0p25_lr0p001_wd0p0005/best_model.pt,128,256,256,256,2,2,4,0.25,0.001,0.0005,512,4,early_stopping_val_loss_overfit_patience_3,0.2996397853414688,0.2255548232873361,0.2836563115903916,0.370668406553574,0.35846168308317744,0.3616084738118051,5.993537487807097,0.2255548232873361
/home/cmantill/narrador-futbol/experiments/positions/grid_search_outputs/20260426_155024/runs/run_259_h256_objh256_te128_fu256_obj2_ff4_blocks3_drop0p1_lr0p001_wd0p0001,/home/cmantill/narrador-futbol/experiments/positions/grid_search_outputs/20260426_155024/runs/run_259_h256_objh256_te128_fu256_obj2_ff4_blocks3_drop0p1_lr0p001_wd0p0001/best_model.pt,128,256,256,256,2,4,3,0.1,0.001,0.0001,512,2,early_stopping_val_loss_overfit_patience_3,0.2921414393883702,0.22536614620195566,0.2906717448882595,0.40561113527620707,0.37944474503014763,0.38982781775464304,6.5301422896208585,0.22536614620195566
/home/cmantill/narrador-futbol/experiments/positions/grid_search_outputs/20260426_155024/runs/run_443_h256_objh384_te256_fu384_obj1_ff4_blocks5_drop0p25_lr0p001_wd0p0005,/home/cmantill/narrador-futbol/experiments/positions/grid_search_outputs/20260426_155024/runs/run_443_h256_objh384_te256_fu384_obj1_ff4_blocks5_drop0p25_lr0p001_wd0p0005/best_model.pt,256,384,256,384,1,4,5,0.25,0.001,0.0005,512,4,early_stopping_val_loss_overfit_patience_3,0.32213482320076453,0.22535802269587413,0.3099776863432109,0.40068145570537916,0.38059577896533175,0.38806103888969623,6.097432118875009,0.22535802269587413
/home/cmantill/narrador-futbol/experiments/positions/grid_search_outputs/20260426_155024/runs/run_425_h256_objh384_te256_fu384_obj2_ff2_blocks5_drop0p2_lr0p001_wd0p0005,/home/cmantill/narrador-futbol/experiments/positions/grid_search_outputs/20260426_155024/runs/run_425_h256_objh384_te256_fu384_obj2_ff2_blocks5_drop0p2_lr0p001_wd0p0005/best_model.pt,256,384,256,384,2,2,5,0.2,0.001,0.0005,512,1,early_stopping_val_macro_f1_patience_3,0.3245607586561788,0.22521460208568514,0.30356143487794185,0.4124981876178048,0.3825570818851664,0.38911510972253555,5.97829677440502,0.22521460208568514
/home/cmantill/narrador-futbol/experiments/positions/grid_search_outputs/20260426_155024/runs/run_321_h256_objh256_te128_fu256_obj1_ff4_blocks4_drop0p25_lr0p001_wd0p0005,/home/cmantill/narrador-futbol/experiments/positions/grid_search_outputs/20260426_155024/runs/run_321_h256_objh256_te128_fu256_obj1_ff4_blocks4_drop0p25_lr0p001_wd0p0005/best_model.pt,128,256,256,256,1,4,4,0.25,0.001,0.0005,512,4,early_stopping_val_loss_overfit_patience_3,0.2856722781739322,0.22496786242427116,0.2857711910243344,0.3784978976366536,0.367279762043695,0.36865038286967355,4.944877836439344,0.22496786242427116
/home/cmantill/narrador-futbol/experiments/positions/grid_search_outputs/20260426_155024/runs/run_183_h192_objh256_te128_fu256_obj2_ff2_blocks4_drop0p2_lr0p001_wd0p0005,/home/cmantill/narrador-futbol/experiments/positions/grid_search_outputs/20260426_155024/runs/run_183_h192_objh256_te128_fu256_obj2_ff2_blocks4_drop0p2_lr0p001_wd0p0005/best_model.pt,128,256,192,256,2,2,4,0.2,0.001,0.0005,512,4,early_stopping_val_loss_overfit_patience_3,0.29427332206131,0.22442250277773074,0.2853407378425299,0.35732927359721617,0.34422202589828294,0.3447159567689691,6.233306054715757,0.22442250277773074
/home/cmantill/narrador-futbol/experiments/positions/grid_search_outputs/20260426_155024/runs/run_474_h256_objh384_te256_fu384_obj2_ff2_blocks5_drop0p3_lr0p0005_wd0p001,/home/cmantill/narrador-futbol/experiments/positions/grid_search_outputs/20260426_155024/runs/run_474_h256_objh384_te256_fu384_obj2_ff2_blocks5_drop0p3_lr0p0005_wd0p001/best_model.pt,256,384,256,384,2,2,5,0.3,0.0005,0.001,512,4,early_stopping_val_loss_overfit_patience_3,0.28427552745717855,0.2242320233852961,0.28356235239972916,0.37929534580252283,0.37791166616700433,0.3739543218395316,5.125860487973249,0.2242320233852961
/home/cmantill/narrador-futbol/experiments/positions/grid_search_outputs/20260426_155024/runs/run_235_h192_objh256_te128_fu256_obj2_ff4_blocks3_drop0p3_lr0p001_wd0p001,/home/cmantill/narrador-futbol/experiments/positions/grid_search_outputs/20260426_155024/runs/run_235_h192_objh256_te128_fu256_obj2_ff4_blocks3_drop0p3_lr0p001_wd0p001/best_model.pt,128,256,192,256,2,4,3,0.3,0.001,0.001,512,4,early_stopping_val_loss_overfit_patience_3,0.30375652429611116,0.22417022866651917,0.2950563097857372,0.3740031897926635,0.3560564483002028,0.3658862607535769,5.354572852452596,0.22417022866651917
/home/cmantill/narrador-futbol/experiments/positions/grid_search_outputs/20260426_155024/runs/run_291_h256_objh256_te128_fu256_obj1_ff2_blocks4_drop0p2_lr0p001_wd0p0005,/home/cmantill/narrador-futbol/experiments/positions/grid_search_outputs/20260426_155024/runs/run_291_h256_objh256_te128_fu256_obj1_ff2_blocks4_drop0p2_lr0p001_wd0p0005/best_model.pt,128,256,256,256,1,2,4,0.2,0.001,0.0005,512,3,early_stopping_val_loss_overfit_patience_3,0.3017716680144086,0.2229659577976226,0.29574109277982435,0.3621139625924315,0.341972769615456,0.3499793725442222,5.697841299904717,0.2229659577976226
/home/cmantill/narrador-futbol/experiments/positions/grid_search_outputs/20260426_155024/runs/run_477_h256_objh384_te256_fu384_obj2_ff4_blocks4_drop0p3_lr0p001_wd0p001,/home/cmantill/narrador-futbol/experiments/positions/grid_search_outputs/20260426_155024/runs/run_477_h256_objh384_te256_fu384_obj2_ff4_blocks4_drop0p3_lr0p001_wd0p001/best_model.pt,256,384,256,384,2,4,4,0.3,0.001,0.001,512,3,early_stopping_val_loss_overfit_patience_3,0.2958906123649195,0.22285772519942038,0.28877514829061735,0.36298390604610703,0.3420544704064123,0.35463134445480976,6.132996885864823,0.22285772519942038
/home/cmantill/narrador-futbol/experiments/positions/grid_search_outputs/20260426_155024/runs/run_137_h192_objh256_te128_fu256_obj2_ff2_blocks5_drop0p1_lr0p001_wd0p0001,/home/cmantill/narrador-futbol/experiments/positions/grid_search_outputs/20260426_155024/runs/run_137_h192_objh256_te128_fu256_obj2_ff2_blocks5_drop0p1_lr0p001_wd0p0001/best_model.pt,128,256,192,256,2,2,5,0.1,0.001,0.0001,512,3,early_stopping_val_loss_overfit_patience_3,0.29677277071234287,0.2226592021624666,0.2866264021697546,0.42815716978396406,0.4049585615359529,0.40381751319079645,5.717085591068974,0.2226592021624666
/home/cmantill/narrador-futbol/experiments/positions/grid_search_outputs/20260426_155024/runs/run_211_h192_objh256_te128_fu256_obj2_ff4_blocks3_drop0p25_lr0p001_wd0p0005,/home/cmantill/narrador-futbol/experiments/positions/grid_search_outputs/20260426_155024/runs/run_211_h192_objh256_te128_fu256_obj2_ff4_blocks3_drop0p25_lr0p001_wd0p0005/best_model.pt,128,256,192,256,2,4,3,0.25,0.001,0.0005,512,4,early_stopping_val_loss_overfit_patience_3,0.2692788355509814,0.2226061909917214,0.27626440695373156,0.3737132086414383,0.3503711846073879,0.36190716408364226,4.910267494342945,0.2226061909917214
/home/cmantill/narrador-futbol/experiments/positions/grid_search_outputs/20260426_155024/runs/run_436_h256_objh384_te256_fu384_obj1_ff2_blocks4_drop0p25_lr0p0005_wd0p0005,/home/cmantill/narrador-futbol/experiments/positions/grid_search_outputs/20260426_155024/runs/run_436_h256_objh384_te256_fu384_obj1_ff2_blocks4_drop0p25_lr0p0005_wd0p0005/best_model.pt,256,384,256,384,1,2,4,0.25,0.0005,0.0005,512,1,early_stopping_val_macro_f1_patience_3,0.31515106961699624,0.2225701927122077,0.2944103497895821,0.3952443091199072,0.38198497508850365,0.3930727651070722,5.155990565264666,0.2225701927122077
/home/cmantill/narrador-futbol/experiments/positions/grid_search_outputs/20260426_155024/runs/run_033_h128_objh128_te64_fu128_obj1_ff4_blocks4_drop0p15_lr0p001_wd0p0001,/home/cmantill/narrador-futbol/experiments/positions/grid_search_outputs/20260426_155024/runs/run_033_h128_objh128_te64_fu128_obj1_ff4_blocks4_drop0p15_lr0p001_wd0p0001/best_model.pt,64,128,128,128,1,4,4,0.15,0.001,0.0001,512,3,early_stopping_val_loss_overfit_patience_3,0.2835403955009924,0.22243563674676473,0.2800841695368679,0.40851094678845873,0.3911095973854027,0.40301106854529,4.240035948929964,0.22243563674676473
/home/cmantill/narrador-futbol/experiments/positions/grid_search_outputs/20260426_155024/runs/run_072_h128_objh128_te64_fu128_obj2_ff4_blocks5_drop0p2_lr0p0005_wd0p0005,/home/cmantill/narrador-futbol/experiments/positions/grid_search_outputs/20260426_155024/runs/run_072_h128_objh128_te64_fu128_obj2_ff4_blocks5_drop0p2_lr0p0005_wd0p0005/best_model.pt,64,128,128,128,2,4,5,0.2,0.0005,0.0005,512,1,early_stopping_val_macro_f1_patience_3,0.2924354921708447,0.22128625278973188,0.28672970523412433,0.3622589531680441,0.35460014963923253,0.3439966890986482,4.400002382419728,0.22128625278973188
/home/cmantill/narrador-futbol/experiments/positions/grid_search_outputs/20260426_155024/runs/run_185_h192_objh256_te128_fu256_obj2_ff2_blocks5_drop0p2_lr0p001_wd0p0005,/home/cmantill/narrador-futbol/experiments/positions/grid_search_outputs/20260426_155024/runs/run_185_h192_objh256_te128_fu256_obj2_ff2_blocks5_drop0p2_lr0p001_wd0p0005/best_model.pt,128,256,192,256,2,2,5,0.2,0.001,0.0005,512,2,early_stopping_val_loss_overfit_patience_3,0.30008086451518046,0.22070163685106786,0.28579992711926283,0.41924024938379006,0.391221107803386,0.40065724928974883,5.93043609018679,0.22070163685106786
/home/cmantill/narrador-futbol/experiments/positions/grid_search_outputs/20260426_155024/runs/run_417_h256_objh384_te256_fu384_obj1_ff4_blocks4_drop0p2_lr0p001_wd0p0005,/home/cmantill/narrador-futbol/experiments/positions/grid_search_outputs/20260426_155024/runs/run_417_h256_objh384_te256_fu384_obj1_ff4_blocks4_drop0p2_lr0p001_wd0p0005/best_model.pt,256,384,256,384,1,4,4,0.2,0.001,0.0005,512,2,early_stopping_val_loss_overfit_patience_3,0.2933911637138866,0.22064904757518505,0.2891979554684225,0.420472669276497,0.40405450113366315,0.4072247213019495,6.516313764784071,0.22064904757518505
/home/cmantill/narrador-futbol/experiments/positions/grid_search_outputs/20260426_155024/runs/run_099_h128_objh128_te64_fu128_obj1_ff2_blocks4_drop0p3_lr0p001_wd0p001,/home/cmantill/narrador-futbol/experiments/positions/grid_search_outputs/20260426_155024/runs/run_099_h128_objh128_te64_fu128_obj1_ff2_blocks4_drop0p3_lr0p001_wd0p001/best_model.pt,64,128,128,128,1,2,4,0.3,0.001,0.001,512,1,early_stopping_val_macro_f1_patience_3,0.2963316915386312,0.21977421688604531,0.2818708067638021,0.4236624619399739,0.4004080607388697,0.3998863057557778,4.259820425951922,0.21977421688604531
/home/cmantill/narrador-futbol/experiments/positions/grid_search_outputs/20260426_155024/runs/run_447_h256_objh384_te256_fu384_obj2_ff2_blocks4_drop0p25_lr0p001_wd0p0005,/home/cmantill/narrador-futbol/experiments/positions/grid_search_outputs/20260426_155024/runs/run_447_h256_objh384_te256_fu384_obj2_ff2_blocks4_drop0p25_lr0p001_wd0p0005/best_model.pt,256,384,256,384,2,2,4,0.25,0.001,0.0005,512,4,early_stopping_val_loss_overfit_patience_3,0.3025067999705947,0.21960824152181596,0.29251210187369125,0.37095838770479916,0.34769624920471176,0.3623476150023611,6.143877718183729,0.21960824152181596
/home/cmantill/narrador-futbol/experiments/positions/grid_search_outputs/20260426_155024/runs/run_427_h256_objh384_te256_fu384_obj2_ff4_blocks3_drop0p2_lr0p001_wd0p0005,/home/cmantill/narrador-futbol/experiments/positions/grid_search_outputs/20260426_155024/runs/run_427_h256_objh384_te256_fu384_obj2_ff4_blocks3_drop0p2_lr0p001_wd0p0005/best_model.pt,256,384,256,384,2,4,3,0.2,0.001,0.0005,512,1,early_stopping_val_macro_f1_patience_3,0.3015511284275528,0.2191959652714737,0.2791151215493478,0.40039147455415397,0.38383835319360193,0.38960125207285234,6.162016453566374,0.2191959652714737
/home/cmantill/narrador-futbol/experiments/positions/grid_search_outputs/20260426_155024/runs/run_251_h256_objh256_te128_fu256_obj1_ff4_blocks5_drop0p1_lr0p001_wd0p0001,/home/cmantill/narrador-futbol/experiments/positions/grid_search_outputs/20260426_155024/runs/run_251_h256_objh256_te128_fu256_obj1_ff4_blocks5_drop0p1_lr0p001_wd0p0001/best_model.pt,128,256,256,256,1,4,5,0.1,0.001,0.0001,512,4,early_stopping_val_loss_overfit_patience_3,0.3061824597515254,0.21902396222735152,0.29238511835328085,0.4218500797448166,0.3857388740779589,0.4035071416483586,6.3151887346197055,0.21902396222735152
/home/cmantill/narrador-futbol/experiments/positions/grid_search_outputs/20260426_155024/runs/run_460_h256_objh384_te256_fu384_obj1_ff2_blocks4_drop0p3_lr0p0005_wd0p001,/home/cmantill/narrador-futbol/experiments/positions/grid_search_outputs/20260426_155024/runs/run_460_h256_objh384_te256_fu384_obj1_ff2_blocks4_drop0p3_lr0p0005_wd0p001/best_model.pt,256,384,256,384,1,2,4,0.3,0.0005,0.001,512,4,early_stopping_val_loss_overfit_patience_3,0.2675145188561347,0.21885680084878484,0.26035929447814304,0.3555893866898652,0.349681823970361,0.3532133557020604,5.065749186056632,0.21885680084878484
/home/cmantill/narrador-futbol/experiments/positions/grid_search_outputs/20260426_155024/runs/run_381_h256_objh384_te256_fu384_obj2_ff4_blocks4_drop0p1_lr0p001_wd0p0001,/home/cmantill/narrador-futbol/experiments/positions/grid_search_outputs/20260426_155024/runs/run_381_h256_objh384_te256_fu384_obj2_ff4_blocks4_drop0p1_lr0p001_wd0p0001/best_model.pt,256,384,256,384,2,4,4,0.1,0.001,0.0001,512,3,early_stopping_val_loss_overfit_patience_3,0.3034624715136367,0.21769733021410687,0.2902921288300357,0.3807452515586487,0.35905525105478187,0.3665965485907203,6.712901768860994,0.21769733021410687
/home/cmantill/narrador-futbol/experiments/positions/grid_search_outputs/20260426_155024/runs/run_418_h256_objh384_te256_fu384_obj1_ff4_blocks4_drop0p2_lr0p0005_wd0p0005,/home/cmantill/narrador-futbol/experiments/positions/grid_search_outputs/20260426_155024/runs/run_418_h256_objh384_te256_fu384_obj1_ff4_blocks4_drop0p2_lr0p0005_wd0p0005/best_model.pt,256,384,256,384,1,4,4,0.2,0.0005,0.0005,512,2,early_stopping_val_loss_overfit_patience_3,0.27221936337572594,0.2176900490230353,0.2626916956742811,0.3768305060171089,0.3601750598524704,0.3655551137044753,5.784262886753789,0.2176900490230353
/home/cmantill/narrador-futbol/experiments/positions/grid_search_outputs/20260426_155024/runs/run_397_h256_objh384_te256_fu384_obj2_ff2_blocks3_drop0p15_lr0p001_wd0p0001,/home/cmantill/narrador-futbol/experiments/positions/grid_search_outputs/20260426_155024/runs/run_397_h256_objh384_te256_fu384_obj2_ff2_blocks3_drop0p15_lr0p001_wd0p0001/best_model.pt,256,384,256,384,2,2,3,0.15,0.001,0.0001,512,4,early_stopping_val_loss_overfit_patience_3,0.3005954568845108,0.21738973333940864,0.2761864447401087,0.40437871538350006,0.372564260678316,0.3890341901301041,6.194884838881316,0.21738973333940864
/home/cmantill/narrador-futbol/experiments/positions/grid_search_outputs/20260426_155024/runs/run_249_h256_objh256_te128_fu256_obj1_ff4_blocks4_drop0p1_lr0p001_wd0p0001,/home/cmantill/narrador-futbol/experiments/positions/grid_search_outputs/20260426_155024/runs/run_249_h256_objh256_te128_fu256_obj1_ff4_blocks4_drop0p1_lr0p001_wd0p0001/best_model.pt,128,256,256,256,1,4,4,0.1,0.001,0.0001,512,2,early_stopping_val_loss_overfit_patience_3,0.26619128133499964,0.2169949035848867,0.25773639618773186,0.3863273887197332,0.3631378387288665,0.37151302597401137,5.852337130793819,0.2169949035848867
/home/cmantill/narrador-futbol/experiments/positions/grid_search_outputs/20260426_155024/runs/run_159_h192_objh256_te128_fu256_obj2_ff2_blocks4_drop0p15_lr0p001_wd0p0001,/home/cmantill/narrador-futbol/experiments/positions/grid_search_outputs/20260426_155024/runs/run_159_h192_objh256_te128_fu256_obj2_ff2_blocks4_drop0p15_lr0p001_wd0p0001/best_model.pt,128,256,192,256,2,2,4,0.15,0.001,0.0001,512,4,early_stopping_val_loss_overfit_patience_3,0.28471660663089027,0.21672878289085198,0.27830531039921824,0.38386254893431926,0.36368181802595245,0.36991792335579693,6.104973060113412,0.21672878289085198
/home/cmantill/narrador-futbol/experiments/positions/grid_search_outputs/20260426_155024/runs/run_101_h128_objh128_te64_fu128_obj1_ff2_blocks5_drop0p3_lr0p001_wd0p001,/home/cmantill/narrador-futbol/experiments/positions/grid_search_outputs/20260426_155024/runs/run_101_h128_objh128_te64_fu128_obj1_ff2_blocks5_drop0p3_lr0p001_wd0p001/best_model.pt,64,128,128,128,1,2,5,0.3,0.001,0.001,512,1,early_stopping_val_macro_f1_patience_3,0.3051532750128648,0.2161775261212725,0.2792838467085658,0.3913295635783674,0.36838146618043854,0.3693103439101953,4.046050292474252,0.2161775261212725
/home/cmantill/narrador-futbol/experiments/positions/grid_search_outputs/20260426_155024/runs/run_175_h192_objh256_te128_fu256_obj1_ff4_blocks3_drop0p2_lr0p001_wd0p0005,/home/cmantill/narrador-futbol/experiments/positions/grid_search_outputs/20260426_155024/runs/run_175_h192_objh256_te128_fu256_obj1_ff4_blocks3_drop0p2_lr0p001_wd0p0005/best_model.pt,128,256,192,256,1,4,3,0.2,0.001,0.0005,512,4,early_stopping_val_loss_overfit_patience_3,0.3012570756450783,0.215410187366436,0.2911003970397791,0.4032912860664057,0.37717466058464966,0.38760958126570694,5.998422869929561,0.215410187366436
/home/cmantill/narrador-futbol/experiments/positions/grid_search_outputs/20260426_155024/runs/run_451_h256_objh384_te256_fu384_obj2_ff4_blocks3_drop0p25_lr0p001_wd0p0005,/home/cmantill/narrador-futbol/experiments/positions/grid_search_outputs/20260426_155024/runs/run_451_h256_objh384_te256_fu384_obj2_ff4_blocks3_drop0p25_lr0p001_wd0p0005/best_model.pt,256,384,256,384,2,4,3,0.25,0.001,0.0005,512,4,early_stopping_val_loss_overfit_patience_3,0.30787326325075354,0.21538693149727156,0.2928533610978428,0.362476439031463,0.32971960024582025,0.34495330147270487,6.520527557090476,0.21538693149727156
/home/cmantill/narrador-futbol/experiments/positions/grid_search_outputs/20260426_155024/runs/run_480_h256_objh384_te256_fu384_obj2_ff4_blocks5_drop0p3_lr0p0005_wd0p001,/home/cmantill/narrador-futbol/experiments/positions/grid_search_outputs/20260426_155024/runs/run_480_h256_objh384_te256_fu384_obj2_ff4_blocks5_drop0p3_lr0p0005_wd0p001/best_model.pt,256,384,256,384,2,4,5,0.3,0.0005,0.001,512,4,early_stopping_val_loss_overfit_patience_3,0.2867749761082114,0.21492315263438194,0.2824950078761361,0.4206901551399159,0.3969699221839811,0.41009023031848213,5.3415540236013905,0.21492315263438194
/home/cmantill/narrador-futbol/experiments/positions/grid_search_outputs/20260426_155024/runs/run_363_h256_objh384_te256_fu384_obj1_ff2_blocks4_drop0p1_lr0p001_wd0p0001,/home/cmantill/narrador-futbol/experiments/positions/grid_search_outputs/20260426_155024/runs/run_363_h256_objh384_te256_fu384_obj1_ff2_blocks4_drop0p1_lr0p001_wd0p0001/best_model.pt,256,384,256,384,1,2,4,0.1,0.001,0.0001,512,1,early_stopping_val_macro_f1_patience_3,0.29133279423656544,0.2144482171768396,0.27424913181571314,0.4168479048861824,0.3958383773598039,0.40228530655757233,6.034684728693079,0.2144482171768396
/home/cmantill/narrador-futbol/experiments/positions/grid_search_outputs/20260426_155024/runs/run_341_h256_objh256_te128_fu256_obj1_ff2_blocks5_drop0p3_lr0p001_wd0p001,/home/cmantill/narrador-futbol/experiments/positions/grid_search_outputs/20260426_155024/runs/run_341_h256_objh256_te128_fu256_obj1_ff2_blocks5_drop0p3_lr0p001_wd0p001/best_model.pt,128,256,256,256,1,2,5,0.3,0.001,0.001,512,2,early_stopping_val_loss_overfit_patience_3,0.29831654782033373,0.21420085485007703,0.2838558244606639,0.41242569232999854,0.3916711765325957,0.3975808305496267,5.8580611105318425,0.21420085485007703
/home/cmantill/narrador-futbol/experiments/positions/grid_search_outputs/20260426_155024/runs/run_187_h192_objh256_te128_fu256_obj2_ff4_blocks3_drop0p2_lr0p001_wd0p0005,/home/cmantill/narrador-futbol/experiments/positions/grid_search_outputs/20260426_155024/runs/run_187_h192_objh256_te128_fu256_obj2_ff4_blocks3_drop0p2_lr0p001_wd0p0005/best_model.pt,128,256,192,256,2,4,3,0.2,0.001,0.0005,512,2,early_stopping_val_loss_overfit_patience_3,0.28515768580460193,0.21409975256563685,0.2795713584516431,0.4069160504567203,0.38808778106339825,0.4006327723288447,5.33761442149127,0.21409975256563685
/home/cmantill/narrador-futbol/experiments/positions/grid_search_outputs/20260426_155024/runs/run_079_h128_objh128_te64_fu128_obj1_ff4_blocks3_drop0p25_lr0p001_wd0p0005,/home/cmantill/narrador-futbol/experiments/positions/grid_search_outputs/20260426_155024/runs/run_079_h128_objh128_te64_fu128_obj1_ff4_blocks3_drop0p25_lr0p001_wd0p0005/best_model.pt,64,128,128,128,1,4,3,0.25,0.001,0.0005,512,4,early_stopping_val_loss_overfit_patience_3,0.2745717856355216,0.2140627852279809,0.2754202503226749,0.39546179498332606,0.3845900486018651,0.387237649289832,4.407902382038258,0.2140627852279809
/home/cmantill/narrador-futbol/experiments/positions/grid_search_outputs/20260426_155024/runs/run_080_h128_objh128_te64_fu128_obj1_ff4_blocks3_drop0p25_lr0p0005_wd0p0005,/home/cmantill/narrador-futbol/experiments/positions/grid_search_outputs/20260426_155024/runs/run_080_h128_objh128_te64_fu128_obj1_ff4_blocks3_drop0p25_lr0p0005_wd0p0005/best_model.pt,64,128,128,128,1,4,3,0.25,0.0005,0.0005,512,4,early_stopping_val_loss_overfit_patience_3,0.28427552745717855,0.21384374255194197,0.2795713024498212,0.4161954472959258,0.3931264820517493,0.40432824948513196,4.063634934248747,0.21384374255194197
/home/cmantill/narrador-futbol/experiments/positions/grid_search_outputs/20260426_155024/runs/run_311_h256_objh256_te128_fu256_obj2_ff4_blocks5_drop0p2_lr0p001_wd0p0005,/home/cmantill/narrador-futbol/experiments/positions/grid_search_outputs/20260426_155024/runs/run_311_h256_objh256_te128_fu256_obj2_ff4_blocks5_drop0p2_lr0p001_wd0p0005/best_model.pt,128,256,256,256,2,4,5,0.2,0.001,0.0005,512,2,early_stopping_val_loss_overfit_patience_3,0.2867749761082114,0.21367262727594455,0.27579080471651957,0.34101783384080037,0.31499748621841783,0.3345014185068414,5.446549353776155,0.21367262727594455
/home/cmantill/narrador-futbol/experiments/positions/grid_search_outputs/20260426_155024/runs/run_437_h256_objh384_te256_fu384_obj1_ff2_blocks5_drop0p25_lr0p001_wd0p0005,/home/cmantill/narrador-futbol/experiments/positions/grid_search_outputs/20260426_155024/runs/run_437_h256_objh384_te256_fu384_obj1_ff2_blocks5_drop0p25_lr0p001_wd0p0005/best_model.pt,256,384,256,384,1,2,5,0.25,0.001,0.0005,512,1,early_stopping_val_macro_f1_patience_3,0.27714474748217305,0.21141009755416748,0.2739284629104005,0.4201101928374656,0.3915490179286701,0.4026919566306798,5.774462717550772,0.21141009755416748
/home/cmantill/narrador-futbol/experiments/positions/grid_search_outputs/20260426_155024/runs/run_407_h256_objh384_te256_fu384_obj2_ff4_blocks5_drop0p15_lr0p001_wd0p0001,/home/cmantill/narrador-futbol/experiments/positions/grid_search_outputs/20260426_155024/runs/run_407_h256_objh384_te256_fu384_obj2_ff4_blocks5_drop0p15_lr0p001_wd0p0001/best_model.pt,256,384,256,384,2,4,5,0.15,0.001,0.0001,512,4,early_stopping_val_loss_overfit_patience_3,0.29618466514739394,0.21123236034820853,0.27988617579310177,0.33710308829926056,0.30202231750349195,0.3234287737977285,6.948703130086263,0.21123236034820853
/home/cmantill/narrador-futbol/experiments/positions/grid_search_outputs/20260426_155024/runs/run_297_h256_objh256_te128_fu256_obj1_ff4_blocks4_drop0p2_lr0p001_wd0p0005,/home/cmantill/narrador-futbol/experiments/positions/grid_search_outputs/20260426_155024/runs/run_297_h256_objh256_te128_fu256_obj1_ff4_blocks4_drop0p2_lr0p001_wd0p0005/best_model.pt,128,256,256,256,1,4,4,0.2,0.001,0.0005,512,3,early_stopping_val_loss_overfit_patience_3,0.284569580239653,0.21051053260063976,0.27384002117105005,0.424677395969262,0.389023990052566,0.40381951158969015,5.517319255405003,0.21051053260063976
/home/cmantill/narrador-futbol/experiments/positions/grid_search_outputs/20260426_155024/runs/run_413_h256_objh384_te256_fu384_obj1_ff2_blocks5_drop0p2_lr0p001_wd0p0005,/home/cmantill/narrador-futbol/experiments/positions/grid_search_outputs/20260426_155024/runs/run_413_h256_objh384_te256_fu384_obj1_ff2_blocks5_drop0p2_lr0p001_wd0p0005/best_model.pt,256,384,256,384,1,2,5,0.2,0.001,0.0005,512,4,early_stopping_val_loss_overfit_patience_3,0.28692200249944866,0.2102156178232275,0.2749582943226881,0.39285196462229954,0.355763193073642,0.37442370843068645,6.530002399727151,0.2102156178232275
/home/cmantill/narrador-futbol/experiments/positions/grid_search_outputs/20260426_155024/runs/run_329_h256_objh256_te128_fu256_obj2_ff2_blocks5_drop0p25_lr0p001_wd0p0005,/home/cmantill/narrador-futbol/experiments/positions/grid_search_outputs/20260426_155024/runs/run_329_h256_objh256_te128_fu256_obj2_ff2_blocks5_drop0p25_lr0p001_wd0p0005/best_model.pt,128,256,256,256,2,2,5,0.25,0.001,0.0005,512,1,early_stopping_val_macro_f1_patience_3,0.30169815481879,0.2100541194398858,0.2796384280032829,0.3539219950703204,0.32375504667911426,0.3243196373118116,4.760615984598796,0.2100541194398858
/home/cmantill/narrador-futbol/experiments/positions/grid_search_outputs/20260426_155024/runs/run_387_h256_objh384_te256_fu384_obj1_ff2_blocks4_drop0p15_lr0p001_wd0p0001,/home/cmantill/narrador-futbol/experiments/positions/grid_search_outputs/20260426_155024/runs/run_387_h256_objh384_te256_fu384_obj1_ff2_blocks4_drop0p15_lr0p001_wd0p0001/best_model.pt,256,384,256,384,1,2,4,0.15,0.001,0.0001,512,4,early_stopping_val_loss_overfit_patience_3,0.29067117547599797,0.20982728676661855,0.28804845709387505,0.3697259678120922,0.3458040924836184,0.351109922112009,6.539071612887913,0.20982728676661855
/home/cmantill/narrador-futbol/experiments/positions/grid_search_outputs/20260426_155024/runs/run_382_h256_objh384_te256_fu384_obj2_ff4_blocks4_drop0p1_lr0p0005_wd0p0001,/home/cmantill/narrador-futbol/experiments/positions/grid_search_outputs/20260426_155024/runs/run_382_h256_objh384_te256_fu384_obj2_ff4_blocks4_drop0p1_lr0p0005_wd0p0001/best_model.pt,256,384,256,384,2,4,4,0.1,0.0005,0.0001,512,2,early_stopping_val_loss_overfit_patience_3,0.28714254208630446,0.20957968130209062,0.2751720140642433,0.36740611860229083,0.3512356770259006,0.35802921059170845,6.791104422675239,0.20957968130209062
/home/cmantill/narrador-futbol/experiments/positions/grid_search_outputs/20260426_155024/runs/run_339_h256_objh256_te128_fu256_obj1_ff2_blocks4_drop0p3_lr0p001_wd0p001,/home/cmantill/narrador-futbol/experiments/positions/grid_search_outputs/20260426_155024/runs/run_339_h256_objh256_te128_fu256_obj1_ff2_blocks4_drop0p3_lr0p001_wd0p001/best_model.pt,128,256,256,256,1,2,4,0.3,0.001,0.001,512,1,early_stopping_val_macro_f1_patience_3,0.308534882011321,0.20868870289278116,0.2878688018466476,0.41206321589096706,0.36908669028125807,0.39330210824180606,5.828052132217972,0.20868870289278116
/home/cmantill/narrador-futbol/experiments/positions/grid_search_outputs/20260426_155024/runs/run_465_h256_objh384_te256_fu384_obj1_ff4_blocks4_drop0p3_lr0p001_wd0p001,/home/cmantill/narrador-futbol/experiments/positions/grid_search_outputs/20260426_155024/runs/run_465_h256_objh384_te256_fu384_obj1_ff4_blocks4_drop0p3_lr0p001_wd0p001/best_model.pt,256,384,256,384,1,4,4,0.3,0.001,0.001,512,1,early_stopping_val_macro_f1_patience_3,0.2876571344556348,0.20706023737132967,0.26246436342874396,0.4357691750036248,0.40966157341754356,0.41088209518685814,6.005217640488236,0.20706023737132967
/home/cmantill/narrador-futbol/experiments/positions/grid_search_outputs/20260426_155024/runs/run_393_h256_objh384_te256_fu384_obj1_ff4_blocks4_drop0p15_lr0p001_wd0p0001,/home/cmantill/narrador-futbol/experiments/positions/grid_search_outputs/20260426_155024/runs/run_393_h256_objh384_te256_fu384_obj1_ff4_blocks4_drop0p15_lr0p001_wd0p0001/best_model.pt,256,384,256,384,1,4,4,0.15,0.001,0.0001,512,2,early_stopping_val_loss_overfit_patience_3,0.284569580239653,0.206734040957067,0.27684327508026535,0.379585326953748,0.36209378429304867,0.37180614165099535,6.498646012058964,0.206734040957067
/home/cmantill/narrador-futbol/experiments/positions/grid_search_outputs/20260426_155024/runs/run_335_h256_objh256_te128_fu256_obj2_ff4_blocks5_drop0p25_lr0p001_wd0p0005,/home/cmantill/narrador-futbol/experiments/positions/grid_search_outputs/20260426_155024/runs/run_335_h256_objh256_te128_fu256_obj2_ff4_blocks5_drop0p25_lr0p001_wd0p0005/best_model.pt,128,256,256,256,2,4,5,0.25,0.001,0.0005,512,1,early_stopping_val_macro_f1_patience_3,0.31088730427111666,0.20128691770759446,0.28960353872835864,0.4367116137451066,0.4095749956184846,0.41920320896809327,4.443396135612771,0.20128691770759446
/home/cmantill/narrador-futbol/experiments/positions/grid_search_outputs/20260426_155024/runs/run_391_h256_objh384_te256_fu384_obj1_ff4_blocks3_drop0p15_lr0p001_wd0p0001,/home/cmantill/narrador-futbol/experiments/positions/grid_search_outputs/20260426_155024/runs/run_391_h256_objh384_te256_fu384_obj1_ff4_blocks3_drop0p15_lr0p001_wd0p0001/best_model.pt,256,384,256,384,1,4,3,0.15,0.001,0.0001,512,4,early_stopping_val_loss_overfit_patience_3,0.26295670072778066,0.2009879203772977,0.2652845727945003,0.4578077424967377,0.42837566697268975,0.43894088270232035,6.523009459177653,0.2009879203772977
/home/cmantill/narrador-futbol/experiments/positions/grid_search_outputs/20260426_155024/runs/run_429_h256_objh384_te256_fu384_obj2_ff4_blocks4_drop0p2_lr0p001_wd0p0005,/home/cmantill/narrador-futbol/experiments/positions/grid_search_outputs/20260426_155024/runs/run_429_h256_objh384_te256_fu384_obj2_ff4_blocks4_drop0p2_lr0p001_wd0p0005/best_model.pt,256,384,256,384,2,4,4,0.2,0.001,0.0005,512,2,early_stopping_val_loss_overfit_patience_3,0.2775858266558847,0.20024348896803562,0.26381600088089846,0.3806727562708424,0.3435906854875769,0.36851371165920754,7.027887768215603,0.20024348896803562
/home/cmantill/narrador-futbol/experiments/positions/grid_search_outputs/20260426_155024/runs/run_405_h256_objh384_te256_fu384_obj2_ff4_blocks4_drop0p15_lr0p001_wd0p0001,/home/cmantill/narrador-futbol/experiments/positions/grid_search_outputs/20260426_155024/runs/run_405_h256_objh384_te256_fu384_obj2_ff4_blocks4_drop0p15_lr0p001_wd0p0001/best_model.pt,256,384,256,384,2,4,4,0.15,0.001,0.0001,512,4,early_stopping_val_loss_overfit_patience_3,0.2606777916636036,0.19316662363980622,0.2544294428841996,0.339930404523706,0.33101502489961104,0.3389044838587724,7.135978071777909,0.19316662363980622
